v 0.1500 0.1500 0.0000
v 0.1439 0.1500 -0.0423
v 0.1262 0.1500 -0.0811
v 0.0982 0.1500 -0.1134
v 0.0623 0.1500 -0.1364
v 0.0213 0.1500 -0.1485
v -0.0213 0.1500 -0.1485
v -0.0623 0.1500 -0.1364
v -0.0982 0.1500 -0.1134
v -0.1262 0.1500 -0.0811
v -0.1439 0.1500 -0.0423
v -0.1500 0.1500 -0.0000
v -0.1439 0.1500 0.0423
v -0.1262 0.1500 0.0811
v -0.0982 0.1500 0.1134
v -0.0623 0.1500 0.1364
v -0.0213 0.1500 0.1485
v 0.0213 0.1500 0.1485
v 0.0623 0.1500 0.1364
v 0.0982 0.1500 0.1134
v 0.1262 0.1500 0.0811
v 0.1439 0.1500 0.0423
v 0.1496 0.1561 0.0000
v 0.1436 0.1561 -0.0422
v 0.1259 0.1561 -0.0809
v 0.0980 0.1561 -0.1131
v 0.0622 0.1561 -0.1361
v 0.0213 0.1561 -0.1481
v -0.0213 0.1561 -0.1481
v -0.0622 0.1561 -0.1361
v -0.0980 0.1561 -0.1131
v -0.1259 0.1561 -0.0809
v -0.1436 0.1561 -0.0422
v -0.1496 0.1561 -0.0000
v -0.1436 0.1561 0.0422
v -0.1259 0.1561 0.0809
v -0.0980 0.1561 0.1131
v -0.0622 0.1561 0.1361
v -0.0213 0.1561 0.1481
v 0.0213 0.1561 0.1481
v 0.0622 0.1561 0.1361
v 0.0980 0.1561 0.1131
v 0.1259 0.1561 0.0809
v 0.1436 0.1561 0.0422
v 0.1493 0.1682 0.0000
v 0.1432 0.1682 -0.0421
v 0.1256 0.1682 -0.0807
v 0.0978 0.1682 -0.1128
v 0.0620 0.1682 -0.1358
v 0.0212 0.1682 -0.1478
v -0.0212 0.1682 -0.1478
v -0.0620 0.1682 -0.1358
v -0.0978 0.1682 -0.1128
v -0.1256 0.1682 -0.0807
v -0.1432 0.1682 -0.0421
v -0.1493 0.1682 -0.0000
v -0.1432 0.1682 0.0421
v -0.1256 0.1682 0.0807
v -0.0978 0.1682 0.1128
v -0.0620 0.1682 0.1358
v -0.0212 0.1682 0.1478
v 0.0212 0.1682 0.1478
v 0.0620 0.1682 0.1358
v 0.0978 0.1682 0.1128
v 0.1256 0.1682 0.0807
v 0.1432 0.1682 0.0421
v 0.1489 0.1863 0.0000
v 0.1429 0.1863 -0.0420
v 0.1253 0.1863 -0.0805
v 0.0975 0.1863 -0.1125
v 0.0619 0.1863 -0.1355
v 0.0212 0.1863 -0.1474
v -0.0212 0.1863 -0.1474
v -0.0619 0.1863 -0.1355
v -0.0975 0.1863 -0.1125
v -0.1253 0.1863 -0.0805
v -0.1429 0.1863 -0.0420
v -0.1489 0.1863 -0.0000
v -0.1429 0.1863 0.0420
v -0.1253 0.1863 0.0805
v -0.0975 0.1863 0.1125
v -0.0619 0.1863 0.1355
v -0.0212 0.1863 0.1474
v 0.0212 0.1863 0.1474
v 0.0619 0.1863 0.1355
v 0.0975 0.1863 0.1125
v 0.1253 0.1863 0.0805
v 0.1429 0.1863 0.0420
v 0.1486 0.2105 0.0000
v 0.1425 0.2105 -0.0419
v 0.1250 0.2105 -0.0803
v 0.0973 0.2105 -0.1123
v 0.0617 0.2105 -0.1351
v 0.0211 0.2105 -0.1470
v -0.0211 0.2105 -0.1470
v -0.0617 0.2105 -0.1351
v -0.0973 0.2105 -0.1123
v -0.1250 0.2105 -0.0803
v -0.1425 0.2105 -0.0419
v -0.1486 0.2105 -0.0000
v -0.1425 0.2105 0.0419
v -0.1250 0.2105 0.0803
v -0.0973 0.2105 0.1123
v -0.0617 0.2105 0.1351
v -0.0211 0.2105 0.1470
v 0.0211 0.2105 0.1470
v 0.0617 0.2105 0.1351
v 0.0973 0.2105 0.1123
v 0.1250 0.2105 0.0803
v 0.1425 0.2105 0.0419
v 0.1482 0.2408 0.0000
v 0.1422 0.2408 -0.0418
v 0.1247 0.2408 -0.0801
v 0.0970 0.2408 -0.1120
v 0.0616 0.2408 -0.1348
v 0.0211 0.2408 -0.1467
v -0.0211 0.2408 -0.1467
v -0.0616 0.2408 -0.1348
v -0.0970 0.2408 -0.1120
v -0.1247 0.2408 -0.0801
v -0.1422 0.2408 -0.0418
v -0.1482 0.2408 -0.0000
v -0.1422 0.2408 0.0418
v -0.1247 0.2408 0.0801
v -0.0970 0.2408 0.1120
v -0.0616 0.2408 0.1348
v -0.0211 0.2408 0.1467
v 0.0211 0.2408 0.1467
v 0.0616 0.2408 0.1348
v 0.0970 0.2408 0.1120
v 0.1247 0.2408 0.0801
v 0.1422 0.2408 0.0418
v 0.1478 0.2771 0.0000
v 0.1418 0.2771 -0.0417
v 0.1244 0.2771 -0.0799
v 0.0968 0.2771 -0.1117
v 0.0614 0.2771 -0.1345
v 0.0210 0.2771 -0.1463
v -0.0210 0.2771 -0.1463
v -0.0614 0.2771 -0.1345
v -0.0968 0.2771 -0.1117
v -0.1244 0.2771 -0.0799
v -0.1418 0.2771 -0.0417
v -0.1478 0.2771 -0.0000
v -0.1418 0.2771 0.0417
v -0.1244 0.2771 0.0799
v -0.0968 0.2771 0.1117
v -0.0614 0.2771 0.1345
v -0.0210 0.2771 0.1463
v 0.0210 0.2771 0.1463
v 0.0614 0.2771 0.1345
v 0.0968 0.2771 0.1117
v 0.1244 0.2771 0.0799
v 0.1418 0.2771 0.0417
v 0.1475 0.3195 0.0000
v 0.1415 0.3195 -0.0415
v 0.1241 0.3195 -0.0797
v 0.0966 0.3195 -0.1115
v 0.0613 0.3195 -0.1342
v 0.0210 0.3195 -0.1460
v -0.0210 0.3195 -0.1460
v -0.0613 0.3195 -0.1342
v -0.0966 0.3195 -0.1115
v -0.1241 0.3195 -0.0797
v -0.1415 0.3195 -0.0415
v -0.1475 0.3195 -0.0000
v -0.1415 0.3195 0.0415
v -0.1241 0.3195 0.0797
v -0.0966 0.3195 0.1115
v -0.0613 0.3195 0.1342
v -0.0210 0.3195 0.1460
v 0.0210 0.3195 0.1460
v 0.0613 0.3195 0.1342
v 0.0966 0.3195 0.1115
v 0.1241 0.3195 0.0797
v 0.1415 0.3195 0.0415
v 0.1471 0.3680 0.0000
v 0.1412 0.3680 -0.0414
v 0.1238 0.3680 -0.0795
v 0.0963 0.3680 -0.1112
v 0.0611 0.3680 -0.1338
v 0.0209 0.3680 -0.1456
v -0.0209 0.3680 -0.1456
v -0.0611 0.3680 -0.1338
v -0.0963 0.3680 -0.1112
v -0.1238 0.3680 -0.0795
v -0.1412 0.3680 -0.0414
v -0.1471 0.3680 -0.0000
v -0.1412 0.3680 0.0414
v -0.1238 0.3680 0.0795
v -0.0963 0.3680 0.1112
v -0.0611 0.3680 0.1338
v -0.0209 0.3680 0.1456
v 0.0209 0.3680 0.1456
v 0.0611 0.3680 0.1338
v 0.0963 0.3680 0.1112
v 0.1238 0.3680 0.0795
v 0.1412 0.3680 0.0414
v 0.1468 0.4225 0.0000
v 0.1408 0.4225 -0.0413
v 0.1235 0.4225 -0.0793
v 0.0961 0.4225 -0.1109
v 0.0610 0.4225 -0.1335
v 0.0209 0.4225 -0.1453
v -0.0209 0.4225 -0.1453
v -0.0610 0.4225 -0.1335
v -0.0961 0.4225 -0.1109
v -0.1235 0.4225 -0.0793
v -0.1408 0.4225 -0.0413
v -0.1468 0.4225 -0.0000
v -0.1408 0.4225 0.0413
v -0.1235 0.4225 0.0793
v -0.0961 0.4225 0.1109
v -0.0610 0.4225 0.1335
v -0.0209 0.4225 0.1453
v 0.0209 0.4225 0.1453
v 0.0610 0.4225 0.1335
v 0.0961 0.4225 0.1109
v 0.1235 0.4225 0.0793
v 0.1408 0.4225 0.0413
v 0.1464 0.4830 0.0000
v 0.1405 0.4830 -0.0412
v 0.1232 0.4830 -0.0791
v 0.0959 0.4830 -0.1106
v 0.0608 0.4830 -0.1332
v 0.0208 0.4830 -0.1449
v -0.0208 0.4830 -0.1449
v -0.0608 0.4830 -0.1332
v -0.0959 0.4830 -0.1106
v -0.1232 0.4830 -0.0791
v -0.1405 0.4830 -0.0412
v -0.1464 0.4830 -0.0000
v -0.1405 0.4830 0.0412
v -0.1232 0.4830 0.0791
v -0.0959 0.4830 0.1106
v -0.0608 0.4830 0.1332
v -0.0208 0.4830 0.1449
v 0.0208 0.4830 0.1449
v 0.0608 0.4830 0.1332
v 0.0959 0.4830 0.1106
v 0.1232 0.4830 0.0791
v 0.1405 0.4830 0.0412
v 0.1460 0.5496 0.0000
v 0.1401 0.5496 -0.0411
v 0.1229 0.5496 -0.0790
v 0.0956 0.5496 -0.1104
v 0.0607 0.5496 -0.1328
v 0.0208 0.5496 -0.1445
v -0.0208 0.5496 -0.1445
v -0.0607 0.5496 -0.1328
v -0.0956 0.5496 -0.1104
v -0.1229 0.5496 -0.0790
v -0.1401 0.5496 -0.0411
v -0.1460 0.5496 -0.0000
v -0.1401 0.5496 0.0411
v -0.1229 0.5496 0.0790
v -0.0956 0.5496 0.1104
v -0.0607 0.5496 0.1328
v -0.0208 0.5496 0.1445
v 0.0208 0.5496 0.1445
v 0.0607 0.5496 0.1328
v 0.0956 0.5496 0.1104
v 0.1229 0.5496 0.0790
v 0.1401 0.5496 0.0411
v 0.1457 0.6223 0.0000
v 0.1398 0.6223 -0.0410
v 0.1226 0.6223 -0.0788
v 0.0954 0.6223 -0.1101
v 0.0605 0.6223 -0.1325
v 0.0207 0.6223 -0.1442
v -0.0207 0.6223 -0.1442
v -0.0605 0.6223 -0.1325
v -0.0954 0.6223 -0.1101
v -0.1226 0.6223 -0.0788
v -0.1398 0.6223 -0.0410
v -0.1457 0.6223 -0.0000
v -0.1398 0.6223 0.0410
v -0.1226 0.6223 0.0788
v -0.0954 0.6223 0.1101
v -0.0605 0.6223 0.1325
v -0.0207 0.6223 0.1442
v 0.0207 0.6223 0.1442
v 0.0605 0.6223 0.1325
v 0.0954 0.6223 0.1101
v 0.1226 0.6223 0.0788
v 0.1398 0.6223 0.0410
v 0.1453 0.7010 0.0000
v 0.1394 0.7010 -0.0409
v 0.1222 0.7010 -0.0786
v 0.0952 0.7010 -0.1098
v 0.0604 0.7010 -0.1322
v 0.0207 0.7010 -0.1438
v -0.0207 0.7010 -0.1438
v -0.0604 0.7010 -0.1322
v -0.0952 0.7010 -0.1098
v -0.1222 0.7010 -0.0786
v -0.1394 0.7010 -0.0409
v -0.1453 0.7010 -0.0000
v -0.1394 0.7010 0.0409
v -0.1222 0.7010 0.0786
v -0.0952 0.7010 0.1098
v -0.0604 0.7010 0.1322
v -0.0207 0.7010 0.1438
v 0.0207 0.7010 0.1438
v 0.0604 0.7010 0.1322
v 0.0952 0.7010 0.1098
v 0.1222 0.7010 0.0786
v 0.1394 0.7010 0.0409
v 0.1450 0.7857 0.0000
v 0.1391 0.7857 -0.0408
v 0.1219 0.7857 -0.0784
v 0.0949 0.7857 -0.1095
v 0.0602 0.7857 -0.1319
v 0.0206 0.7857 -0.1435
v -0.0206 0.7857 -0.1435
v -0.0602 0.7857 -0.1319
v -0.0949 0.7857 -0.1095
v -0.1219 0.7857 -0.0784
v -0.1391 0.7857 -0.0408
v -0.1450 0.7857 -0.0000
v -0.1391 0.7857 0.0408
v -0.1219 0.7857 0.0784
v -0.0949 0.7857 0.1095
v -0.0602 0.7857 0.1319
v -0.0206 0.7857 0.1435
v 0.0206 0.7857 0.1435
v 0.0602 0.7857 0.1319
v 0.0949 0.7857 0.1095
v 0.1219 0.7857 0.0784
v 0.1391 0.7857 0.0408
v 0.1446 0.8766 0.0000
v 0.1387 0.8766 -0.0407
v 0.1216 0.8766 -0.0782
v 0.0947 0.8766 -0.1093
v 0.0601 0.8766 -0.1315
v 0.0206 0.8766 -0.1431
v -0.0206 0.8766 -0.1431
v -0.0601 0.8766 -0.1315
v -0.0947 0.8766 -0.1093
v -0.1216 0.8766 -0.0782
v -0.1387 0.8766 -0.0407
v -0.1446 0.8766 -0.0000
v -0.1387 0.8766 0.0407
v -0.1216 0.8766 0.0782
v -0.0947 0.8766 0.1093
v -0.0601 0.8766 0.1315
v -0.0206 0.8766 0.1431
v 0.0206 0.8766 0.1431
v 0.0601 0.8766 0.1315
v 0.0947 0.8766 0.1093
v 0.1216 0.8766 0.0782
v 0.1387 0.8766 0.0407
v 0.1442 0.9734 0.0000
v 0.1384 0.9737 -0.0406
v 0.1213 0.9739 -0.0780
v 0.0945 0.9741 -0.1090
v 0.0599 0.9743 -0.1312
v 0.0205 0.9743 -0.1428
v -0.0205 0.9743 -0.1428
v -0.0599 0.9743 -0.1312
v -0.0945 0.9741 -0.1090
v -0.1213 0.9739 -0.0780
v -0.1384 0.9737 -0.0406
v -0.1442 0.9734 -0.0000
v -0.1384 0.9732 0.0406
v -0.1213 0.9729 0.0780
v -0.0945 0.9727 0.1090
v -0.0599 0.9726 0.1312
v -0.0205 0.9725 0.1428
v 0.0205 0.9725 0.1428
v 0.0599 0.9726 0.1312
v 0.0945 0.9727 0.1090
v 0.1213 0.9729 0.0780
v 0.1384 0.9732 0.0406
v 0.1439 1.0656 0.0006
v 0.1380 1.0662 -0.0399
v 0.1210 1.0667 -0.0772
v 0.0942 1.0671 -0.1081
v 0.0598 1.0674 -0.1303
v 0.0205 1.0675 -0.1418
v -0.0205 1.0675 -0.1418
v -0.0598 1.0674 -0.1303
v -0.0942 1.0671 -0.1081
v -0.1210 1.0667 -0.0772
v -0.1380 1.0662 -0.0399
v -0.1439 1.0656 0.0006
v -0.1380 1.0651 0.0411
v -0.1210 1.0646 0.0784
v -0.0942 1.0642 0.1093
v -0.0598 1.0639 0.1314
v -0.0205 1.0637 0.1430
v 0.0205 1.0637 0.1430
v 0.0598 1.0639 0.1314
v 0.0942 1.0642 0.1093
v 0.1210 1.0646 0.0784
v 0.1380 1.0651 0.0411
v 0.1435 1.1531 0.0018
v 0.1377 1.1540 -0.0387
v 0.1207 1.1548 -0.0758
v 0.0940 1.1554 -0.1067
v 0.0596 1.1559 -0.1288
v 0.0204 1.1561 -0.1403
v -0.0204 1.1561 -0.1403
v -0.0596 1.1559 -0.1288
v -0.0940 1.1554 -0.1067
v -0.1207 1.1548 -0.0758
v -0.1377 1.1540 -0.0387
v -0.1435 1.1531 0.0018
v -0.1377 1.1523 0.0422
v -0.1207 1.1515 0.0793
v -0.0940 1.1508 0.1102
v -0.0596 1.1504 0.1323
v -0.0204 1.1501 0.1438
v 0.0204 1.1501 0.1438
v 0.0596 1.1504 0.1323
v 0.0940 1.1508 0.1102
v 0.1207 1.1515 0.0793
v 0.1377 1.1523 0.0422
v 0.1432 1.2359 0.0035
v 0.1374 1.2371 -0.0368
v 0.1204 1.2383 -0.0738
v 0.0937 1.2392 -0.1046
v 0.0595 1.2398 -0.1266
v 0.0204 1.2402 -0.1381
v -0.0204 1.2402 -0.1381
v -0.0595 1.2398 -0.1266
v -0.0937 1.2392 -0.1046
v -0.1204 1.2383 -0.0738
v -0.1374 1.2371 -0.0368
v -0.1432 1.2359 0.0035
v -0.1374 1.2347 0.0438
v -0.1204 1.2336 0.0809
v -0.0937 1.2327 0.1117
v -0.0595 1.2320 0.1337
v -0.0204 1.2317 0.1451
v 0.0204 1.2317 0.1451
v 0.0595 1.2320 0.1337
v 0.0937 1.2327 0.1117
v 0.1204 1.2336 0.0809
v 0.1374 1.2347 0.0438
v 0.1428 1.3141 0.0059
v 0.1370 1.3157 -0.0343
v 0.1201 1.3171 -0.0713
v 0.0935 1.3184 -0.1020
v 0.0593 1.3192 -0.1239
v 0.0203 1.3197 -0.1354
v -0.0203 1.3197 -0.1354
v -0.0593 1.3192 -0.1239
v -0.0935 1.3184 -0.1020
v -0.1201 1.3171 -0.0713
v -0.1370 1.3157 -0.0343
v -0.1428 1.3141 0.0059
v -0.1370 1.3125 0.0461
v -0.1201 1.3110 0.0830
v -0.0935 1.3098 0.1137
v -0.0593 1.3089 0.1356
v -0.0203 1.3084 0.1471
v 0.0203 1.3084 0.1471
v 0.0593 1.3089 0.1356
v 0.0935 1.3098 0.1137
v 0.1201 1.3110 0.0830
v 0.1370 1.3125 0.0461
v 0.1424 1.3875 0.0088
v 0.1367 1.3895 -0.0313
v 0.1198 1.3914 -0.0681
v 0.0933 1.3930 -0.0987
v 0.0592 1.3941 -0.1206
v 0.0203 1.3947 -0.1320
v -0.0203 1.3947 -0.1320
v -0.0592 1.3941 -0.1206
v -0.0933 1.3930 -0.0987
v -0.1198 1.3914 -0.0681
v -0.1367 1.3895 -0.0313
v -0.1424 1.3875 0.0088
v -0.1367 1.3855 0.0489
v -0.1198 1.3836 0.0857
v -0.0933 1.3820 0.1163
v -0.0592 1.3809 0.1382
v -0.0203 1.3803 0.1496
v 0.0203 1.3803 0.1496
v 0.0592 1.3809 0.1382
v 0.0933 1.3820 0.1163
v 0.1198 1.3836 0.0857
v 0.1367 1.3855 0.0489
v 0.1421 1.4562 0.0123
v 0.1363 1.4588 -0.0276
v 0.1195 1.4612 -0.0643
v 0.0930 1.4631 -0.0948
v 0.0590 1.4645 -0.1167
v 0.0202 1.4652 -0.1280
v -0.0202 1.4652 -0.1280
v -0.0590 1.4645 -0.1167
v -0.0930 1.4631 -0.0948
v -0.1195 1.4612 -0.0643
v -0.1363 1.4588 -0.0276
v -0.1421 1.4562 0.0123
v -0.1363 1.4537 0.0522
v -0.1195 1.4513 0.0890
v -0.0930 1.4494 0.1195
v -0.0590 1.4480 0.1413
v -0.0202 1.4473 0.1526
v 0.0202 1.4473 0.1526
v 0.0590 1.4480 0.1413
v 0.0930 1.4494 0.1195
v 0.1195 1.4513 0.0890
v 0.1363 1.4537 0.0522
v 0.1417 1.5203 0.0164
v 0.1360 1.5235 -0.0234
v 0.1192 1.5263 -0.0600
v 0.0928 1.5287 -0.0904
v 0.0589 1.5305 -0.1121
v 0.0202 1.5314 -0.1234
v -0.0202 1.5314 -0.1234
v -0.0589 1.5305 -0.1121
v -0.0928 1.5287 -0.0904
v -0.1192 1.5263 -0.0600
v -0.1360 1.5235 -0.0234
v -0.1417 1.5203 0.0164
v -0.1360 1.5172 0.0562
v -0.1192 1.5143 0.0928
v -0.0928 1.5119 0.1232
v -0.0589 1.5102 0.1449
v -0.0202 1.5093 0.1562
v 0.0202 1.5093 0.1562
v 0.0589 1.5102 0.1449
v 0.0928 1.5119 0.1232
v 0.1192 1.5143 0.0928
v 0.1360 1.5172 0.0562
v 0.1414 1.5797 0.0211
v 0.1356 1.5835 -0.0185
v 0.1189 1.5870 -0.0550
v 0.0926 1.5899 -0.0852
v 0.0587 1.5920 -0.1069
v 0.0201 1.5931 -0.1182
v -0.0201 1.5931 -0.1182
v -0.0587 1.5920 -0.1069
v -0.0926 1.5899 -0.0852
v -0.1189 1.5870 -0.0550
v -0.1356 1.5835 -0.0185
v -0.1414 1.5797 0.0211
v -0.1356 1.5759 0.0607
v -0.1189 1.5724 0.0972
v -0.0926 1.5694 0.1274
v -0.0587 1.5673 0.1491
v -0.0201 1.5663 0.1604
v 0.0201 1.5663 0.1604
v 0.0587 1.5673 0.1491
v 0.0926 1.5694 0.1274
v 0.1189 1.5724 0.0972
v 0.1356 1.5759 0.0607
v 0.1410 1.6344 0.0264
v 0.1353 1.6390 -0.0131
v 0.1186 1.6432 -0.0493
v 0.0923 1.6468 -0.0795
v 0.0586 1.6493 -0.1010
v 0.0201 1.6506 -0.1122
v -0.0201 1.6506 -0.1122
v -0.0586 1.6493 -0.1010
v -0.0923 1.6468 -0.0795
v -0.1186 1.6432 -0.0493
v -0.1353 1.6390 -0.0131
v -0.1410 1.6344 0.0264
v -0.1353 1.6298 0.0658
v -0.1186 1.6255 0.1021
v -0.0923 1.6220 0.1322
v -0.0586 1.6194 0.1537
v -0.0201 1.6181 0.1650
v 0.0201 1.6181 0.1650
v 0.0586 1.6194 0.1537
v 0.0923 1.6220 0.1322
v 0.1186 1.6255 0.1021
v 0.1353 1.6298 0.0658
v 0.1406 1.6844 0.0322
v 0.1349 1.6900 -0.0070
v 0.1183 1.6951 -0.0430
v 0.0921 1.6993 -0.0730
v 0.0584 1.7024 -0.0944
v 0.0200 1.7040 -0.1056
v -0.0200 1.7040 -0.1056
v -0.0584 1.7024 -0.0944
v -0.0921 1.6993 -0.0730
v -0.1183 1.6951 -0.0430
v -0.1349 1.6900 -0.0070
v -0.1406 1.6844 0.0322
v -0.1349 1.6788 0.0715
v -0.1183 1.6737 0.1075
v -0.0921 1.6694 0.1374
v -0.0584 1.6664 0.1589
v -0.0200 1.6648 0.1700
v 0.0200 1.6648 0.1700
v 0.0584 1.6664 0.1589
v 0.0921 1.6694 0.1374
v 0.1183 1.6737 0.1075
v 0.1349 1.6788 0.0715
v 0.1403 1.7297 0.0387
v 0.1346 1.7364 -0.0003
v 0.1180 1.7426 -0.0361
v 0.0919 1.7478 -0.0658
v 0.0583 1.7514 -0.0871
v 0.0200 1.7534 -0.0981
v -0.0200 1.7534 -0.0981
v -0.0583 1.7514 -0.0871
v -0.0919 1.7478 -0.0658
v -0.1180 1.7426 -0.0361
v -0.1346 1.7364 -0.0003
v -0.1403 1.7297 0.0387
v -0.1346 1.7229 0.0776
v -0.1180 1.7168 0.1134
v -0.0919 1.7116 0.1431
v -0.0583 1.7079 0.1644
v -0.0200 1.7060 0.1755
v 0.0200 1.7060 0.1755
v 0.0583 1.7079 0.1644
v 0.0919 1.7116 0.1431
v 0.1180 1.7168 0.1134
v 0.1346 1.7229 0.0776
v 0.1399 1.7703 0.0457
v 0.1342 1.7785 0.0071
v 0.1177 1.7860 -0.0283
v 0.0916 1.7922 -0.0577
v 0.0581 1.7967 -0.0788
v 0.0199 1.7990 -0.0898
v -0.0199 1.7990 -0.0898
v -0.0581 1.7967 -0.0788
v -0.0916 1.7922 -0.0577
v -0.1177 1.7860 -0.0283
v -0.1342 1.7785 0.0071
v -0.1399 1.7703 0.0457
v -0.1342 1.7621 0.0843
v -0.1177 1.7546 0.1197
v -0.0916 1.7484 0.1491
v -0.0581 1.7439 0.1702
v -0.0199 1.7416 0.1812
v 0.0199 1.7416 0.1812
v 0.0581 1.7439 0.1702
v 0.0916 1.7484 0.1491
v 0.1177 1.7546 0.1197
v 0.1342 1.7621 0.0843
v 0.1395 1.8062 0.0533
v 0.1339 1.8162 0.0153
v 0.1174 1.8254 -0.0197
v 0.0914 1.8330 -0.0487
v 0.0580 1.8385 -0.0695
v 0.0199 1.8413 -0.0803
v -0.0199 1.8413 -0.0803
v -0.0580 1.8385 -0.0695
v -0.0914 1.8330 -0.0487
v -0.1174 1.8254 -0.0197
v -0.1339 1.8162 0.0153
v -0.1395 1.8062 0.0533
v -0.1339 1.7963 0.0913
v -0.1174 1.7871 0.1263
v -0.0914 1.7795 0.1553
v -0.0580 1.7740 0.1761
v -0.0199 1.7712 0.1869
v 0.0199 1.7712 0.1869
v 0.0580 1.7740 0.1761
v 0.0914 1.7795 0.1553
v 0.1174 1.7871 0.1263
v 0.1339 1.7963 0.0913
v 0.1392 1.8375 0.0615
v 0.1336 1.8498 0.0243
v 0.1171 1.8611 -0.0099
v 0.0911 1.8705 -0.0383
v 0.0578 1.8773 -0.0587
v 0.0198 1.8808 -0.0693
v -0.0198 1.8808 -0.0693
v -0.0578 1.8773 -0.0587
v -0.0911 1.8705 -0.0383
v -0.1171 1.8611 -0.0099
v -0.1336 1.8498 0.0243
v -0.1392 1.8375 0.0615
v -0.1336 1.8252 0.0988
v -0.1171 1.8139 0.1330
v -0.0911 1.8045 0.1614
v -0.0578 1.7977 0.1817
v -0.0198 1.7942 0.1923
v 0.0198 1.7942 0.1923
v 0.0578 1.7977 0.1817
v 0.0911 1.8045 0.1614
v 0.1171 1.8139 0.1330
v 0.1336 1.8252 0.0988
v 0.1388 1.8641 0.0703
v 0.1332 1.8795 0.0344
v 0.1168 1.8936 0.0013
v 0.0909 1.9054 -0.0261
v 0.0577 1.9138 -0.0458
v 0.0198 1.9182 -0.0560
v -0.0198 1.9182 -0.0560
v -0.0577 1.9138 -0.0458
v -0.0909 1.9054 -0.0261
v -0.1168 1.8936 0.0013
v -0.1332 1.8795 0.0344
v -0.1388 1.8641 0.0703
v -0.1332 1.8487 0.1063
v -0.1168 1.8345 0.1393
v -0.0909 1.8227 0.1667
v -0.0577 1.8143 0.1864
v -0.0198 1.8099 0.1966
v 0.0198 1.8099 0.1966
v 0.0577 1.8143 0.1864
v 0.0909 1.8227 0.1667
v 0.1168 1.8345 0.1393
v 0.1332 1.8487 0.1063
v 0.1385 1.8859 0.0797
v 0.1329 1.9029 0.0446
v 0.1165 1.9185 0.0123
v 0.0907 1.9315 -0.0145
v 0.0575 1.9407 -0.0337
v 0.0197 1.9456 -0.0437
v -0.0197 1.9456 -0.0437
v -0.0575 1.9407 -0.0337
v -0.0907 1.9315 -0.0145
v -0.1165 1.9185 0.0123
v -0.1329 1.9029 0.0446
v -0.1385 1.8859 0.0797
v -0.1329 1.8690 0.1148
v -0.1165 1.8534 0.1471
v -0.0907 1.8404 0.1739
v -0.0575 1.8311 0.1931
v -0.0197 1.8263 0.2031
v 0.0197 1.8263 0.2031
v 0.0575 1.8311 0.1931
v 0.0907 1.8404 0.1739
v 0.1165 1.8534 0.1471
v 0.1329 1.8690 0.1148
v 0.1381 1.9070 0.0898
v 0.1325 1.9255 0.0556
v 0.1162 1.9426 0.0242
v 0.0904 1.9567 -0.0019
v 0.0574 1.9669 -0.0206
v 0.0197 1.9722 -0.0303
v -0.0197 1.9722 -0.0303
v -0.0574 1.9669 -0.0206
v -0.0904 1.9567 -0.0019
v -0.1162 1.9426 0.0242
v -0.1325 1.9255 0.0556
v -0.1381 1.9070 0.0898
v -0.1325 1.8884 0.1240
v -0.1162 1.8713 0.1555
v -0.0904 1.8572 0.1816
v -0.0574 1.8470 0.2003
v -0.0197 1.8418 0.2100
v 0.0197 1.8418 0.2100
v 0.0574 1.8470 0.2003
v 0.0904 1.8572 0.1816
v 0.1162 1.8713 0.1555
v 0.1325 1.8884 0.1240
v 0.1377 1.9271 0.1008
v 0.1322 1.9473 0.0676
v 0.1159 1.9658 0.0371
v 0.0902 1.9811 0.0118
v 0.0572 1.9921 -0.0063
v 0.0196 1.9979 -0.0158
v -0.0196 1.9979 -0.0158
v -0.0572 1.9921 -0.0063
v -0.0902 1.9811 0.0118
v -0.1159 1.9658 0.0371
v -0.1322 1.9473 0.0676
v -0.1377 1.9271 0.1008
v -0.1322 1.9070 0.1340
v -0.1159 1.8885 0.1644
v -0.0902 1.8731 0.1898
v -0.0572 1.8621 0.2079
v -0.0196 1.8563 0.2173
v 0.0196 1.8563 0.2173
v 0.0572 1.8621 0.2079
v 0.0902 1.8731 0.1898
v 0.1159 1.8885 0.1644
v 0.1322 1.9070 0.1340
v 0.1374 1.9464 0.1125
v 0.1318 1.9681 0.0805
v 0.1156 1.9881 0.0510
v 0.0900 2.0047 0.0266
v 0.0571 2.0165 0.0091
v 0.0196 2.0227 -0.0001
v -0.0196 2.0227 -0.0001
v -0.0571 2.0165 0.0091
v -0.0900 2.0047 0.0266
v -0.1156 1.9881 0.0510
v -0.1318 1.9681 0.0805
v -0.1374 1.9464 0.1125
v -0.1318 1.9247 0.1445
v -0.1156 1.9047 0.1740
v -0.0900 1.8881 0.1984
v -0.0571 1.8763 0.2159
v -0.0196 1.8701 0.2251
v 0.0196 1.8701 0.2251
v 0.0571 1.8763 0.2159
v 0.0900 1.8881 0.1984
v 0.1156 1.9047 0.1740
v 0.1318 1.9247 0.1445
v 0.1370 1.9648 0.1250
v 0.1315 1.9881 0.0942
v 0.1153 2.0095 0.0659
v 0.0897 2.0273 0.0424
v 0.0569 2.0400 0.0256
v 0.0195 2.0466 0.0168
v -0.0195 2.0466 0.0168
v -0.0569 2.0400 0.0256
v -0.0897 2.0273 0.0424
v -0.1153 2.0095 0.0659
v -0.1315 1.9881 0.0942
v -0.1370 1.9648 0.1250
v -0.1315 1.9416 0.1558
v -0.1153 1.9202 0.1841
v -0.0897 1.9024 0.2076
v -0.0569 1.8897 0.2244
v -0.0195 1.8831 0.2332
v 0.0195 1.8831 0.2332
v 0.0569 1.8897 0.2244
v 0.0897 1.9024 0.2076
v 0.1153 1.9202 0.1841
v 0.1315 1.9416 0.1558
v 0.1367 1.9824 0.1383
v 0.1311 2.0072 0.1088
v 0.1150 2.0300 0.0817
v 0.0895 2.0489 0.0592
v 0.0568 2.0624 0.0431
v 0.0194 2.0695 0.0348
v -0.0194 2.0695 0.0348
v -0.0568 2.0624 0.0431
v -0.0895 2.0489 0.0592
v -0.1150 2.0300 0.0817
v -0.1311 2.0072 0.1088
v -0.1367 1.9824 0.1383
v -0.1311 1.9576 0.1677
v -0.1150 1.9349 0.1948
v -0.0895 1.9159 0.2173
v -0.0568 1.9024 0.2334
v -0.0194 1.8953 0.2418
v 0.0194 1.8953 0.2418
v 0.0568 1.9024 0.2334
v 0.0895 1.9159 0.2173
v 0.1150 1.9349 0.1948
v 0.1311 1.9576 0.1677
v 0.1363 1.9991 0.1523
v 0.1308 2.0254 0.1243
v 0.1147 2.0495 0.0985
v 0.0893 2.0695 0.0771
v 0.0566 2.0839 0.0618
v 0.0194 2.0913 0.0538
v -0.0194 2.0913 0.0538
v -0.0566 2.0839 0.0618
v -0.0893 2.0695 0.0771
v -0.1147 2.0495 0.0985
v -0.1308 2.0254 0.1243
v -0.1363 1.9991 0.1523
v -0.1308 1.9729 0.1804
v -0.1147 1.9488 0.2061
v -0.0893 1.9287 0.2276
v -0.0566 1.9144 0.2429
v -0.0194 1.9069 0.2508
v 0.0194 1.9069 0.2508
v 0.0566 1.9144 0.2429
v 0.0893 1.9287 0.2276
v 0.1147 1.9488 0.2061
v 0.1308 1.9729 0.1804
v 0.1359 2.0150 0.1672
v 0.1304 2.0426 0.1407
v 0.1144 2.0680 0.1163
v 0.0890 2.0891 0.0960
v 0.0565 2.1042 0.0815
v 0.0193 2.1121 0.0740
v -0.0193 2.1121 0.0740
v -0.0565 2.1042 0.0815
v -0.0890 2.0891 0.0960
v -0.1144 2.0680 0.1163
v -0.1304 2.0426 0.1407
v -0.1359 2.0150 0.1672
v -0.1304 1.9874 0.1937
v -0.1144 1.9620 0.2181
v -0.0890 1.9409 0.2383
v -0.0565 1.9258 0.2528
v -0.0193 1.9179 0.2604
v 0.0193 1.9179 0.2604
v 0.0565 1.9258 0.2528
v 0.0890 1.9409 0.2383
v 0.1144 1.9620 0.2181
v 0.1304 1.9874 0.1937
v 0.1356 2.0300 0.1828
v 0.1301 2.0589 0.1579
v 0.1141 2.0855 0.1350
v 0.0888 2.1076 0.1159
v 0.0563 2.1234 0.1023
v 0.0193 2.1317 0.0952
v -0.0193 2.1317 0.0952
v -0.0563 2.1234 0.1023
v -0.0888 2.1076 0.1159
v -0.1141 2.0855 0.1350
v -0.1301 2.0589 0.1579
v -0.1356 2.0300 0.1828
v -0.1301 2.0011 0.2078
v -0.1141 1.9745 0.2307
v -0.0888 1.9524 0.2497
v -0.0563 1.9366 0.2633
v -0.0193 1.9283 0.2704
v 0.0193 1.9283 0.2704
v 0.0563 1.9366 0.2633
v 0.0888 1.9524 0.2497
v 0.1141 1.9745 0.2307
v 0.1301 2.0011 0.2078
v 0.1352 2.0441 0.1992
v 0.1297 2.0743 0.1759
v 0.1138 2.1020 0.1545
v 0.0886 2.1250 0.1367
v 0.0562 2.1415 0.1240
v 0.0192 2.1501 0.1174
v -0.0192 2.1501 0.1174
v -0.0562 2.1415 0.1240
v -0.0886 2.1250 0.1367
v -0.1138 2.1020 0.1545
v -0.1297 2.0743 0.1759
v -0.1352 2.0441 0.1992
v -0.1297 2.0140 0.2225
v -0.1138 1.9863 0.2439
v -0.0886 1.9633 0.2617
v -0.0562 1.9468 0.2744
v -0.0192 1.9382 0.2811
v 0.0192 1.9382 0.2811
v 0.0562 1.9468 0.2744
v 0.0886 1.9633 0.2617
v 0.1138 1.9863 0.2439
v 0.1297 2.0140 0.2225
v 0.1349 2.0574 0.2164
v 0.1294 2.0887 0.1948
v 0.1135 2.1174 0.1749
v 0.0883 2.1413 0.1584
v 0.0560 2.1583 0.1466
v 0.0192 2.1672 0.1405
v -0.0192 2.1672 0.1405
v -0.0560 2.1583 0.1466
v -0.0883 2.1413 0.1584
v -0.1135 2.1174 0.1749
v -0.1294 2.0887 0.1948
v -0.1349 2.0574 0.2164
v -0.1294 2.0262 0.2380
v -0.1135 1.9974 0.2579
v -0.0883 1.9736 0.2744
v -0.0560 1.9565 0.2862
v -0.0192 1.9476 0.2923
v 0.0192 1.9476 0.2923
v 0.0560 1.9565 0.2862
v 0.0883 1.9736 0.2744
v 0.1135 1.9974 0.2579
v 0.1294 2.0262 0.2380
v 0.1345 2.0698 0.2344
v 0.1291 2.1021 0.2145
v 0.1132 2.1317 0.1962
v 0.0881 2.1564 0.1810
v 0.0559 2.1740 0.1702
v 0.0191 2.1832 0.1645
v -0.0191 2.1832 0.1645
v -0.0559 2.1740 0.1702
v -0.0881 2.1564 0.1810
v -0.1132 2.1317 0.1962
v -0.1291 2.1021 0.2145
v -0.1345 2.0698 0.2344
v -0.1291 2.0376 0.2543
v -0.1132 2.0079 0.2725
v -0.0881 1.9833 0.2877
v -0.0559 1.9657 0.2986
v -0.0191 1.9565 0.3043
v 0.0191 1.9565 0.3043
v 0.0559 1.9657 0.2986
v 0.0881 1.9833 0.2877
v 0.1132 2.0079 0.2725
v 0.1291 2.0376 0.2543
v 0.1341 2.0814 0.2531
v 0.1287 2.1145 0.2350
v 0.1128 2.1450 0.2183
v 0.0878 2.1703 0.2044
v 0.0557 2.1884 0.1945
v 0.0191 2.1978 0.1893
v -0.0191 2.1978 0.1893
v -0.0557 2.1884 0.1945
v -0.0878 2.1703 0.2044
v -0.1128 2.1450 0.2183
v -0.1287 2.1145 0.2350
v -0.1341 2.0814 0.2531
v -0.1287 2.0483 0.2713
v -0.1128 2.0178 0.2880
v -0.0878 1.9925 0.3018
v -0.0557 1.9744 0.3118
v -0.0191 1.9650 0.3169
v 0.0191 1.9650 0.3169
v 0.0557 1.9744 0.3118
v 0.0878 1.9925 0.3018
v 0.1128 2.0178 0.2880
v 0.1287 2.0483 0.2713
v 0.1338 2.0921 0.2727
v 0.1284 2.1260 0.2562
v 0.1125 2.1572 0.2411
v 0.0876 2.1831 0.2286
v 0.0556 2.2016 0.2196
v 0.0190 2.2113 0.2149
v -0.0190 2.2113 0.2149
v -0.0556 2.2016 0.2196
v -0.0876 2.1831 0.2286
v -0.1125 2.1572 0.2411
v -0.1284 2.1260 0.2562
v -0.1338 2.0921 0.2727
v -0.1284 2.0582 0.2891
v -0.1125 2.0270 0.3042
v -0.0876 2.0011 0.3167
v -0.0556 1.9826 0.3257
v -0.0190 1.9729 0.3304
v 0.0190 1.9729 0.3304
v 0.0556 1.9826 0.3257
v 0.0876 2.0011 0.3167
v 0.1125 2.0270 0.3042
v 0.1284 2.0582 0.2891
v 0.1334 2.1020 0.2930
v 0.1280 2.1365 0.2782
v 0.1122 2.1683 0.2647
v 0.0874 2.1947 0.2535
v 0.0554 2.2136 0.2454
v 0.0190 2.2235 0.2412
v -0.0190 2.2235 0.2412
v -0.0554 2.2136 0.2454
v -0.0874 2.1947 0.2535
v -0.1122 2.1683 0.2647
v -0.1280 2.1365 0.2782
v -0.1334 2.1020 0.2930
v -0.1280 2.0674 0.3077
v -0.1122 2.0356 0.3212
v -0.0874 2.0092 0.3325
v -0.0554 1.9903 0.3405
v -0.0190 1.9804 0.3447
v 0.0190 1.9804 0.3447
v 0.0554 1.9903 0.3405
v 0.0874 2.0092 0.3325
v 0.1122 2.0356 0.3212
v 0.1280 2.0674 0.3077
v 0.1331 2.1109 0.3141
v 0.1277 2.1461 0.3010
v 0.1119 2.1784 0.2890
v 0.0871 2.2052 0.2790
v 0.0553 2.2244 0.2719
v 0.0189 2.2344 0.2682
v -0.0189 2.2344 0.2682
v -0.0553 2.2244 0.2719
v -0.0871 2.2052 0.2790
v -0.1119 2.1784 0.2890
v -0.1277 2.1461 0.3010
v -0.1331 2.1109 0.3141
v -0.1277 2.0758 0.3271
v -0.1119 2.0435 0.3391
v -0.0871 2.0167 0.3491
v -0.0553 1.9975 0.3562
v -0.0189 1.9875 0.3599
v 0.0189 1.9875 0.3599
v 0.0553 1.9975 0.3562
v 0.0871 2.0167 0.3491
v 0.1119 2.0435 0.3391
v 0.1277 2.0758 0.3271
v 0.1327 2.1191 0.3359
v 0.1273 2.1546 0.3242
v 0.1116 2.1872 0.3134
v 0.0869 2.2143 0.3045
v 0.0551 2.2337 0.2981
v 0.0189 2.2438 0.2947
v -0.0189 2.2438 0.2947
v -0.0551 2.2337 0.2981
v -0.0869 2.2143 0.3045
v -0.1116 2.1872 0.3134
v -0.1273 2.1546 0.3242
v -0.1327 2.1191 0.3359
v -0.1273 2.0836 0.3477
v -0.1116 2.0509 0.3584
v -0.0869 2.0238 0.3674
v -0.0551 2.0044 0.3738
v -0.0189 1.9943 0.3771
v 0.0189 1.9943 0.3771
v 0.0551 2.0044 0.3738
v 0.0869 2.0238 0.3674
v 0.1116 2.0509 0.3584
v 0.1273 2.0836 0.3477
v 0.1323 2.1263 0.3578
v 0.1270 2.1621 0.3475
v 0.1113 2.1950 0.3379
v 0.0867 2.2224 0.3300
v 0.0550 2.2419 0.3244
v 0.0188 2.2521 0.3214
v -0.0188 2.2521 0.3214
v -0.0550 2.2419 0.3244
v -0.0867 2.2224 0.3300
v -0.1113 2.1950 0.3379
v -0.1270 2.1621 0.3475
v -0.1323 2.1263 0.3578
v -0.1270 2.0905 0.3682
v -0.1113 2.0576 0.3777
v -0.0867 2.0302 0.3856
v -0.0550 2.0106 0.3913
v -0.0188 2.0005 0.3942
v 0.0188 2.0005 0.3942
v 0.0550 2.0106 0.3913
v 0.0867 2.0302 0.3856
v 0.1113 2.0576 0.3777
v 0.1270 2.0905 0.3682
v 0.1320 2.1326 0.3797
v 0.1266 2.1687 0.3707
v 0.1110 2.2019 0.3625
v 0.0864 2.2294 0.3557
v 0.0548 2.2491 0.3508
v 0.0188 2.2594 0.3482
v -0.0188 2.2594 0.3482
v -0.0548 2.2491 0.3508
v -0.0864 2.2294 0.3557
v -0.1110 2.2019 0.3625
v -0.1266 2.1687 0.3707
v -0.1320 2.1326 0.3797
v -0.1266 2.0965 0.3886
v -0.1110 2.0634 0.3969
v -0.0864 2.0358 0.4037
v -0.0548 2.0161 0.4086
v -0.0188 2.0058 0.4112
v 0.0188 2.0058 0.4112
v 0.0548 2.0161 0.4086
v 0.0864 2.0358 0.4037
v 0.1110 2.0634 0.3969
v 0.1266 2.0965 0.3886
v 0.1316 2.1380 0.4016
v 0.1263 2.1744 0.3940
v 0.1107 2.2077 0.3871
v 0.0862 2.2355 0.3814
v 0.0547 2.2553 0.3773
v 0.0187 2.2656 0.3751
v -0.0187 2.2656 0.3751
v -0.0547 2.2553 0.3773
v -0.0862 2.2355 0.3814
v -0.1107 2.2077 0.3871
v -0.1263 2.1744 0.3940
v -0.1316 2.1380 0.4016
v -0.1263 2.1017 0.4091
v -0.1107 2.0684 0.4160
v -0.0862 2.0406 0.4217
v -0.0547 2.0208 0.4258
v -0.0187 2.0105 0.4280
v 0.0187 2.0105 0.4280
v 0.0547 2.0208 0.4258
v 0.0862 2.0406 0.4217
v 0.1107 2.0684 0.4160
v 0.1263 2.1017 0.4091
v 0.1313 2.1426 0.4234
v 0.1259 2.1791 0.4174
v 0.1104 2.2126 0.4118
v 0.0860 2.2404 0.4072
v 0.0545 2.2604 0.4039
v 0.0187 2.2707 0.4022
v -0.0187 2.2707 0.4022
v -0.0545 2.2604 0.4039
v -0.0860 2.2404 0.4072
v -0.1104 2.2126 0.4118
v -0.1259 2.1791 0.4174
v -0.1313 2.1426 0.4234
v -0.1259 2.1061 0.4295
v -0.1104 2.0726 0.4351
v -0.0860 2.0447 0.4397
v -0.0545 2.0248 0.4430
v -0.0187 2.0144 0.4447
v 0.0187 2.0144 0.4447
v 0.0545 2.0248 0.4430
v 0.0860 2.0447 0.4397
v 0.1104 2.0726 0.4351
v 0.1259 2.1061 0.4295
v 0.1309 2.1462 0.4453
v 0.1256 2.1828 0.4407
v 0.1101 2.2164 0.4365
v 0.0857 2.2444 0.4330
v 0.0544 2.2644 0.4305
v 0.0186 2.2748 0.4292
v -0.0186 2.2748 0.4292
v -0.0544 2.2644 0.4305
v -0.0857 2.2444 0.4330
v -0.1101 2.2164 0.4365
v -0.1256 2.1828 0.4407
v -0.1309 2.1462 0.4453
v -0.1256 2.1096 0.4499
v -0.1101 2.0760 0.4541
v -0.0857 2.0480 0.4576
v -0.0544 2.0281 0.4601
v -0.0186 2.0176 0.4614
v 0.0186 2.0176 0.4614
v 0.0544 2.0281 0.4601
v 0.0857 2.0480 0.4576
v 0.1101 2.0760 0.4541
v 0.1256 2.1096 0.4499
v 0.1305 2.1489 0.4672
v 0.1253 2.1856 0.4641
v 0.1098 2.2193 0.4613
v 0.0855 2.2473 0.4589
v 0.0542 2.2673 0.4573
v 0.0186 2.2777 0.4564
v -0.0186 2.2777 0.4564
v -0.0542 2.2673 0.4573
v -0.0855 2.2473 0.4589
v -0.1098 2.2193 0.4613
v -0.1253 2.1856 0.4641
v -0.1305 2.1489 0.4672
v -0.1253 2.1123 0.4703
v -0.1098 2.0786 0.4731
v -0.0855 2.0506 0.4754
v -0.0542 2.0306 0.4771
v -0.0186 2.0202 0.4780
v 0.0186 2.0202 0.4780
v 0.0542 2.0306 0.4771
v 0.0855 2.0506 0.4754
v 0.1098 2.0786 0.4731
v 0.1253 2.1123 0.4703
v 0.1302 2.1508 0.4891
v 0.1249 2.1874 0.4875
v 0.1095 2.2211 0.4860
v 0.0852 2.2491 0.4848
v 0.0541 2.2691 0.4840
v 0.0185 2.2795 0.4835
v -0.0185 2.2795 0.4835
v -0.0541 2.2691 0.4840
v -0.0852 2.2491 0.4848
v -0.1095 2.2211 0.4860
v -0.1249 2.1874 0.4875
v -0.1302 2.1508 0.4891
v -0.1249 2.1141 0.4906
v -0.1095 2.0805 0.4921
v -0.0852 2.0525 0.4933
v -0.0541 2.0325 0.4941
v -0.0185 2.0220 0.4946
v 0.0185 2.0220 0.4946
v 0.0541 2.0325 0.4941
v 0.0852 2.0525 0.4933
v 0.1095 2.0805 0.4921
v 0.1249 2.1141 0.4906
v 0.1298 2.1517 0.5109
v 0.1246 2.1883 0.5109
v 0.1092 2.2219 0.5108
v 0.0850 2.2498 0.5108
v 0.0539 2.2698 0.5107
v 0.0185 2.2802 0.5107
v -0.0185 2.2802 0.5107
v -0.0539 2.2698 0.5107
v -0.0850 2.2498 0.5108
v -0.1092 2.2219 0.5108
v -0.1246 2.1883 0.5109
v -0.1298 2.1517 0.5109
v -0.1246 2.1151 0.5110
v -0.1092 2.0815 0.5111
v -0.0850 2.0536 0.5111
v -0.0539 2.0336 0.5111
v -0.0185 2.0232 0.5112
v 0.0185 2.0232 0.5112
v 0.0539 2.0336 0.5111
v 0.0850 2.0536 0.5111
v 0.1092 2.0815 0.5111
v 0.1246 2.1151 0.5110
v 0.1295 2.1518 0.5328
v 0.1242 2.1882 0.5342
v 0.1089 2.2217 0.5356
v 0.0848 2.2495 0.5367
v 0.0538 2.2694 0.5374
v 0.0184 2.2798 0.5378
v -0.0184 2.2798 0.5378
v -0.0538 2.2694 0.5374
v -0.0848 2.2495 0.5367
v -0.1089 2.2217 0.5356
v -0.1242 2.1882 0.5342
v -0.1295 2.1518 0.5328
v -0.1242 2.1153 0.5314
v -0.1089 2.0818 0.5301
v -0.0848 2.0540 0.5290
v -0.0538 2.0341 0.5282
v -0.0184 2.0237 0.5278
v 0.0184 2.0237 0.5278
v 0.0538 2.0341 0.5282
v 0.0848 2.0540 0.5290
v 0.1089 2.0818 0.5301
v 0.1242 2.1153 0.5314
v 0.1291 2.1509 0.5547
v 0.1239 2.1872 0.5576
v 0.1086 2.2205 0.5603
v 0.0845 2.2482 0.5625
v 0.0536 2.2680 0.5641
v 0.0184 2.2783 0.5649
v -0.0184 2.2783 0.5649
v -0.0536 2.2680 0.5641
v -0.0845 2.2482 0.5625
v -0.1086 2.2205 0.5603
v -0.1239 2.1872 0.5576
v -0.1291 2.1509 0.5547
v -0.1239 2.1146 0.5518
v -0.1086 2.0813 0.5491
v -0.0845 2.0536 0.5469
v -0.0536 2.0338 0.5453
v -0.0184 2.0235 0.5445
v 0.0184 2.0235 0.5445
v 0.0536 2.0338 0.5453
v 0.0845 2.0536 0.5469
v 0.1086 2.0813 0.5491
v 0.1239 2.1146 0.5518
v 0.1287 2.1491 0.5766
v 0.1235 2.1851 0.5809
v 0.1083 2.2182 0.5850
v 0.0843 2.2457 0.5883
v 0.0535 2.2654 0.5907
v 0.0183 2.2756 0.5919
v -0.0183 2.2756 0.5919
v -0.0535 2.2654 0.5907
v -0.0843 2.2457 0.5883
v -0.1083 2.2182 0.5850
v -0.1235 2.1851 0.5809
v -0.1287 2.1491 0.5766
v -0.1235 2.1131 0.5722
v -0.1083 2.0800 0.5682
v -0.0843 2.0526 0.5648
v -0.0535 2.0329 0.5624
v -0.0183 2.0226 0.5612
v 0.0183 2.0226 0.5612
v 0.0535 2.0329 0.5624
v 0.0843 2.0526 0.5648
v 0.1083 2.0800 0.5682
v 0.1235 2.1131 0.5722
v 0.1284 2.1465 0.5984
v 0.1232 2.1822 0.6042
v 0.1080 2.2150 0.6096
v 0.0841 2.2423 0.6140
v 0.0533 2.2617 0.6172
v 0.0183 2.2719 0.6188
v -0.0183 2.2719 0.6188
v -0.0533 2.2617 0.6172
v -0.0841 2.2423 0.6140
v -0.1080 2.2150 0.6096
v -0.1232 2.1822 0.6042
v -0.1284 2.1465 0.5984
v -0.1232 2.1108 0.5926
v -0.1080 2.0780 0.5873
v -0.0841 2.0507 0.5829
v -0.0533 2.0312 0.5797
v -0.0183 2.0211 0.5781
v 0.0183 2.0211 0.5781
v 0.0533 2.0312 0.5797
v 0.0841 2.0507 0.5829
v 0.1080 2.0780 0.5873
v 0.1232 2.1108 0.5926
v 0.1280 2.1429 0.6203
v 0.1228 2.1783 0.6275
v 0.1077 2.2108 0.6341
v 0.0838 2.2377 0.6396
v 0.0532 2.2570 0.6435
v 0.0182 2.2671 0.6456
v -0.0182 2.2671 0.6456
v -0.0532 2.2570 0.6435
v -0.0838 2.2377 0.6396
v -0.1077 2.2108 0.6341
v -0.1228 2.1783 0.6275
v -0.1280 2.1429 0.6203
v -0.1228 2.1076 0.6131
v -0.1077 2.0751 0.6065
v -0.0838 2.0481 0.6010
v -0.0532 2.0288 0.5971
v -0.0182 2.0188 0.5950
v 0.0182 2.0188 0.5950
v 0.0532 2.0288 0.5971
v 0.0838 2.0481 0.6010
v 0.1077 2.0751 0.6065
v 0.1228 2.1076 0.6131
v 0.1277 2.1385 0.6422
v 0.1225 2.1734 0.6507
v 0.1074 2.2055 0.6586
v 0.0836 2.2322 0.6651
v 0.0530 2.2513 0.6698
v 0.0182 2.2612 0.6722
v -0.0182 2.2612 0.6722
v -0.0530 2.2513 0.6698
v -0.0836 2.2322 0.6651
v -0.1074 2.2055 0.6586
v -0.1225 2.1734 0.6507
v -0.1277 2.1385 0.6422
v -0.1225 2.1035 0.6336
v -0.1074 2.0714 0.6258
v -0.0836 2.0448 0.6193
v -0.0530 2.0257 0.6146
v -0.0182 2.0157 0.6122
v 0.0182 2.0157 0.6122
v 0.0530 2.0257 0.6146
v 0.0836 2.0448 0.6193
v 0.1074 2.0714 0.6258
v 0.1225 2.1035 0.6336
v 0.1273 2.1331 0.6641
v 0.1221 2.1676 0.6739
v 0.1071 2.1993 0.6830
v 0.0834 2.2256 0.6905
v 0.0529 2.2445 0.6959
v 0.0181 2.2543 0.6987
v -0.0181 2.2543 0.6987
v -0.0529 2.2445 0.6959
v -0.0834 2.2256 0.6905
v -0.1071 2.1993 0.6830
v -0.1221 2.1676 0.6739
v -0.1273 2.1331 0.6641
v -0.1221 2.0986 0.6542
v -0.1071 2.0670 0.6452
v -0.0834 2.0406 0.6376
v -0.0529 2.0218 0.6323
v -0.0181 2.0120 0.6294
v 0.0181 2.0120 0.6294
v 0.0529 2.0218 0.6323
v 0.0834 2.0406 0.6376
v 0.1071 2.0670 0.6452
v 0.1221 2.0986 0.6542
v 0.1269 2.1269 0.6859
v 0.1218 2.1606 0.6977
v 0.1068 2.1917 0.7085
v 0.0831 2.2175 0.7175
v 0.0527 2.2359 0.7239
v 0.0181 2.2455 0.7272
v -0.0181 2.2455 0.7272
v -0.0527 2.2359 0.7239
v -0.0831 2.2175 0.7175
v -0.1068 2.1917 0.7085
v -0.1218 2.1606 0.6977
v -0.1269 2.1269 0.6859
v -0.1218 2.0931 0.6742
v -0.1068 2.0621 0.6634
v -0.0831 2.0363 0.6544
v -0.0527 2.0178 0.6480
v -0.0181 2.0082 0.6446
v 0.0181 2.0082 0.6446
v 0.0527 2.0178 0.6480
v 0.0831 2.0363 0.6544
v 0.1068 2.0621 0.6634
v 0.1218 2.0931 0.6742
v 0.1266 2.1195 0.7070
v 0.1214 2.1525 0.7207
v 0.1065 2.1827 0.7333
v 0.0829 2.2079 0.7437
v 0.0526 2.2259 0.7512
v 0.0180 2.2352 0.7551
v -0.0180 2.2352 0.7551
v -0.0526 2.2259 0.7512
v -0.0829 2.2079 0.7437
v -0.1065 2.1827 0.7333
v -0.1214 2.1525 0.7207
v -0.1266 2.1195 0.7070
v -0.1214 2.0866 0.6934
v -0.1065 2.0563 0.6808
v -0.0829 2.0312 0.6703
v -0.0526 2.0132 0.6629
v -0.0180 2.0038 0.6590
v 0.0180 2.0038 0.6590
v 0.0526 2.0132 0.6629
v 0.0829 2.0312 0.6703
v 0.1065 2.0563 0.6808
v 0.1214 2.0866 0.6934
v 0.1262 2.1111 0.7273
v 0.1211 2.1431 0.7429
v 0.1062 2.1724 0.7573
v 0.0827 2.1968 0.7692
v 0.0524 2.2143 0.7777
v 0.0180 2.2234 0.7821
v -0.0180 2.2234 0.7821
v -0.0524 2.2143 0.7777
v -0.0827 2.1968 0.7692
v -0.1062 2.1724 0.7573
v -0.1211 2.1431 0.7429
v -0.1262 2.1111 0.7273
v -0.1211 2.0791 0.7117
v -0.1062 2.0498 0.6974
v -0.0827 2.0254 0.6855
v -0.0524 2.0079 0.6770
v -0.0180 1.9988 0.6726
v 0.0180 1.9988 0.6726
v 0.0524 2.0079 0.6770
v 0.0827 2.0254 0.6855
v 0.1062 2.0498 0.6974
v 0.1211 2.0791 0.7117
v 0.1259 2.1016 0.7469
v 0.1208 2.1324 0.7644
v 0.1059 2.1608 0.7804
v 0.0824 2.1843 0.7938
v 0.0523 2.2012 0.8033
v 0.0179 2.2099 0.8083
v -0.0179 2.2099 0.8083
v -0.0523 2.2012 0.8033
v -0.0824 2.1843 0.7938
v -0.1059 2.1608 0.7804
v -0.1208 2.1324 0.7644
v -0.1259 2.1016 0.7469
v -0.1208 2.0707 0.7294
v -0.1059 2.0424 0.7133
v -0.0824 2.0188 0.7000
v -0.0523 2.0020 0.6904
v -0.0179 1.9932 0.6855
v 0.0179 1.9932 0.6855
v 0.0523 2.0020 0.6904
v 0.0824 2.0188 0.7000
v 0.1059 2.0424 0.7133
v 0.1208 2.0707 0.7294
v 0.1255 2.0909 0.7656
v 0.1204 2.1206 0.7849
v 0.1056 2.1478 0.8027
v 0.0822 2.1704 0.8174
v 0.0521 2.1866 0.8280
v 0.0179 2.1950 0.8335
v -0.0179 2.1950 0.8335
v -0.0521 2.1866 0.8280
v -0.0822 2.1704 0.8174
v -0.1056 2.1478 0.8027
v -0.1204 2.1206 0.7849
v -0.1255 2.0909 0.7656
v -0.1204 2.0613 0.7463
v -0.1056 2.0341 0.7286
v -0.0822 2.0115 0.7138
v -0.0521 1.9953 0.7033
v -0.0179 1.9869 0.6978
v 0.0179 1.9869 0.6978
v 0.0521 1.9953 0.7033
v 0.0822 2.0115 0.7138
v 0.1056 2.0341 0.7286
v 0.1204 2.0613 0.7463
v 0.1251 2.0792 0.7836
v 0.1201 2.1075 0.8047
v 0.1053 2.1335 0.8240
v 0.0819 2.1550 0.8401
v 0.0520 2.1705 0.8516
v 0.0178 2.1785 0.8576
v -0.0178 2.1785 0.8576
v -0.0520 2.1705 0.8516
v -0.0819 2.1550 0.8401
v -0.1053 2.1335 0.8240
v -0.1201 2.1075 0.8047
v -0.1251 2.0792 0.7836
v -0.1201 2.0510 0.7625
v -0.1053 2.0250 0.7432
v -0.0819 2.0034 0.7271
v -0.0520 1.9880 0.7156
v -0.0178 1.9799 0.7096
v 0.0178 1.9799 0.7096
v 0.0520 1.9880 0.7156
v 0.0819 2.0034 0.7271
v 0.1053 2.0250 0.7432
v 0.1201 2.0510 0.7625
v 0.1248 2.0664 0.8008
v 0.1197 2.0932 0.8235
v 0.1050 2.1179 0.8444
v 0.0817 2.1383 0.8618
v 0.0518 2.1530 0.8742
v 0.0178 2.1606 0.8806
v -0.0178 2.1606 0.8806
v -0.0518 2.1530 0.8742
v -0.0817 2.1383 0.8618
v -0.1050 2.1179 0.8444
v -0.1197 2.0932 0.8235
v -0.1248 2.0664 0.8008
v -0.1197 2.0396 0.7781
v -0.1050 2.0149 0.7572
v -0.0817 1.9945 0.7398
v -0.0518 1.9798 0.7274
v -0.0178 1.9722 0.7209
v 0.0178 1.9722 0.7209
v 0.0518 1.9798 0.7274
v 0.0817 1.9945 0.7398
v 0.1050 2.0149 0.7572
v 0.1197 2.0396 0.7781
v 0.1244 2.0525 0.8172
v 0.1194 2.0778 0.8415
v 0.1047 2.1010 0.8638
v 0.0815 2.1203 0.8823
v 0.0517 2.1341 0.8956
v 0.0177 2.1413 0.9025
v -0.0177 2.1413 0.9025
v -0.0517 2.1341 0.8956
v -0.0815 2.1203 0.8823
v -0.1047 2.1010 0.8638
v -0.1194 2.0778 0.8415
v -0.1244 2.0525 0.8172
v -0.1194 2.0272 0.7929
v -0.1047 2.0040 0.7706
v -0.0815 1.9847 0.7521
v -0.0517 1.9709 0.7388
v -0.0177 1.9637 0.7319
v 0.0177 1.9637 0.7319
v 0.0517 1.9709 0.7388
v 0.0815 1.9847 0.7521
v 0.1047 2.0040 0.7706
v 0.1194 2.0272 0.7929
v 0.1241 2.0375 0.8328
v 0.1190 2.0612 0.8585
v 0.1044 2.0830 0.8821
v 0.0812 2.1011 0.9017
v 0.0515 2.1140 0.9158
v 0.0177 2.1208 0.9231
v -0.0177 2.1208 0.9231
v -0.0515 2.1140 0.9158
v -0.0812 2.1011 0.9017
v -0.1044 2.0830 0.8821
v -0.1190 2.0612 0.8585
v -0.1241 2.0375 0.8328
v -0.1190 2.0138 0.8071
v -0.1044 1.9920 0.7835
v -0.0812 1.9739 0.7639
v -0.0515 1.9610 0.7499
v -0.0177 1.9542 0.7426
v 0.0177 1.9542 0.7426
v 0.0515 1.9610 0.7499
v 0.0812 1.9739 0.7639
v 0.1044 1.9920 0.7835
v 0.1190 2.0138 0.8071
v 0.1237 2.0214 0.8477
v 0.1187 2.0435 0.8746
v 0.1041 2.0638 0.8994
v 0.0810 2.0806 0.9200
v 0.0514 2.0927 0.9347
v 0.0176 2.0989 0.9424
v -0.0176 2.0989 0.9424
v -0.0514 2.0927 0.9347
v -0.0810 2.0806 0.9200
v -0.1041 2.0638 0.8994
v -0.1187 2.0435 0.8746
v -0.1237 2.0214 0.8477
v -0.1187 1.9993 0.8207
v -0.1041 1.9791 0.7959
v -0.0810 1.9622 0.7753
v -0.0514 1.9502 0.7606
v -0.0176 1.9439 0.7529
v 0.0176 1.9439 0.7529
v 0.0514 1.9502 0.7606
v 0.0810 1.9622 0.7753
v 0.1041 1.9791 0.7959
v 0.1187 1.9993 0.8207
v 0.1233 2.0042 0.8617
v 0.1183 2.0246 0.8898
v 0.1038 2.0434 0.9157
v 0.0808 2.0590 0.9371
v 0.0512 2.0702 0.9525
v 0.0176 2.0760 0.9605
v -0.0176 2.0760 0.9605
v -0.0512 2.0702 0.9525
v -0.0808 2.0590 0.9371
v -0.1038 2.0434 0.9157
v -0.1183 2.0246 0.8898
v -0.1233 2.0042 0.8617
v -0.1183 1.9838 0.8336
v -0.1038 1.9650 0.8078
v -0.0808 1.9494 0.7863
v -0.0512 1.9383 0.7710
v -0.0176 1.9325 0.7630
v 0.0176 1.9325 0.7630
v 0.0512 1.9383 0.7710
v 0.0808 1.9494 0.7863
v 0.1038 1.9650 0.8078
v 0.1183 1.9838 0.8336
v 0.1230 1.9859 0.8750
v 0.1180 2.0047 0.9041
v 0.1035 2.0220 0.9309
v 0.0805 2.0363 0.9531
v 0.0511 2.0466 0.9690
v 0.0175 2.0519 0.9773
v -0.0175 2.0519 0.9773
v -0.0511 2.0466 0.9690
v -0.0805 2.0363 0.9531
v -0.1035 2.0220 0.9309
v -0.1180 2.0047 0.9041
v -0.1230 1.9859 0.8750
v -0.1180 1.9672 0.8459
v -0.1035 1.9499 0.8191
v -0.0805 1.9356 0.7969
v -0.0511 1.9253 0.7810
v -0.0175 1.9199 0.7727
v 0.0175 1.9199 0.7727
v 0.0511 1.9253 0.7810
v 0.0805 1.9356 0.7969
v 0.1035 1.9499 0.8191
v 0.1180 1.9672 0.8459
v 0.1226 1.9666 0.8875
v 0.1176 1.9837 0.9175
v 0.1031 1.9995 0.9450
v 0.0803 2.0126 0.9679
v 0.0509 2.0220 0.9843
v 0.0174 2.0269 0.9928
v -0.0174 2.0269 0.9928
v -0.0509 2.0220 0.9843
v -0.0803 2.0126 0.9679
v -0.1031 1.9995 0.9450
v -0.1176 1.9837 0.9175
v -0.1226 1.9666 0.8875
v -0.1176 1.9494 0.8575
v -0.1031 1.9336 0.8300
v -0.0803 1.9205 0.8071
v -0.0509 1.9111 0.7907
v -0.0174 1.9063 0.7822
v 0.0174 1.9063 0.7822
v 0.0509 1.9111 0.7907
v 0.0803 1.9205 0.8071
v 0.1031 1.9336 0.8300
v 0.1176 1.9494 0.8575
v 0.1223 1.9461 0.8992
v 0.1173 1.9617 0.9299
v 0.1028 1.9760 0.9582
v 0.0801 1.9879 0.9816
v 0.0508 1.9964 0.9984
v 0.0174 2.0008 1.0071
v -0.0174 2.0008 1.0071
v -0.0508 1.9964 0.9984
v -0.0801 1.9879 0.9816
v -0.1028 1.9760 0.9582
v -0.1173 1.9617 0.9299
v -0.1223 1.9461 0.8992
v -0.1173 1.9305 0.8685
v -0.1028 1.9162 0.8403
v -0.0801 1.9043 0.8168
v -0.0508 1.8958 0.8000
v -0.0174 1.8914 0.7913
v 0.0174 1.8914 0.7913
v 0.0508 1.8958 0.8000
v 0.0801 1.9043 0.8168
v 0.1028 1.9162 0.8403
v 0.1173 1.9305 0.8685
v 0.1219 1.9245 0.9102
v 0.1170 1.9386 0.9415
v 0.1025 1.9515 0.9703
v 0.0798 1.9622 0.9942
v 0.0506 1.9699 1.0113
v 0.0173 1.9739 1.0203
v -0.0173 1.9739 1.0203
v -0.0506 1.9699 1.0113
v -0.0798 1.9622 0.9942
v -0.1025 1.9515 0.9703
v -0.1170 1.9386 0.9415
v -0.1219 1.9245 0.9102
v -0.1170 1.9105 0.8788
v -0.1025 1.8976 0.8500
v -0.0798 1.8868 0.8261
v -0.0506 1.8792 0.8090
v -0.0173 1.8752 0.8001
v 0.0173 1.8752 0.8001
v 0.0506 1.8792 0.8090
v 0.0798 1.8868 0.8261
v 0.1025 1.8976 0.8500
v 0.1170 1.9105 0.8788
v 0.1215 1.9019 0.9203
v 0.1166 1.9144 0.9522
v 0.1022 1.9260 0.9814
v 0.0796 1.9356 1.0057
v 0.0505 1.9425 1.0231
v 0.0173 1.9460 1.0322
v -0.0173 1.9460 1.0322
v -0.0505 1.9425 1.0231
v -0.0796 1.9356 1.0057
v -0.1022 1.9260 0.9814
v -0.1166 1.9144 0.9522
v -0.1215 1.9019 0.9203
v -0.1166 1.8893 0.8885
v -0.1022 1.8778 0.8592
v -0.0796 1.8682 0.8349
v -0.0505 1.8613 0.8175
v -0.0173 1.8577 0.8084
v 0.0173 1.8577 0.8084
v 0.0505 1.8613 0.8175
v 0.0796 1.8682 0.8349
v 0.1022 1.8778 0.8592
v 0.1166 1.8893 0.8885
v 0.1212 1.8781 0.9297
v 0.1163 1.8904 0.9615
v 0.1019 1.9017 0.9908
v 0.0794 1.9111 1.0151
v 0.0503 1.9179 1.0325
v 0.0172 1.9214 1.0416
v -0.0172 1.9214 1.0416
v -0.0503 1.9179 1.0325
v -0.0794 1.9111 1.0151
v -0.1019 1.9017 0.9908
v -0.1163 1.8904 0.9615
v -0.1212 1.8781 0.9297
v -0.1163 1.8658 0.8978
v -0.1019 1.8545 0.8686
v -0.0794 1.8451 0.8443
v -0.0503 1.8384 0.8269
v -0.0172 1.8349 0.8178
v 0.0172 1.8349 0.8178
v 0.0503 1.8384 0.8269
v 0.0794 1.8451 0.8443
v 0.1019 1.8545 0.8686
v 0.1163 1.8658 0.8978
v 0.1208 1.8551 0.9386
v 0.1159 1.8671 0.9704
v 0.1016 1.8782 0.9997
v 0.0791 1.8873 1.0240
v 0.0502 1.8939 1.0414
v 0.0172 1.8973 1.0505
v -0.0172 1.8973 1.0505
v -0.0502 1.8939 1.0414
v -0.0791 1.8873 1.0240
v -0.1016 1.8782 0.9997
v -0.1159 1.8671 0.9704
v -0.1208 1.8551 0.9386
v -0.1159 1.8431 0.9068
v -0.1016 1.8320 0.8775
v -0.0791 1.8228 0.8532
v -0.0502 1.8163 0.8358
v -0.0172 1.8128 0.8267
v 0.0172 1.8128 0.8267
v 0.0502 1.8163 0.8358
v 0.0791 1.8228 0.8532
v 0.1016 1.8320 0.8775
v 0.1159 1.8431 0.9068
v 0.1205 1.8327 0.9470
v 0.1156 1.8445 0.9789
v 0.1013 1.8552 1.0081
v 0.0789 1.8642 1.0325
v 0.0500 1.8706 1.0498
v 0.0171 1.8739 1.0589
v -0.0171 1.8739 1.0589
v -0.0500 1.8706 1.0498
v -0.0789 1.8642 1.0325
v -0.1013 1.8552 1.0081
v -0.1156 1.8445 0.9789
v -0.1205 1.8327 0.9470
v -0.1156 1.8210 0.9152
v -0.1013 1.8102 0.8859
v -0.0789 1.8013 0.8616
v -0.0500 1.7949 0.8442
v -0.0171 1.7915 0.8352
v 0.0171 1.7915 0.8352
v 0.0500 1.7949 0.8442
v 0.0789 1.8013 0.8616
v 0.1013 1.8102 0.8859
v 0.1156 1.8210 0.9152
v 0.1201 1.8111 0.9550
v 0.1152 1.8225 0.9869
v 0.1010 1.8330 1.0161
v 0.0786 1.8417 1.0404
v 0.0499 1.8479 1.0578
v 0.0171 1.8512 1.0669
v -0.0171 1.8512 1.0669
v -0.0499 1.8479 1.0578
v -0.0786 1.8417 1.0404
v -0.1010 1.8330 1.0161
v -0.1152 1.8225 0.9869
v -0.1201 1.8111 0.9550
v -0.1152 1.7997 0.9231
v -0.1010 1.7892 0.8939
v -0.0786 1.7805 0.8696
v -0.0499 1.7743 0.8522
v -0.0171 1.7710 0.8431
v 0.0171 1.7710 0.8431
v 0.0499 1.7743 0.8522
v 0.0786 1.7805 0.8696
v 0.1010 1.7892 0.8939
v 0.1152 1.7997 0.9231
v 0.1197 1.7902 0.9625
v 0.1149 1.8012 0.9944
v 0.1007 1.8114 1.0236
v 0.0784 1.8199 1.0480
v 0.0497 1.8259 1.0654
v 0.0170 1.8291 1.0744
v -0.0170 1.8291 1.0744
v -0.0497 1.8259 1.0654
v -0.0784 1.8199 1.0480
v -0.1007 1.8114 1.0236
v -0.1149 1.8012 0.9944
v -0.1197 1.7902 0.9625
v -0.1149 1.7791 0.9306
v -0.1007 1.7689 0.9014
v -0.0784 1.7605 0.8770
v -0.0497 1.7544 0.8596
v -0.0170 1.7513 0.8506
v 0.0170 1.7513 0.8506
v 0.0497 1.7544 0.8596
v 0.0784 1.7605 0.8770
v 0.1007 1.7689 0.9014
v 0.1149 1.7791 0.9306
v 0.1194 1.7699 0.9695
v 0.1145 1.7806 1.0014
v 0.1004 1.7905 1.0307
v 0.0782 1.7987 1.0550
v 0.0496 1.8045 1.0725
v 0.0170 1.8076 1.0815
v -0.0170 1.8076 1.0815
v -0.0496 1.8045 1.0725
v -0.0782 1.7987 1.0550
v -0.1004 1.7905 1.0307
v -0.1145 1.7806 1.0014
v -0.1194 1.7699 0.9695
v -0.1145 1.7592 0.9377
v -0.1004 1.7494 0.9084
v -0.0782 1.7412 0.8840
v -0.0496 1.7353 0.8666
v -0.0170 1.7323 0.8575
v 0.0170 1.7323 0.8575
v 0.0496 1.7353 0.8666
v 0.0782 1.7412 0.8840
v 0.1004 1.7494 0.9084
v 0.1145 1.7592 0.9377
v 0.1190 1.7504 0.9761
v 0.1142 1.7607 1.0080
v 0.1001 1.7702 1.0373
v 0.0779 1.7781 1.0617
v 0.0494 1.7837 1.0791
v 0.0169 1.7867 1.0882
v -0.0169 1.7867 1.0882
v -0.0494 1.7837 1.0791
v -0.0779 1.7781 1.0617
v -0.1001 1.7702 1.0373
v -0.1142 1.7607 1.0080
v -0.1190 1.7504 0.9761
v -0.1142 1.7401 0.9442
v -0.1001 1.7306 0.9149
v -0.0779 1.7227 0.8905
v -0.0494 1.7171 0.8731
v -0.0169 1.7141 0.8640
v 0.0169 1.7141 0.8640
v 0.0494 1.7171 0.8731
v 0.0779 1.7227 0.8905
v 0.1001 1.7306 0.9149
v 0.1142 1.7401 0.9442
v 0.1186 1.7316 0.9822
v 0.1138 1.7415 1.0141
v 0.0998 1.7506 1.0435
v 0.0777 1.7581 1.0678
v 0.0493 1.7636 1.0853
v 0.0169 1.7664 1.0944
v -0.0169 1.7664 1.0944
v -0.0493 1.7636 1.0853
v -0.0777 1.7581 1.0678
v -0.0998 1.7506 1.0435
v -0.1138 1.7415 1.0141
v -0.1186 1.7316 0.9822
v -0.1138 1.7217 0.9503
v -0.0998 1.7125 0.9209
v -0.0777 1.7050 0.8965
v -0.0493 1.6996 0.8791
v -0.0169 1.6968 0.8700
v 0.0169 1.6968 0.8700
v 0.0493 1.6996 0.8791
v 0.0777 1.7050 0.8965
v 0.0998 1.7125 0.9209
v 0.1138 1.7217 0.9503
v 0.1183 1.7134 0.9878
v 0.1135 1.7229 1.0198
v 0.0995 1.7316 1.0491
v 0.0775 1.7388 1.0735
v 0.0491 1.7440 1.0910
v 0.0168 1.7467 1.1001
v -0.0168 1.7467 1.1001
v -0.0491 1.7440 1.0910
v -0.0775 1.7388 1.0735
v -0.0995 1.7316 1.0491
v -0.1135 1.7229 1.0198
v -0.1183 1.7134 0.9878
v -0.1135 1.7040 0.9559
v -0.0995 1.6953 0.9265
v -0.0775 1.6881 0.9021
v -0.0491 1.6829 0.8846
v -0.0168 1.6802 0.8755
v 0.0168 1.6802 0.8755
v 0.0491 1.6829 0.8846
v 0.0775 1.6881 0.9021
v 0.0995 1.6953 0.9265
v 0.1135 1.7040 0.9559
v 0.1179 1.6960 0.9930
v 0.1132 1.7050 1.0250
v 0.0992 1.7132 1.0544
v 0.0772 1.7201 1.0788
v 0.0490 1.7250 1.0963
v 0.0168 1.7275 1.1054
v -0.0168 1.7275 1.1054
v -0.0490 1.7250 1.0963
v -0.0772 1.7201 1.0788
v -0.0992 1.7132 1.0544
v -0.1132 1.7050 1.0250
v -0.1179 1.6960 0.9930
v -0.1132 1.6870 0.9610
v -0.0992 1.6788 0.9316
v -0.0772 1.6720 0.9072
v -0.0490 1.6671 0.8897
v -0.0168 1.6645 0.8806
v 0.0168 1.6645 0.8806
v 0.0490 1.6671 0.8897
v 0.0772 1.6720 0.9072
v 0.0992 1.6788 0.9316
v 0.1132 1.6870 0.9610
v 0.1176 1.6793 0.9977
v 0.1128 1.6877 1.0297
v 0.0989 1.6955 1.0591
v 0.0770 1.7019 1.0836
v 0.0488 1.7065 1.1011
v 0.0167 1.7089 1.1102
v -0.0167 1.7089 1.1102
v -0.0488 1.7065 1.1011
v -0.0770 1.7019 1.0836
v -0.0989 1.6955 1.0591
v -0.1128 1.6877 1.0297
v -0.1176 1.6793 0.9977
v -0.1128 1.6709 0.9656
v -0.0989 1.6631 0.9362
v -0.0770 1.6567 0.9117
v -0.0488 1.6521 0.8942
v -0.0167 1.6497 0.8851
v 0.0167 1.6497 0.8851
v 0.0488 1.6521 0.8942
v 0.0770 1.6567 0.9117
v 0.0989 1.6631 0.9362
v 0.1128 1.6709 0.9656
v 0.1172 1.6633 1.0019
v 0.1125 1.6711 1.0339
v 0.0986 1.6784 1.0634
v 0.0768 1.6844 1.0879
v 0.0487 1.6886 1.1054
v 0.0167 1.6909 1.1146
v -0.0167 1.6909 1.1146
v -0.0487 1.6886 1.1054
v -0.0768 1.6844 1.0879
v -0.0986 1.6784 1.0634
v -0.1125 1.6711 1.0339
v -0.1172 1.6633 1.0019
v -0.1125 1.6554 0.9698
v -0.0986 1.6482 0.9403
v -0.0768 1.6422 0.9158
v -0.0487 1.6379 0.8983
v -0.0167 1.6357 0.8892
v 0.0167 1.6357 0.8892
v 0.0487 1.6379 0.8983
v 0.0768 1.6422 0.9158
v 0.0986 1.6482 0.9403
v 0.1125 1.6554 0.9698
v 0.1168 1.6480 1.0056
v 0.1121 1.6552 1.0377
v 0.0983 1.6618 1.0673
v 0.0765 1.6673 1.0918
v 0.0485 1.6713 1.1093
v 0.0166 1.6733 1.1185
v -0.0166 1.6733 1.1185
v -0.0485 1.6713 1.1093
v -0.0765 1.6673 1.0918
v -0.0983 1.6618 1.0673
v -0.1121 1.6552 1.0377
v -0.1168 1.6480 1.0056
v -0.1121 1.6408 0.9735
v -0.0983 1.6341 0.9440
v -0.0765 1.6286 0.9195
v -0.0485 1.6247 0.9019
v -0.0166 1.6226 0.8928
v 0.0166 1.6226 0.8928
v 0.0485 1.6247 0.9019
v 0.0765 1.6286 0.9195
v 0.0983 1.6341 0.9440
v 0.1121 1.6408 0.9735
v 0.1165 1.6334 1.0089
v 0.1118 1.6399 1.0411
v 0.0980 1.6458 1.0706
v 0.0763 1.6508 1.0952
v 0.0484 1.6544 1.1128
v 0.0166 1.6562 1.1219
v -0.0166 1.6562 1.1219
v -0.0484 1.6544 1.1128
v -0.0763 1.6508 1.0952
v -0.0980 1.6458 1.0706
v -0.1118 1.6399 1.0411
v -0.1165 1.6334 1.0089
v -0.1118 1.6269 0.9767
v -0.0980 1.6209 0.9472
v -0.0763 1.6159 0.9226
v -0.0484 1.6124 0.9050
v -0.0166 1.6105 0.8959
v 0.0166 1.6105 0.8959
v 0.0484 1.6124 0.9050
v 0.0763 1.6159 0.9226
v 0.0980 1.6209 0.9472
v 0.1118 1.6269 0.9767
v 0.1161 1.6195 1.0117
v 0.1114 1.6252 1.0439
v 0.0977 1.6304 1.0735
v 0.0760 1.6348 1.0981
v 0.0482 1.6379 1.1157
v 0.0165 1.6395 1.1249
v -0.0165 1.6395 1.1249
v -0.0482 1.6379 1.1157
v -0.0760 1.6348 1.0981
v -0.0977 1.6304 1.0735
v -0.1114 1.6252 1.0439
v -0.1161 1.6195 1.0117
v -0.1114 1.6137 0.9795
v -0.0977 1.6085 0.9499
v -0.0760 1.6041 0.9253
v -0.0482 1.6010 0.9077
v -0.0165 1.5994 0.8985
v 0.0165 1.5994 0.8985
v 0.0482 1.6010 0.9077
v 0.0760 1.6041 0.9253
v 0.0977 1.6085 0.9499
v 0.1114 1.6137 0.9795
v 0.1158 1.6062 1.0141
v 0.1111 1.6111 1.0463
v 0.0974 1.6155 1.0760
v 0.0758 1.6192 1.1006
v 0.0481 1.6219 1.1182
v 0.0165 1.6232 1.1274
v -0.0165 1.6232 1.1274
v -0.0481 1.6219 1.1182
v -0.0758 1.6192 1.1006
v -0.0974 1.6155 1.0760
v -0.1111 1.6111 1.0463
v -0.1158 1.6062 1.0141
v -0.1111 1.6014 0.9818
v -0.0974 1.5970 0.9522
v -0.0758 1.5933 0.9275
v -0.0481 1.5906 0.9099
v -0.0165 1.5893 0.9007
v 0.0165 1.5893 0.9007
v 0.0481 1.5906 0.9099
v 0.0758 1.5933 0.9275
v 0.0974 1.5970 0.9522
v 0.1111 1.6014 0.9818
v 0.1154 1.5938 1.0159
v 0.1107 1.5986 1.0481
v 0.0971 1.6030 1.0776
v 0.0756 1.6067 1.1022
v 0.0479 1.6093 1.1198
v 0.0164 1.6107 1.1289
v -0.0164 1.6107 1.1289
v -0.0479 1.6093 1.1198
v -0.0756 1.6067 1.1022
v -0.0971 1.6030 1.0776
v -0.1107 1.5986 1.0481
v -0.1154 1.5938 1.0159
v -0.1107 1.5889 0.9838
v -0.0971 1.5845 0.9542
v -0.0756 1.5808 0.9297
v -0.0479 1.5782 0.9121
v -0.0164 1.5768 0.9030
v 0.0164 1.5768 0.9030
v 0.0479 1.5782 0.9121
v 0.0756 1.5808 0.9297
v 0.0971 1.5845 0.9542
v 0.1107 1.5889 0.9838
v 0.1150 1.5820 1.0177
v 0.1104 1.5868 1.0497
v 0.0968 1.5913 1.0792
v 0.0753 1.5949 1.1037
v 0.0478 1.5976 1.1212
v 0.0164 1.5989 1.1303
v -0.0164 1.5989 1.1303
v -0.0478 1.5976 1.1212
v -0.0753 1.5949 1.1037
v -0.0968 1.5913 1.0792
v -0.1104 1.5868 1.0497
v -0.1150 1.5820 1.0177
v -0.1104 1.5772 0.9856
v -0.0968 1.5728 0.9562
v -0.0753 1.5691 0.9317
v -0.0478 1.5665 0.9142
v -0.0164 1.5651 0.9051
v 0.0164 1.5651 0.9051
v 0.0478 1.5665 0.9142
v 0.0753 1.5691 0.9317
v 0.0968 1.5728 0.9562
v 0.1104 1.5772 0.9856
v 0.1147 1.5711 1.0193
v 0.1100 1.5759 1.0513
v 0.0965 1.5803 1.0807
v 0.0751 1.5840 1.1050
v 0.0476 1.5866 1.1225
v 0.0163 1.5879 1.1316
v -0.0163 1.5879 1.1316
v -0.0476 1.5866 1.1225
v -0.0751 1.5840 1.1050
v -0.0965 1.5803 1.0807
v -0.1100 1.5759 1.0513
v -0.1147 1.5711 1.0193
v -0.1100 1.5663 0.9874
v -0.0965 1.5619 0.9580
v -0.0751 1.5582 0.9336
v -0.0476 1.5556 0.9162
v -0.0163 1.5543 0.9071
v 0.0163 1.5543 0.9071
v 0.0476 1.5556 0.9162
v 0.0751 1.5582 0.9336
v 0.0965 1.5619 0.9580
v 0.1100 1.5663 0.9874
v 0.1143 1.5609 1.0209
v 0.1097 1.5657 1.0527
v 0.0962 1.5701 1.0820
v 0.0749 1.5738 1.1063
v 0.0475 1.5764 1.1237
v 0.0163 1.5777 1.1328
v -0.0163 1.5777 1.1328
v -0.0475 1.5764 1.1237
v -0.0749 1.5738 1.1063
v -0.0962 1.5701 1.0820
v -0.1097 1.5657 1.0527
v -0.1143 1.5609 1.0209
v -0.1097 1.5562 0.9890
v -0.0962 1.5518 0.9597
v -0.0749 1.5481 0.9354
v -0.0475 1.5455 0.9180
v -0.0163 1.5442 0.9090
v 0.0163 1.5442 0.9090
v 0.0475 1.5455 0.9180
v 0.0749 1.5481 0.9354
v 0.0962 1.5518 0.9597
v 0.1097 1.5562 0.9890
v 0.1140 1.5516 1.0223
v 0.1093 1.5563 1.0540
v 0.0959 1.5607 1.0832
v 0.0746 1.5643 1.1074
v 0.0473 1.5669 1.1248
v 0.0162 1.5683 1.1338
v -0.0162 1.5683 1.1338
v -0.0473 1.5669 1.1248
v -0.0746 1.5643 1.1074
v -0.0959 1.5607 1.0832
v -0.1093 1.5563 1.0540
v -0.1140 1.5516 1.0223
v -0.1093 1.5468 0.9905
v -0.0959 1.5424 0.9613
v -0.0746 1.5388 0.9371
v -0.0473 1.5362 0.9197
v -0.0162 1.5348 0.9107
v 0.0162 1.5348 0.9107
v 0.0473 1.5362 0.9197
v 0.0746 1.5388 0.9371
v 0.0959 1.5424 0.9613
v 0.1093 1.5468 0.9905
v 0.1136 1.5430 1.0236
v 0.1090 1.5477 1.0552
v 0.0956 1.5521 1.0843
v 0.0744 1.5557 1.1085
v 0.0472 1.5583 1.1257
v 0.0162 1.5596 1.1348
v -0.0162 1.5596 1.1348
v -0.0472 1.5583 1.1257
v -0.0744 1.5557 1.1085
v -0.0956 1.5521 1.0843
v -0.1090 1.5477 1.0552
v -0.1136 1.5430 1.0236
v -0.1090 1.5382 0.9919
v -0.0956 1.5339 0.9628
v -0.0744 1.5302 0.9386
v -0.0472 1.5276 0.9214
v -0.0162 1.5263 0.9124
v 0.0162 1.5263 0.9124
v 0.0472 1.5276 0.9214
v 0.0744 1.5302 0.9386
v 0.0956 1.5339 0.9628
v 0.1090 1.5382 0.9919
v 0.1132 1.5352 1.0247
v 0.1087 1.5399 1.0563
v 0.0953 1.5442 1.0853
v 0.0742 1.5479 1.1094
v 0.0470 1.5504 1.1266
v 0.0161 1.5518 1.1356
v -0.0161 1.5518 1.1356
v -0.0470 1.5504 1.1266
v -0.0742 1.5479 1.1094
v -0.0953 1.5442 1.0853
v -0.1087 1.5399 1.0563
v -0.1132 1.5352 1.0247
v -0.1087 1.5304 0.9932
v -0.0953 1.5261 0.9642
v -0.0742 1.5225 0.9401
v -0.0470 1.5199 0.9229
v -0.0161 1.5185 0.9139
v 0.0161 1.5185 0.9139
v 0.0470 1.5199 0.9229
v 0.0742 1.5225 0.9401
v 0.0953 1.5261 0.9642
v 0.1087 1.5304 0.9932
v 0.1129 1.5281 1.0258
v 0.1083 1.5328 1.0572
v 0.0950 1.5372 1.0861
v 0.0739 1.5408 1.1101
v 0.0469 1.5434 1.1273
v 0.0161 1.5447 1.1363
v -0.0161 1.5447 1.1363
v -0.0469 1.5434 1.1273
v -0.0739 1.5408 1.1101
v -0.0950 1.5372 1.0861
v -0.1083 1.5328 1.0572
v -0.1129 1.5281 1.0258
v -0.1083 1.5234 0.9943
v -0.0950 1.5191 0.9654
v -0.0739 1.5155 0.9414
v -0.0469 1.5129 0.9242
v -0.0161 1.5116 0.9153
v 0.0161 1.5116 0.9153
v 0.0469 1.5129 0.9242
v 0.0739 1.5155 0.9414
v 0.0950 1.5191 0.9654
v 0.1083 1.5234 0.9943
v 0.1125 1.5219 1.0267
v 0.1080 1.5266 1.0581
v 0.0947 1.5309 1.0869
v 0.0737 1.5345 1.1108
v 0.0467 1.5371 1.1279
v 0.0160 1.5384 1.1369
v -0.0160 1.5384 1.1369
v -0.0467 1.5371 1.1279
v -0.0737 1.5345 1.1108
v -0.0947 1.5309 1.0869
v -0.1080 1.5266 1.0581
v -0.1125 1.5219 1.0267
v -0.1080 1.5172 0.9954
v -0.0947 1.5129 0.9666
v -0.0737 1.5093 0.9426
v -0.0467 1.5067 0.9255
v -0.0160 1.5054 0.9166
v 0.0160 1.5054 0.9166
v 0.0467 1.5067 0.9255
v 0.0737 1.5093 0.9426
v 0.0947 1.5129 0.9666
v 0.1080 1.5172 0.9954
v 0.1122 1.5164 1.0275
v 0.1076 1.5211 1.0588
v 0.0944 1.5254 1.0875
v 0.0735 1.5290 1.1114
v 0.0466 1.5315 1.1284
v 0.0160 1.5329 1.1373
v -0.0160 1.5329 1.1373
v -0.0466 1.5315 1.1284
v -0.0735 1.5290 1.1114
v -0.0944 1.5254 1.0875
v -0.1076 1.5211 1.0588
v -0.1122 1.5164 1.0275
v -0.1076 1.5117 0.9963
v -0.0944 1.5074 0.9676
v -0.0735 1.5038 0.9437
v -0.0466 1.5013 0.9266
v -0.0160 1.4999 0.9177
v 0.0160 1.4999 0.9177
v 0.0466 1.5013 0.9266
v 0.0735 1.5038 0.9437
v 0.0944 1.5074 0.9676
v 0.1076 1.5117 0.9963
v 0.1118 1.5117 1.0282
v 0.1073 1.5164 1.0594
v 0.0941 1.5207 1.0880
v 0.0732 1.5243 1.1118
v 0.0464 1.5268 1.1288
v 0.0159 1.5281 1.1377
v -0.0159 1.5281 1.1377
v -0.0464 1.5268 1.1288
v -0.0732 1.5243 1.1118
v -0.0941 1.5207 1.0880
v -0.1073 1.5164 1.0594
v -0.1118 1.5117 1.0282
v -0.1073 1.5070 0.9971
v -0.0941 1.5028 0.9685
v -0.0732 1.4992 0.9447
v -0.0464 1.4966 0.9277
v -0.0159 1.4953 0.9188
v 0.0159 1.4953 0.9188
v 0.0464 1.4966 0.9277
v 0.0732 1.4992 0.9447
v 0.0941 1.5028 0.9685
v 0.1073 1.5070 0.9971
v 0.1114 1.5078 1.0288
v 0.1069 1.5125 1.0599
v 0.0938 1.5167 1.0884
v 0.0730 1.5203 1.1121
v 0.0463 1.5228 1.1291
v 0.0159 1.5242 1.1379
v -0.0159 1.5242 1.1379
v -0.0463 1.5228 1.1291
v -0.0730 1.5203 1.1121
v -0.0938 1.5167 1.0884
v -0.1069 1.5125 1.0599
v -0.1114 1.5078 1.0288
v -0.1069 1.5032 0.9978
v -0.0938 1.4989 0.9692
v -0.0730 1.4953 0.9455
v -0.0463 1.4928 0.9286
v -0.0159 1.4914 0.9197
v 0.0159 1.4914 0.9197
v 0.0463 1.4928 0.9286
v 0.0730 1.4953 0.9455
v 0.0938 1.4989 0.9692
v 0.1069 1.5032 0.9978
v 0.1111 1.5047 1.0293
v 0.1066 1.5093 1.0602
v 0.0934 1.5136 1.0887
v 0.0727 1.5171 1.1123
v 0.0461 1.5197 1.1292
v 0.0158 1.5210 1.1380
v -0.0158 1.5210 1.1380
v -0.0461 1.5197 1.1292
v -0.0727 1.5171 1.1123
v -0.0934 1.5136 1.0887
v -0.1066 1.5093 1.0602
v -0.1111 1.5047 1.0293
v -0.1066 1.5000 0.9983
v -0.0934 1.4958 0.9699
v -0.0727 1.4922 0.9463
v -0.0461 1.4897 0.9294
v -0.0158 1.4884 0.9206
v 0.0158 1.4884 0.9206
v 0.0461 1.4897 0.9294
v 0.0727 1.4922 0.9463
v 0.0934 1.4958 0.9699
v 0.1066 1.5000 0.9983
v 0.1107 1.5023 1.0296
v 0.1062 1.5070 1.0605
v 0.0931 1.5112 1.0888
v 0.0725 1.5148 1.1124
v 0.0460 1.5173 1.1292
v 0.0158 1.5186 1.1380
v -0.0158 1.5186 1.1380
v -0.0460 1.5173 1.1292
v -0.0725 1.5148 1.1124
v -0.0931 1.5112 1.0888
v -0.1062 1.5070 1.0605
v -0.1107 1.5023 1.0296
v -0.1062 1.4977 0.9988
v -0.0931 1.4935 0.9705
v -0.0725 1.4899 0.9469
v -0.0460 1.4874 0.9300
v -0.0158 1.4861 0.9213
v 0.0158 1.4861 0.9213
v 0.0460 1.4874 0.9300
v 0.0725 1.4899 0.9469
v 0.0931 1.4935 0.9705
v 0.1062 1.4977 0.9988
v 0.1104 1.5008 1.0299
v 0.1059 1.5054 1.0606
v 0.0928 1.5096 1.0889
v 0.0723 1.5132 1.1124
v 0.0458 1.5157 1.1292
v 0.0157 1.5170 1.1379
v -0.0157 1.5170 1.1379
v -0.0458 1.5157 1.1292
v -0.0723 1.5132 1.1124
v -0.0928 1.5096 1.0889
v -0.1059 1.5054 1.0606
v -0.1104 1.5008 1.0299
v -0.1059 1.4962 0.9991
v -0.0928 1.4919 0.9709
v -0.0723 1.4884 0.9474
v -0.0458 1.4859 0.9306
v -0.0157 1.4846 0.9219
v 0.0157 1.4846 0.9219
v 0.0458 1.4859 0.9306
v 0.0723 1.4884 0.9474
v 0.0928 1.4919 0.9709
v 0.1059 1.4962 0.9991
v 0.1100 1.5000 1.0300
v 0.1055 1.5046 1.0606
v 0.0925 1.5088 1.0888
v 0.0720 1.5123 1.1122
v 0.0457 1.5148 1.1290
v 0.0157 1.5162 1.1377
v -0.0157 1.5162 1.1377
v -0.0457 1.5148 1.1290
v -0.0720 1.5123 1.1122
v -0.0925 1.5088 1.0888
v -0.1055 1.5046 1.0606
v -0.1100 1.5000 1.0300
v -0.1055 1.4954 0.9994
v -0.0925 1.4912 0.9712
v -0.0720 1.4877 0.9478
v -0.0457 1.4852 0.9310
v -0.0157 1.4838 0.9223
v 0.0157 1.4838 0.9223
v 0.0457 1.4852 0.9310
v 0.0720 1.4877 0.9478
v 0.0925 1.4912 0.9712
v 0.1055 1.4954 0.9994
v 0.0000 0.1500 0.0000
v 0.0000 1.5000 1.0300
v 0.3000 0.0000 0.0000
v 0.2925 0.0000 0.0668
v 0.2703 0.0000 0.1302
v 0.2345 0.0000 0.1870
v 0.1870 0.0000 0.2345
v 0.1302 0.0000 0.2703
v 0.0668 0.0000 0.2925
v 0.0000 0.0000 0.3000
v -0.0668 0.0000 0.2925
v -0.1302 0.0000 0.2703
v -0.1870 0.0000 0.2345
v -0.2345 0.0000 0.1870
v -0.2703 0.0000 0.1302
v -0.2925 0.0000 0.0668
v -0.3000 0.0000 0.0000
v -0.2925 0.0000 -0.0668
v -0.2703 0.0000 -0.1302
v -0.2345 0.0000 -0.1870
v -0.1870 0.0000 -0.2345
v -0.1302 0.0000 -0.2703
v -0.0668 0.0000 -0.2925
v -0.0000 0.0000 -0.3000
v 0.0668 0.0000 -0.2925
v 0.1302 0.0000 -0.2703
v 0.1870 0.0000 -0.2345
v 0.2345 0.0000 -0.1870
v 0.2703 0.0000 -0.1302
v 0.2925 0.0000 -0.0668
v 0.3000 0.1400 0.0000
v 0.2925 0.1400 0.0668
v 0.2703 0.1400 0.1302
v 0.2345 0.1400 0.1870
v 0.1870 0.1400 0.2345
v 0.1302 0.1400 0.2703
v 0.0668 0.1400 0.2925
v 0.0000 0.1400 0.3000
v -0.0668 0.1400 0.2925
v -0.1302 0.1400 0.2703
v -0.1870 0.1400 0.2345
v -0.2345 0.1400 0.1870
v -0.2703 0.1400 0.1302
v -0.2925 0.1400 0.0668
v -0.3000 0.1400 0.0000
v -0.2925 0.1400 -0.0668
v -0.2703 0.1400 -0.1302
v -0.2345 0.1400 -0.1870
v -0.1870 0.1400 -0.2345
v -0.1302 0.1400 -0.2703
v -0.0668 0.1400 -0.2925
v -0.0000 0.1400 -0.3000
v 0.0668 0.1400 -0.2925
v 0.1302 0.1400 -0.2703
v 0.1870 0.1400 -0.2345
v 0.2345 0.1400 -0.1870
v 0.2703 0.1400 -0.1302
v 0.2925 0.1400 -0.0668
v 0.0000 0.1400 0.0000
v 0.0000 0.0000 0.0000
v 0.2000 0.1400 0.0000
v 0.1950 0.1400 0.0445
v 0.1802 0.1400 0.0868
v 0.1564 0.1400 0.1247
v 0.1247 0.1400 0.1564
v 0.0868 0.1400 0.1802
v 0.0445 0.1400 0.1950
v 0.0000 0.1400 0.2000
v -0.0445 0.1400 0.1950
v -0.0868 0.1400 0.1802
v -0.1247 0.1400 0.1564
v -0.1564 0.1400 0.1247
v -0.1802 0.1400 0.0868
v -0.1950 0.1400 0.0445
v -0.2000 0.1400 0.0000
v -0.1950 0.1400 -0.0445
v -0.1802 0.1400 -0.0868
v -0.1564 0.1400 -0.1247
v -0.1247 0.1400 -0.1564
v -0.0868 0.1400 -0.1802
v -0.0445 0.1400 -0.1950
v -0.0000 0.1400 -0.2000
v 0.0445 0.1400 -0.1950
v 0.0868 0.1400 -0.1802
v 0.1247 0.1400 -0.1564
v 0.1564 0.1400 -0.1247
v 0.1802 0.1400 -0.0868
v 0.1950 0.1400 -0.0445
v 0.2000 0.2400 0.0000
v 0.1950 0.2400 0.0445
v 0.1802 0.2400 0.0868
v 0.1564 0.2400 0.1247
v 0.1247 0.2400 0.1564
v 0.0868 0.2400 0.1802
v 0.0445 0.2400 0.1950
v 0.0000 0.2400 0.2000
v -0.0445 0.2400 0.1950
v -0.0868 0.2400 0.1802
v -0.1247 0.2400 0.1564
v -0.1564 0.2400 0.1247
v -0.1802 0.2400 0.0868
v -0.1950 0.2400 0.0445
v -0.2000 0.2400 0.0000
v -0.1950 0.2400 -0.0445
v -0.1802 0.2400 -0.0868
v -0.1564 0.2400 -0.1247
v -0.1247 0.2400 -0.1564
v -0.0868 0.2400 -0.1802
v -0.0445 0.2400 -0.1950
v -0.0000 0.2400 -0.2000
v 0.0445 0.2400 -0.1950
v 0.0868 0.2400 -0.1802
v 0.1247 0.2400 -0.1564
v 0.1564 0.2400 -0.1247
v 0.1802 0.2400 -0.0868
v 0.1950 0.2400 -0.0445
v 0.0000 0.2400 0.0000
v 0.0000 0.1400 0.0000
v 0.0500 1.7800 -0.0200
v 0.0450 1.7635 -0.0341
v 0.0312 1.7502 -0.0453
v 0.0111 1.7429 -0.0516
v -0.0111 1.7429 -0.0516
v -0.0312 1.7502 -0.0453
v -0.0450 1.7635 -0.0341
v -0.0500 1.7800 -0.0200
v -0.0450 1.7965 -0.0059
v -0.0312 1.8098 0.0053
v -0.0111 1.8171 0.0116
v 0.0111 1.8171 0.0116
v 0.0312 1.8098 0.0053
v 0.0450 1.7965 -0.0059
v 0.0500 1.7827 -0.0231
v 0.0450 1.7661 -0.0372
v 0.0312 1.7529 -0.0484
v 0.0111 1.7455 -0.0547
v -0.0111 1.7455 -0.0547
v -0.0312 1.7529 -0.0484
v -0.0450 1.7661 -0.0372
v -0.0500 1.7827 -0.0231
v -0.0450 1.7992 -0.0091
v -0.0312 1.8124 0.0022
v -0.0111 1.8198 0.0084
v 0.0111 1.8198 0.0084
v 0.0312 1.8124 0.0022
v 0.0450 1.7992 -0.0091
v 0.0500 1.7880 -0.0294
v 0.0450 1.7714 -0.0434
v 0.0312 1.7582 -0.0547
v 0.0111 1.7508 -0.0609
v -0.0111 1.7508 -0.0609
v -0.0312 1.7582 -0.0547
v -0.0450 1.7714 -0.0434
v -0.0500 1.7880 -0.0294
v -0.0450 1.8045 -0.0153
v -0.0312 1.8178 -0.0041
v -0.0111 1.8251 0.0022
v 0.0111 1.8251 0.0022
v 0.0312 1.8178 -0.0041
v 0.0450 1.8045 -0.0153
v 0.0500 1.7959 -0.0387
v 0.0450 1.7794 -0.0528
v 0.0312 1.7662 -0.0641
v 0.0111 1.7588 -0.0703
v -0.0111 1.7588 -0.0703
v -0.0312 1.7662 -0.0641
v -0.0450 1.7794 -0.0528
v -0.0500 1.7959 -0.0388
v -0.0450 1.8125 -0.0247
v -0.0312 1.8257 -0.0134
v -0.0111 1.8331 -0.0072
v 0.0111 1.8331 -0.0072
v 0.0312 1.8257 -0.0134
v 0.0450 1.8125 -0.0247
v 0.0500 1.8066 -0.0513
v 0.0450 1.7900 -0.0653
v 0.0312 1.7768 -0.0766
v 0.0111 1.7694 -0.0828
v -0.0111 1.7694 -0.0828
v -0.0312 1.7768 -0.0766
v -0.0450 1.7900 -0.0653
v -0.0500 1.8066 -0.0513
v -0.0450 1.8231 -0.0372
v -0.0312 1.8363 -0.0259
v -0.0111 1.8437 -0.0197
v 0.0111 1.8437 -0.0197
v 0.0312 1.8363 -0.0259
v 0.0450 1.8231 -0.0372
v 0.0500 1.8198 -0.0669
v 0.0450 1.8033 -0.0809
v 0.0312 1.7901 -0.0922
v 0.0111 1.7827 -0.0984
v -0.0111 1.7827 -0.0984
v -0.0312 1.7901 -0.0922
v -0.0450 1.8033 -0.0809
v -0.0500 1.8198 -0.0669
v -0.0450 1.8364 -0.0528
v -0.0312 1.8496 -0.0416
v -0.0111 1.8570 -0.0353
v 0.0111 1.8570 -0.0353
v 0.0312 1.8496 -0.0416
v 0.0450 1.8364 -0.0528
v 0.0500 1.8358 -0.0856
v 0.0450 1.8193 -0.0997
v 0.0312 1.8060 -0.1109
v 0.0111 1.7986 -0.1172
v -0.0111 1.7986 -0.1172
v -0.0312 1.8060 -0.1109
v -0.0450 1.8193 -0.0997
v -0.0500 1.8358 -0.0856
v -0.0450 1.8523 -0.0716
v -0.0312 1.8656 -0.0603
v -0.0111 1.8729 -0.0541
v 0.0111 1.8729 -0.0541
v 0.0312 1.8656 -0.0603
v 0.0450 1.8523 -0.0716
v 0.0500 1.8544 -0.1075
v 0.0450 1.8378 -0.1216
v 0.0312 1.8246 -0.1328
v 0.0111 1.8172 -0.1391
v -0.0111 1.8172 -0.1391
v -0.0312 1.8246 -0.1328
v -0.0450 1.8378 -0.1216
v -0.0500 1.8544 -0.1075
v -0.0450 1.8709 -0.0934
v -0.0312 1.8842 -0.0822
v -0.0111 1.8915 -0.0759
v 0.0111 1.8915 -0.0759
v 0.0312 1.8842 -0.0822
v 0.0450 1.8709 -0.0934
v 0.0500 1.8756 -0.1325
v 0.0450 1.8583 -0.1455
v 0.0312 1.8444 -0.1560
v 0.0111 1.8366 -0.1617
v -0.0111 1.8366 -0.1617
v -0.0312 1.8444 -0.1560
v -0.0450 1.8583 -0.1455
v -0.0500 1.8756 -0.1325
v -0.0450 1.8930 -0.1195
v -0.0312 1.9069 -0.1090
v -0.0111 1.9146 -0.1033
v 0.0111 1.9146 -0.1033
v 0.0312 1.9069 -0.1090
v 0.0450 1.8930 -0.1195
v 0.0500 1.8953 -0.1588
v 0.0450 1.8772 -0.1707
v 0.0312 1.8627 -0.1803
v 0.0111 1.8546 -0.1856
v -0.0111 1.8546 -0.1856
v -0.0312 1.8627 -0.1803
v -0.0450 1.8772 -0.1707
v -0.0500 1.8953 -0.1588
v -0.0450 1.9134 -0.1468
v -0.0312 1.9280 -0.1372
v -0.0111 1.9360 -0.1319
v 0.0111 1.9360 -0.1319
v 0.0312 1.9280 -0.1372
v 0.0450 1.9134 -0.1468
v 0.0500 1.9134 -0.1863
v 0.0450 1.8946 -0.1971
v 0.0312 1.8796 -0.2058
v 0.0111 1.8712 -0.2106
v -0.0111 1.8712 -0.2106
v -0.0312 1.8796 -0.2058
v -0.0450 1.8946 -0.1971
v -0.0500 1.9134 -0.1863
v -0.0450 1.9322 -0.1754
v -0.0312 1.9473 -0.1667
v -0.0111 1.9557 -0.1619
v 0.0111 1.9557 -0.1619
v 0.0312 1.9473 -0.1667
v 0.0450 1.9322 -0.1754
v 0.0500 1.9300 -0.2150
v 0.0450 1.9106 -0.2247
v 0.0312 1.8950 -0.2325
v 0.0111 1.8864 -0.2368
v -0.0111 1.8864 -0.2368
v -0.0312 1.8950 -0.2325
v -0.0450 1.9106 -0.2247
v -0.0500 1.9300 -0.2150
v -0.0450 1.9494 -0.2053
v -0.0312 1.9650 -0.1975
v -0.0111 1.9736 -0.1932
v 0.0111 1.9736 -0.1932
v 0.0312 1.9650 -0.1975
v 0.0450 1.9494 -0.2053
v 0.0500 1.9450 -0.2450
v 0.0450 1.9251 -0.2536
v 0.0312 1.9091 -0.2604
v 0.0111 1.9002 -0.2643
v -0.0111 1.9002 -0.2643
v -0.0312 1.9091 -0.2604
v -0.0450 1.9251 -0.2536
v -0.0500 1.9450 -0.2450
v -0.0450 1.9649 -0.2364
v -0.0312 1.9809 -0.2296
v -0.0111 1.9898 -0.2257
v 0.0111 1.9898 -0.2257
v 0.0312 1.9809 -0.2296
v 0.0450 1.9649 -0.2364
v 0.0500 1.9584 -0.2762
v 0.0450 1.9381 -0.2837
v 0.0312 1.9217 -0.2897
v 0.0111 1.9127 -0.2930
v -0.0111 1.9127 -0.2930
v -0.0312 1.9217 -0.2897
v -0.0450 1.9381 -0.2837
v -0.0500 1.9584 -0.2762
v -0.0450 1.9788 -0.2688
v -0.0312 1.9952 -0.2628
v -0.0111 2.0042 -0.2595
v 0.0111 2.0042 -0.2595
v 0.0312 1.9952 -0.2628
v 0.0450 1.9788 -0.2688
v 0.0500 1.9703 -0.3088
v 0.0450 1.9496 -0.3151
v 0.0312 1.9329 -0.3202
v 0.0111 1.9237 -0.3230
v -0.0111 1.9237 -0.3230
v -0.0312 1.9329 -0.3202
v -0.0450 1.9496 -0.3151
v -0.0500 1.9703 -0.3088
v -0.0450 1.9911 -0.3024
v -0.0312 2.0077 -0.2973
v -0.0111 2.0169 -0.2945
v 0.0111 2.0169 -0.2945
v 0.0312 2.0077 -0.2973
v 0.0450 1.9911 -0.3024
v 0.0500 1.9806 -0.3425
v 0.0450 1.9596 -0.3478
v 0.0312 1.9427 -0.3520
v 0.0111 1.9333 -0.3543
v -0.0111 1.9333 -0.3543
v -0.0312 1.9427 -0.3520
v -0.0450 1.9596 -0.3478
v -0.0500 1.9806 -0.3425
v -0.0450 2.0017 -0.3372
v -0.0312 2.0185 -0.3330
v -0.0111 2.0279 -0.3307
v 0.0111 2.0279 -0.3307
v 0.0312 2.0185 -0.3330
v 0.0450 2.0017 -0.3372
v 0.0500 1.9894 -0.3775
v 0.0450 1.9683 -0.3828
v 0.0312 1.9515 -0.3870
v 0.0111 1.9421 -0.3893
v -0.0111 1.9421 -0.3893
v -0.0312 1.9515 -0.3870
v -0.0450 1.9683 -0.3828
v -0.0500 1.9894 -0.3775
v -0.0450 2.0104 -0.3722
v -0.0312 2.0273 -0.3680
v -0.0111 2.0367 -0.3657
v 0.0111 2.0367 -0.3657
v 0.0312 2.0273 -0.3680
v 0.0450 2.0104 -0.3722
v 0.0500 1.9970 -0.4081
v 0.0450 1.9760 -0.4134
v 0.0312 1.9591 -0.4176
v 0.0111 1.9497 -0.4199
v -0.0111 1.9497 -0.4199
v -0.0312 1.9591 -0.4176
v -0.0450 1.9760 -0.4134
v -0.0500 1.9970 -0.4081
v -0.0450 2.0181 -0.4029
v -0.0312 2.0350 -0.3986
v -0.0111 2.0443 -0.3963
v 0.0111 2.0443 -0.3963
v 0.0312 2.0350 -0.3986
v 0.0450 2.0181 -0.4029
v 0.0500 2.0036 -0.4344
v 0.0450 1.9825 -0.4396
v 0.0312 1.9657 -0.4439
v 0.0111 1.9563 -0.4462
v -0.0111 1.9563 -0.4462
v -0.0312 1.9657 -0.4439
v -0.0450 1.9825 -0.4396
v -0.0500 2.0036 -0.4344
v -0.0450 2.0246 -0.4291
v -0.0312 2.0415 -0.4249
v -0.0111 2.0509 -0.4226
v 0.0111 2.0509 -0.4226
v 0.0312 2.0415 -0.4249
v 0.0450 2.0246 -0.4291
v 0.0500 2.0091 -0.4562
v 0.0450 1.9880 -0.4615
v 0.0312 1.9711 -0.4657
v 0.0111 1.9618 -0.4681
v -0.0111 1.9618 -0.4681
v -0.0312 1.9711 -0.4657
v -0.0450 1.9880 -0.4615
v -0.0500 2.0091 -0.4562
v -0.0450 2.0301 -0.4510
v -0.0312 2.0470 -0.4468
v -0.0111 2.0564 -0.4444
v 0.0111 2.0564 -0.4444
v 0.0312 2.0470 -0.4468
v 0.0450 2.0301 -0.4510
v 0.0500 2.0134 -0.4738
v 0.0450 1.9924 -0.4790
v 0.0312 1.9755 -0.4832
v 0.0111 1.9661 -0.4856
v -0.0111 1.9661 -0.4856
v -0.0312 1.9755 -0.4832
v -0.0450 1.9924 -0.4790
v -0.0500 2.0134 -0.4738
v -0.0450 2.0345 -0.4685
v -0.0312 2.0514 -0.4643
v -0.0111 2.0607 -0.4619
v 0.0111 2.0607 -0.4619
v 0.0312 2.0514 -0.4643
v 0.0450 2.0345 -0.4685
v 0.0500 2.0167 -0.4869
v 0.0450 1.9957 -0.4921
v 0.0312 1.9788 -0.4964
v 0.0111 1.9694 -0.4987
v -0.0111 1.9694 -0.4987
v -0.0312 1.9788 -0.4964
v -0.0450 1.9957 -0.4921
v -0.0500 2.0167 -0.4869
v -0.0450 2.0378 -0.4816
v -0.0312 2.0546 -0.4774
v -0.0111 2.0640 -0.4751
v 0.0111 2.0640 -0.4751
v 0.0312 2.0546 -0.4774
v 0.0450 2.0378 -0.4816
v 0.0500 2.0189 -0.4956
v 0.0450 1.9979 -0.5009
v 0.0312 1.9810 -0.5051
v 0.0111 1.9716 -0.5074
v -0.0111 1.9716 -0.5074
v -0.0312 1.9810 -0.5051
v -0.0450 1.9979 -0.5009
v -0.0500 2.0189 -0.4956
v -0.0450 2.0400 -0.4904
v -0.0312 2.0568 -0.4861
v -0.0111 2.0662 -0.4838
v 0.0111 2.0662 -0.4838
v 0.0312 2.0568 -0.4861
v 0.0450 2.0400 -0.4904
v 0.0500 2.0200 -0.5000
v 0.0450 1.9990 -0.5053
v 0.0312 1.9821 -0.5095
v 0.0111 1.9727 -0.5118
v -0.0111 1.9727 -0.5118
v -0.0312 1.9821 -0.5095
v -0.0450 1.9990 -0.5053
v -0.0500 2.0200 -0.5000
v -0.0450 2.0410 -0.4947
v -0.0312 2.0579 -0.4905
v -0.0111 2.0673 -0.4882
v 0.0111 2.0673 -0.4882
v 0.0312 2.0579 -0.4905
v 0.0450 2.0410 -0.4947
v 0.0000 1.7800 -0.0200
v 0.0000 2.0200 -0.5000
f 1 23 24
f 1 24 2
f 2 24 25
f 2 25 3
f 3 25 26
f 3 26 4
f 4 26 27
f 4 27 5
f 5 27 28
f 5 28 6
f 6 28 29
f 6 29 7
f 7 29 30
f 7 30 8
f 8 30 31
f 8 31 9
f 9 31 32
f 9 32 10
f 10 32 33
f 10 33 11
f 11 33 34
f 11 34 12
f 12 34 35
f 12 35 13
f 13 35 36
f 13 36 14
f 14 36 37
f 14 37 15
f 15 37 38
f 15 38 16
f 16 38 39
f 16 39 17
f 17 39 40
f 17 40 18
f 18 40 41
f 18 41 19
f 19 41 42
f 19 42 20
f 20 42 43
f 20 43 21
f 21 43 44
f 21 44 22
f 22 44 23
f 22 23 1
f 23 45 46
f 23 46 24
f 24 46 47
f 24 47 25
f 25 47 48
f 25 48 26
f 26 48 49
f 26 49 27
f 27 49 50
f 27 50 28
f 28 50 51
f 28 51 29
f 29 51 52
f 29 52 30
f 30 52 53
f 30 53 31
f 31 53 54
f 31 54 32
f 32 54 55
f 32 55 33
f 33 55 56
f 33 56 34
f 34 56 57
f 34 57 35
f 35 57 58
f 35 58 36
f 36 58 59
f 36 59 37
f 37 59 60
f 37 60 38
f 38 60 61
f 38 61 39
f 39 61 62
f 39 62 40
f 40 62 63
f 40 63 41
f 41 63 64
f 41 64 42
f 42 64 65
f 42 65 43
f 43 65 66
f 43 66 44
f 44 66 45
f 44 45 23
f 45 67 68
f 45 68 46
f 46 68 69
f 46 69 47
f 47 69 70
f 47 70 48
f 48 70 71
f 48 71 49
f 49 71 72
f 49 72 50
f 50 72 73
f 50 73 51
f 51 73 74
f 51 74 52
f 52 74 75
f 52 75 53
f 53 75 76
f 53 76 54
f 54 76 77
f 54 77 55
f 55 77 78
f 55 78 56
f 56 78 79
f 56 79 57
f 57 79 80
f 57 80 58
f 58 80 81
f 58 81 59
f 59 81 82
f 59 82 60
f 60 82 83
f 60 83 61
f 61 83 84
f 61 84 62
f 62 84 85
f 62 85 63
f 63 85 86
f 63 86 64
f 64 86 87
f 64 87 65
f 65 87 88
f 65 88 66
f 66 88 67
f 66 67 45
f 67 89 90
f 67 90 68
f 68 90 91
f 68 91 69
f 69 91 92
f 69 92 70
f 70 92 93
f 70 93 71
f 71 93 94
f 71 94 72
f 72 94 95
f 72 95 73
f 73 95 96
f 73 96 74
f 74 96 97
f 74 97 75
f 75 97 98
f 75 98 76
f 76 98 99
f 76 99 77
f 77 99 100
f 77 100 78
f 78 100 101
f 78 101 79
f 79 101 102
f 79 102 80
f 80 102 103
f 80 103 81
f 81 103 104
f 81 104 82
f 82 104 105
f 82 105 83
f 83 105 106
f 83 106 84
f 84 106 107
f 84 107 85
f 85 107 108
f 85 108 86
f 86 108 109
f 86 109 87
f 87 109 110
f 87 110 88
f 88 110 89
f 88 89 67
f 89 111 112
f 89 112 90
f 90 112 113
f 90 113 91
f 91 113 114
f 91 114 92
f 92 114 115
f 92 115 93
f 93 115 116
f 93 116 94
f 94 116 117
f 94 117 95
f 95 117 118
f 95 118 96
f 96 118 119
f 96 119 97
f 97 119 120
f 97 120 98
f 98 120 121
f 98 121 99
f 99 121 122
f 99 122 100
f 100 122 123
f 100 123 101
f 101 123 124
f 101 124 102
f 102 124 125
f 102 125 103
f 103 125 126
f 103 126 104
f 104 126 127
f 104 127 105
f 105 127 128
f 105 128 106
f 106 128 129
f 106 129 107
f 107 129 130
f 107 130 108
f 108 130 131
f 108 131 109
f 109 131 132
f 109 132 110
f 110 132 111
f 110 111 89
f 111 133 134
f 111 134 112
f 112 134 135
f 112 135 113
f 113 135 136
f 113 136 114
f 114 136 137
f 114 137 115
f 115 137 138
f 115 138 116
f 116 138 139
f 116 139 117
f 117 139 140
f 117 140 118
f 118 140 141
f 118 141 119
f 119 141 142
f 119 142 120
f 120 142 143
f 120 143 121
f 121 143 144
f 121 144 122
f 122 144 145
f 122 145 123
f 123 145 146
f 123 146 124
f 124 146 147
f 124 147 125
f 125 147 148
f 125 148 126
f 126 148 149
f 126 149 127
f 127 149 150
f 127 150 128
f 128 150 151
f 128 151 129
f 129 151 152
f 129 152 130
f 130 152 153
f 130 153 131
f 131 153 154
f 131 154 132
f 132 154 133
f 132 133 111
f 133 155 156
f 133 156 134
f 134 156 157
f 134 157 135
f 135 157 158
f 135 158 136
f 136 158 159
f 136 159 137
f 137 159 160
f 137 160 138
f 138 160 161
f 138 161 139
f 139 161 162
f 139 162 140
f 140 162 163
f 140 163 141
f 141 163 164
f 141 164 142
f 142 164 165
f 142 165 143
f 143 165 166
f 143 166 144
f 144 166 167
f 144 167 145
f 145 167 168
f 145 168 146
f 146 168 169
f 146 169 147
f 147 169 170
f 147 170 148
f 148 170 171
f 148 171 149
f 149 171 172
f 149 172 150
f 150 172 173
f 150 173 151
f 151 173 174
f 151 174 152
f 152 174 175
f 152 175 153
f 153 175 176
f 153 176 154
f 154 176 155
f 154 155 133
f 155 177 178
f 155 178 156
f 156 178 179
f 156 179 157
f 157 179 180
f 157 180 158
f 158 180 181
f 158 181 159
f 159 181 182
f 159 182 160
f 160 182 183
f 160 183 161
f 161 183 184
f 161 184 162
f 162 184 185
f 162 185 163
f 163 185 186
f 163 186 164
f 164 186 187
f 164 187 165
f 165 187 188
f 165 188 166
f 166 188 189
f 166 189 167
f 167 189 190
f 167 190 168
f 168 190 191
f 168 191 169
f 169 191 192
f 169 192 170
f 170 192 193
f 170 193 171
f 171 193 194
f 171 194 172
f 172 194 195
f 172 195 173
f 173 195 196
f 173 196 174
f 174 196 197
f 174 197 175
f 175 197 198
f 175 198 176
f 176 198 177
f 176 177 155
f 177 199 200
f 177 200 178
f 178 200 201
f 178 201 179
f 179 201 202
f 179 202 180
f 180 202 203
f 180 203 181
f 181 203 204
f 181 204 182
f 182 204 205
f 182 205 183
f 183 205 206
f 183 206 184
f 184 206 207
f 184 207 185
f 185 207 208
f 185 208 186
f 186 208 209
f 186 209 187
f 187 209 210
f 187 210 188
f 188 210 211
f 188 211 189
f 189 211 212
f 189 212 190
f 190 212 213
f 190 213 191
f 191 213 214
f 191 214 192
f 192 214 215
f 192 215 193
f 193 215 216
f 193 216 194
f 194 216 217
f 194 217 195
f 195 217 218
f 195 218 196
f 196 218 219
f 196 219 197
f 197 219 220
f 197 220 198
f 198 220 199
f 198 199 177
f 199 221 222
f 199 222 200
f 200 222 223
f 200 223 201
f 201 223 224
f 201 224 202
f 202 224 225
f 202 225 203
f 203 225 226
f 203 226 204
f 204 226 227
f 204 227 205
f 205 227 228
f 205 228 206
f 206 228 229
f 206 229 207
f 207 229 230
f 207 230 208
f 208 230 231
f 208 231 209
f 209 231 232
f 209 232 210
f 210 232 233
f 210 233 211
f 211 233 234
f 211 234 212
f 212 234 235
f 212 235 213
f 213 235 236
f 213 236 214
f 214 236 237
f 214 237 215
f 215 237 238
f 215 238 216
f 216 238 239
f 216 239 217
f 217 239 240
f 217 240 218
f 218 240 241
f 218 241 219
f 219 241 242
f 219 242 220
f 220 242 221
f 220 221 199
f 221 243 244
f 221 244 222
f 222 244 245
f 222 245 223
f 223 245 246
f 223 246 224
f 224 246 247
f 224 247 225
f 225 247 248
f 225 248 226
f 226 248 249
f 226 249 227
f 227 249 250
f 227 250 228
f 228 250 251
f 228 251 229
f 229 251 252
f 229 252 230
f 230 252 253
f 230 253 231
f 231 253 254
f 231 254 232
f 232 254 255
f 232 255 233
f 233 255 256
f 233 256 234
f 234 256 257
f 234 257 235
f 235 257 258
f 235 258 236
f 236 258 259
f 236 259 237
f 237 259 260
f 237 260 238
f 238 260 261
f 238 261 239
f 239 261 262
f 239 262 240
f 240 262 263
f 240 263 241
f 241 263 264
f 241 264 242
f 242 264 243
f 242 243 221
f 243 265 266
f 243 266 244
f 244 266 267
f 244 267 245
f 245 267 268
f 245 268 246
f 246 268 269
f 246 269 247
f 247 269 270
f 247 270 248
f 248 270 271
f 248 271 249
f 249 271 272
f 249 272 250
f 250 272 273
f 250 273 251
f 251 273 274
f 251 274 252
f 252 274 275
f 252 275 253
f 253 275 276
f 253 276 254
f 254 276 277
f 254 277 255
f 255 277 278
f 255 278 256
f 256 278 279
f 256 279 257
f 257 279 280
f 257 280 258
f 258 280 281
f 258 281 259
f 259 281 282
f 259 282 260
f 260 282 283
f 260 283 261
f 261 283 284
f 261 284 262
f 262 284 285
f 262 285 263
f 263 285 286
f 263 286 264
f 264 286 265
f 264 265 243
f 265 287 288
f 265 288 266
f 266 288 289
f 266 289 267
f 267 289 290
f 267 290 268
f 268 290 291
f 268 291 269
f 269 291 292
f 269 292 270
f 270 292 293
f 270 293 271
f 271 293 294
f 271 294 272
f 272 294 295
f 272 295 273
f 273 295 296
f 273 296 274
f 274 296 297
f 274 297 275
f 275 297 298
f 275 298 276
f 276 298 299
f 276 299 277
f 277 299 300
f 277 300 278
f 278 300 301
f 278 301 279
f 279 301 302
f 279 302 280
f 280 302 303
f 280 303 281
f 281 303 304
f 281 304 282
f 282 304 305
f 282 305 283
f 283 305 306
f 283 306 284
f 284 306 307
f 284 307 285
f 285 307 308
f 285 308 286
f 286 308 287
f 286 287 265
f 287 309 310
f 287 310 288
f 288 310 311
f 288 311 289
f 289 311 312
f 289 312 290
f 290 312 313
f 290 313 291
f 291 313 314
f 291 314 292
f 292 314 315
f 292 315 293
f 293 315 316
f 293 316 294
f 294 316 317
f 294 317 295
f 295 317 318
f 295 318 296
f 296 318 319
f 296 319 297
f 297 319 320
f 297 320 298
f 298 320 321
f 298 321 299
f 299 321 322
f 299 322 300
f 300 322 323
f 300 323 301
f 301 323 324
f 301 324 302
f 302 324 325
f 302 325 303
f 303 325 326
f 303 326 304
f 304 326 327
f 304 327 305
f 305 327 328
f 305 328 306
f 306 328 329
f 306 329 307
f 307 329 330
f 307 330 308
f 308 330 309
f 308 309 287
f 309 331 332
f 309 332 310
f 310 332 333
f 310 333 311
f 311 333 334
f 311 334 312
f 312 334 335
f 312 335 313
f 313 335 336
f 313 336 314
f 314 336 337
f 314 337 315
f 315 337 338
f 315 338 316
f 316 338 339
f 316 339 317
f 317 339 340
f 317 340 318
f 318 340 341
f 318 341 319
f 319 341 342
f 319 342 320
f 320 342 343
f 320 343 321
f 321 343 344
f 321 344 322
f 322 344 345
f 322 345 323
f 323 345 346
f 323 346 324
f 324 346 347
f 324 347 325
f 325 347 348
f 325 348 326
f 326 348 349
f 326 349 327
f 327 349 350
f 327 350 328
f 328 350 351
f 328 351 329
f 329 351 352
f 329 352 330
f 330 352 331
f 330 331 309
f 331 353 354
f 331 354 332
f 332 354 355
f 332 355 333
f 333 355 356
f 333 356 334
f 334 356 357
f 334 357 335
f 335 357 358
f 335 358 336
f 336 358 359
f 336 359 337
f 337 359 360
f 337 360 338
f 338 360 361
f 338 361 339
f 339 361 362
f 339 362 340
f 340 362 363
f 340 363 341
f 341 363 364
f 341 364 342
f 342 364 365
f 342 365 343
f 343 365 366
f 343 366 344
f 344 366 367
f 344 367 345
f 345 367 368
f 345 368 346
f 346 368 369
f 346 369 347
f 347 369 370
f 347 370 348
f 348 370 371
f 348 371 349
f 349 371 372
f 349 372 350
f 350 372 373
f 350 373 351
f 351 373 374
f 351 374 352
f 352 374 353
f 352 353 331
f 353 375 376
f 353 376 354
f 354 376 377
f 354 377 355
f 355 377 378
f 355 378 356
f 356 378 379
f 356 379 357
f 357 379 380
f 357 380 358
f 358 380 381
f 358 381 359
f 359 381 382
f 359 382 360
f 360 382 383
f 360 383 361
f 361 383 384
f 361 384 362
f 362 384 385
f 362 385 363
f 363 385 386
f 363 386 364
f 364 386 387
f 364 387 365
f 365 387 388
f 365 388 366
f 366 388 389
f 366 389 367
f 367 389 390
f 367 390 368
f 368 390 391
f 368 391 369
f 369 391 392
f 369 392 370
f 370 392 393
f 370 393 371
f 371 393 394
f 371 394 372
f 372 394 395
f 372 395 373
f 373 395 396
f 373 396 374
f 374 396 375
f 374 375 353
f 375 397 398
f 375 398 376
f 376 398 399
f 376 399 377
f 377 399 400
f 377 400 378
f 378 400 401
f 378 401 379
f 379 401 402
f 379 402 380
f 380 402 403
f 380 403 381
f 381 403 404
f 381 404 382
f 382 404 405
f 382 405 383
f 383 405 406
f 383 406 384
f 384 406 407
f 384 407 385
f 385 407 408
f 385 408 386
f 386 408 409
f 386 409 387
f 387 409 410
f 387 410 388
f 388 410 411
f 388 411 389
f 389 411 412
f 389 412 390
f 390 412 413
f 390 413 391
f 391 413 414
f 391 414 392
f 392 414 415
f 392 415 393
f 393 415 416
f 393 416 394
f 394 416 417
f 394 417 395
f 395 417 418
f 395 418 396
f 396 418 397
f 396 397 375
f 397 419 420
f 397 420 398
f 398 420 421
f 398 421 399
f 399 421 422
f 399 422 400
f 400 422 423
f 400 423 401
f 401 423 424
f 401 424 402
f 402 424 425
f 402 425 403
f 403 425 426
f 403 426 404
f 404 426 427
f 404 427 405
f 405 427 428
f 405 428 406
f 406 428 429
f 406 429 407
f 407 429 430
f 407 430 408
f 408 430 431
f 408 431 409
f 409 431 432
f 409 432 410
f 410 432 433
f 410 433 411
f 411 433 434
f 411 434 412
f 412 434 435
f 412 435 413
f 413 435 436
f 413 436 414
f 414 436 437
f 414 437 415
f 415 437 438
f 415 438 416
f 416 438 439
f 416 439 417
f 417 439 440
f 417 440 418
f 418 440 419
f 418 419 397
f 419 441 442
f 419 442 420
f 420 442 443
f 420 443 421
f 421 443 444
f 421 444 422
f 422 444 445
f 422 445 423
f 423 445 446
f 423 446 424
f 424 446 447
f 424 447 425
f 425 447 448
f 425 448 426
f 426 448 449
f 426 449 427
f 427 449 450
f 427 450 428
f 428 450 451
f 428 451 429
f 429 451 452
f 429 452 430
f 430 452 453
f 430 453 431
f 431 453 454
f 431 454 432
f 432 454 455
f 432 455 433
f 433 455 456
f 433 456 434
f 434 456 457
f 434 457 435
f 435 457 458
f 435 458 436
f 436 458 459
f 436 459 437
f 437 459 460
f 437 460 438
f 438 460 461
f 438 461 439
f 439 461 462
f 439 462 440
f 440 462 441
f 440 441 419
f 441 463 464
f 441 464 442
f 442 464 465
f 442 465 443
f 443 465 466
f 443 466 444
f 444 466 467
f 444 467 445
f 445 467 468
f 445 468 446
f 446 468 469
f 446 469 447
f 447 469 470
f 447 470 448
f 448 470 471
f 448 471 449
f 449 471 472
f 449 472 450
f 450 472 473
f 450 473 451
f 451 473 474
f 451 474 452
f 452 474 475
f 452 475 453
f 453 475 476
f 453 476 454
f 454 476 477
f 454 477 455
f 455 477 478
f 455 478 456
f 456 478 479
f 456 479 457
f 457 479 480
f 457 480 458
f 458 480 481
f 458 481 459
f 459 481 482
f 459 482 460
f 460 482 483
f 460 483 461
f 461 483 484
f 461 484 462
f 462 484 463
f 462 463 441
f 463 485 486
f 463 486 464
f 464 486 487
f 464 487 465
f 465 487 488
f 465 488 466
f 466 488 489
f 466 489 467
f 467 489 490
f 467 490 468
f 468 490 491
f 468 491 469
f 469 491 492
f 469 492 470
f 470 492 493
f 470 493 471
f 471 493 494
f 471 494 472
f 472 494 495
f 472 495 473
f 473 495 496
f 473 496 474
f 474 496 497
f 474 497 475
f 475 497 498
f 475 498 476
f 476 498 499
f 476 499 477
f 477 499 500
f 477 500 478
f 478 500 501
f 478 501 479
f 479 501 502
f 479 502 480
f 480 502 503
f 480 503 481
f 481 503 504
f 481 504 482
f 482 504 505
f 482 505 483
f 483 505 506
f 483 506 484
f 484 506 485
f 484 485 463
f 485 507 508
f 485 508 486
f 486 508 509
f 486 509 487
f 487 509 510
f 487 510 488
f 488 510 511
f 488 511 489
f 489 511 512
f 489 512 490
f 490 512 513
f 490 513 491
f 491 513 514
f 491 514 492
f 492 514 515
f 492 515 493
f 493 515 516
f 493 516 494
f 494 516 517
f 494 517 495
f 495 517 518
f 495 518 496
f 496 518 519
f 496 519 497
f 497 519 520
f 497 520 498
f 498 520 521
f 498 521 499
f 499 521 522
f 499 522 500
f 500 522 523
f 500 523 501
f 501 523 524
f 501 524 502
f 502 524 525
f 502 525 503
f 503 525 526
f 503 526 504
f 504 526 527
f 504 527 505
f 505 527 528
f 505 528 506
f 506 528 507
f 506 507 485
f 507 529 530
f 507 530 508
f 508 530 531
f 508 531 509
f 509 531 532
f 509 532 510
f 510 532 533
f 510 533 511
f 511 533 534
f 511 534 512
f 512 534 535
f 512 535 513
f 513 535 536
f 513 536 514
f 514 536 537
f 514 537 515
f 515 537 538
f 515 538 516
f 516 538 539
f 516 539 517
f 517 539 540
f 517 540 518
f 518 540 541
f 518 541 519
f 519 541 542
f 519 542 520
f 520 542 543
f 520 543 521
f 521 543 544
f 521 544 522
f 522 544 545
f 522 545 523
f 523 545 546
f 523 546 524
f 524 546 547
f 524 547 525
f 525 547 548
f 525 548 526
f 526 548 549
f 526 549 527
f 527 549 550
f 527 550 528
f 528 550 529
f 528 529 507
f 529 551 552
f 529 552 530
f 530 552 553
f 530 553 531
f 531 553 554
f 531 554 532
f 532 554 555
f 532 555 533
f 533 555 556
f 533 556 534
f 534 556 557
f 534 557 535
f 535 557 558
f 535 558 536
f 536 558 559
f 536 559 537
f 537 559 560
f 537 560 538
f 538 560 561
f 538 561 539
f 539 561 562
f 539 562 540
f 540 562 563
f 540 563 541
f 541 563 564
f 541 564 542
f 542 564 565
f 542 565 543
f 543 565 566
f 543 566 544
f 544 566 567
f 544 567 545
f 545 567 568
f 545 568 546
f 546 568 569
f 546 569 547
f 547 569 570
f 547 570 548
f 548 570 571
f 548 571 549
f 549 571 572
f 549 572 550
f 550 572 551
f 550 551 529
f 551 573 574
f 551 574 552
f 552 574 575
f 552 575 553
f 553 575 576
f 553 576 554
f 554 576 577
f 554 577 555
f 555 577 578
f 555 578 556
f 556 578 579
f 556 579 557
f 557 579 580
f 557 580 558
f 558 580 581
f 558 581 559
f 559 581 582
f 559 582 560
f 560 582 583
f 560 583 561
f 561 583 584
f 561 584 562
f 562 584 585
f 562 585 563
f 563 585 586
f 563 586 564
f 564 586 587
f 564 587 565
f 565 587 588
f 565 588 566
f 566 588 589
f 566 589 567
f 567 589 590
f 567 590 568
f 568 590 591
f 568 591 569
f 569 591 592
f 569 592 570
f 570 592 593
f 570 593 571
f 571 593 594
f 571 594 572
f 572 594 573
f 572 573 551
f 573 595 596
f 573 596 574
f 574 596 597
f 574 597 575
f 575 597 598
f 575 598 576
f 576 598 599
f 576 599 577
f 577 599 600
f 577 600 578
f 578 600 601
f 578 601 579
f 579 601 602
f 579 602 580
f 580 602 603
f 580 603 581
f 581 603 604
f 581 604 582
f 582 604 605
f 582 605 583
f 583 605 606
f 583 606 584
f 584 606 607
f 584 607 585
f 585 607 608
f 585 608 586
f 586 608 609
f 586 609 587
f 587 609 610
f 587 610 588
f 588 610 611
f 588 611 589
f 589 611 612
f 589 612 590
f 590 612 613
f 590 613 591
f 591 613 614
f 591 614 592
f 592 614 615
f 592 615 593
f 593 615 616
f 593 616 594
f 594 616 595
f 594 595 573
f 595 617 618
f 595 618 596
f 596 618 619
f 596 619 597
f 597 619 620
f 597 620 598
f 598 620 621
f 598 621 599
f 599 621 622
f 599 622 600
f 600 622 623
f 600 623 601
f 601 623 624
f 601 624 602
f 602 624 625
f 602 625 603
f 603 625 626
f 603 626 604
f 604 626 627
f 604 627 605
f 605 627 628
f 605 628 606
f 606 628 629
f 606 629 607
f 607 629 630
f 607 630 608
f 608 630 631
f 608 631 609
f 609 631 632
f 609 632 610
f 610 632 633
f 610 633 611
f 611 633 634
f 611 634 612
f 612 634 635
f 612 635 613
f 613 635 636
f 613 636 614
f 614 636 637
f 614 637 615
f 615 637 638
f 615 638 616
f 616 638 617
f 616 617 595
f 617 639 640
f 617 640 618
f 618 640 641
f 618 641 619
f 619 641 642
f 619 642 620
f 620 642 643
f 620 643 621
f 621 643 644
f 621 644 622
f 622 644 645
f 622 645 623
f 623 645 646
f 623 646 624
f 624 646 647
f 624 647 625
f 625 647 648
f 625 648 626
f 626 648 649
f 626 649 627
f 627 649 650
f 627 650 628
f 628 650 651
f 628 651 629
f 629 651 652
f 629 652 630
f 630 652 653
f 630 653 631
f 631 653 654
f 631 654 632
f 632 654 655
f 632 655 633
f 633 655 656
f 633 656 634
f 634 656 657
f 634 657 635
f 635 657 658
f 635 658 636
f 636 658 659
f 636 659 637
f 637 659 660
f 637 660 638
f 638 660 639
f 638 639 617
f 639 661 662
f 639 662 640
f 640 662 663
f 640 663 641
f 641 663 664
f 641 664 642
f 642 664 665
f 642 665 643
f 643 665 666
f 643 666 644
f 644 666 667
f 644 667 645
f 645 667 668
f 645 668 646
f 646 668 669
f 646 669 647
f 647 669 670
f 647 670 648
f 648 670 671
f 648 671 649
f 649 671 672
f 649 672 650
f 650 672 673
f 650 673 651
f 651 673 674
f 651 674 652
f 652 674 675
f 652 675 653
f 653 675 676
f 653 676 654
f 654 676 677
f 654 677 655
f 655 677 678
f 655 678 656
f 656 678 679
f 656 679 657
f 657 679 680
f 657 680 658
f 658 680 681
f 658 681 659
f 659 681 682
f 659 682 660
f 660 682 661
f 660 661 639
f 661 683 684
f 661 684 662
f 662 684 685
f 662 685 663
f 663 685 686
f 663 686 664
f 664 686 687
f 664 687 665
f 665 687 688
f 665 688 666
f 666 688 689
f 666 689 667
f 667 689 690
f 667 690 668
f 668 690 691
f 668 691 669
f 669 691 692
f 669 692 670
f 670 692 693
f 670 693 671
f 671 693 694
f 671 694 672
f 672 694 695
f 672 695 673
f 673 695 696
f 673 696 674
f 674 696 697
f 674 697 675
f 675 697 698
f 675 698 676
f 676 698 699
f 676 699 677
f 677 699 700
f 677 700 678
f 678 700 701
f 678 701 679
f 679 701 702
f 679 702 680
f 680 702 703
f 680 703 681
f 681 703 704
f 681 704 682
f 682 704 683
f 682 683 661
f 683 705 706
f 683 706 684
f 684 706 707
f 684 707 685
f 685 707 708
f 685 708 686
f 686 708 709
f 686 709 687
f 687 709 710
f 687 710 688
f 688 710 711
f 688 711 689
f 689 711 712
f 689 712 690
f 690 712 713
f 690 713 691
f 691 713 714
f 691 714 692
f 692 714 715
f 692 715 693
f 693 715 716
f 693 716 694
f 694 716 717
f 694 717 695
f 695 717 718
f 695 718 696
f 696 718 719
f 696 719 697
f 697 719 720
f 697 720 698
f 698 720 721
f 698 721 699
f 699 721 722
f 699 722 700
f 700 722 723
f 700 723 701
f 701 723 724
f 701 724 702
f 702 724 725
f 702 725 703
f 703 725 726
f 703 726 704
f 704 726 705
f 704 705 683
f 705 727 728
f 705 728 706
f 706 728 729
f 706 729 707
f 707 729 730
f 707 730 708
f 708 730 731
f 708 731 709
f 709 731 732
f 709 732 710
f 710 732 733
f 710 733 711
f 711 733 734
f 711 734 712
f 712 734 735
f 712 735 713
f 713 735 736
f 713 736 714
f 714 736 737
f 714 737 715
f 715 737 738
f 715 738 716
f 716 738 739
f 716 739 717
f 717 739 740
f 717 740 718
f 718 740 741
f 718 741 719
f 719 741 742
f 719 742 720
f 720 742 743
f 720 743 721
f 721 743 744
f 721 744 722
f 722 744 745
f 722 745 723
f 723 745 746
f 723 746 724
f 724 746 747
f 724 747 725
f 725 747 748
f 725 748 726
f 726 748 727
f 726 727 705
f 727 749 750
f 727 750 728
f 728 750 751
f 728 751 729
f 729 751 752
f 729 752 730
f 730 752 753
f 730 753 731
f 731 753 754
f 731 754 732
f 732 754 755
f 732 755 733
f 733 755 756
f 733 756 734
f 734 756 757
f 734 757 735
f 735 757 758
f 735 758 736
f 736 758 759
f 736 759 737
f 737 759 760
f 737 760 738
f 738 760 761
f 738 761 739
f 739 761 762
f 739 762 740
f 740 762 763
f 740 763 741
f 741 763 764
f 741 764 742
f 742 764 765
f 742 765 743
f 743 765 766
f 743 766 744
f 744 766 767
f 744 767 745
f 745 767 768
f 745 768 746
f 746 768 769
f 746 769 747
f 747 769 770
f 747 770 748
f 748 770 749
f 748 749 727
f 749 771 772
f 749 772 750
f 750 772 773
f 750 773 751
f 751 773 774
f 751 774 752
f 752 774 775
f 752 775 753
f 753 775 776
f 753 776 754
f 754 776 777
f 754 777 755
f 755 777 778
f 755 778 756
f 756 778 779
f 756 779 757
f 757 779 780
f 757 780 758
f 758 780 781
f 758 781 759
f 759 781 782
f 759 782 760
f 760 782 783
f 760 783 761
f 761 783 784
f 761 784 762
f 762 784 785
f 762 785 763
f 763 785 786
f 763 786 764
f 764 786 787
f 764 787 765
f 765 787 788
f 765 788 766
f 766 788 789
f 766 789 767
f 767 789 790
f 767 790 768
f 768 790 791
f 768 791 769
f 769 791 792
f 769 792 770
f 770 792 771
f 770 771 749
f 771 793 794
f 771 794 772
f 772 794 795
f 772 795 773
f 773 795 796
f 773 796 774
f 774 796 797
f 774 797 775
f 775 797 798
f 775 798 776
f 776 798 799
f 776 799 777
f 777 799 800
f 777 800 778
f 778 800 801
f 778 801 779
f 779 801 802
f 779 802 780
f 780 802 803
f 780 803 781
f 781 803 804
f 781 804 782
f 782 804 805
f 782 805 783
f 783 805 806
f 783 806 784
f 784 806 807
f 784 807 785
f 785 807 808
f 785 808 786
f 786 808 809
f 786 809 787
f 787 809 810
f 787 810 788
f 788 810 811
f 788 811 789
f 789 811 812
f 789 812 790
f 790 812 813
f 790 813 791
f 791 813 814
f 791 814 792
f 792 814 793
f 792 793 771
f 793 815 816
f 793 816 794
f 794 816 817
f 794 817 795
f 795 817 818
f 795 818 796
f 796 818 819
f 796 819 797
f 797 819 820
f 797 820 798
f 798 820 821
f 798 821 799
f 799 821 822
f 799 822 800
f 800 822 823
f 800 823 801
f 801 823 824
f 801 824 802
f 802 824 825
f 802 825 803
f 803 825 826
f 803 826 804
f 804 826 827
f 804 827 805
f 805 827 828
f 805 828 806
f 806 828 829
f 806 829 807
f 807 829 830
f 807 830 808
f 808 830 831
f 808 831 809
f 809 831 832
f 809 832 810
f 810 832 833
f 810 833 811
f 811 833 834
f 811 834 812
f 812 834 835
f 812 835 813
f 813 835 836
f 813 836 814
f 814 836 815
f 814 815 793
f 815 837 838
f 815 838 816
f 816 838 839
f 816 839 817
f 817 839 840
f 817 840 818
f 818 840 841
f 818 841 819
f 819 841 842
f 819 842 820
f 820 842 843
f 820 843 821
f 821 843 844
f 821 844 822
f 822 844 845
f 822 845 823
f 823 845 846
f 823 846 824
f 824 846 847
f 824 847 825
f 825 847 848
f 825 848 826
f 826 848 849
f 826 849 827
f 827 849 850
f 827 850 828
f 828 850 851
f 828 851 829
f 829 851 852
f 829 852 830
f 830 852 853
f 830 853 831
f 831 853 854
f 831 854 832
f 832 854 855
f 832 855 833
f 833 855 856
f 833 856 834
f 834 856 857
f 834 857 835
f 835 857 858
f 835 858 836
f 836 858 837
f 836 837 815
f 837 859 860
f 837 860 838
f 838 860 861
f 838 861 839
f 839 861 862
f 839 862 840
f 840 862 863
f 840 863 841
f 841 863 864
f 841 864 842
f 842 864 865
f 842 865 843
f 843 865 866
f 843 866 844
f 844 866 867
f 844 867 845
f 845 867 868
f 845 868 846
f 846 868 869
f 846 869 847
f 847 869 870
f 847 870 848
f 848 870 871
f 848 871 849
f 849 871 872
f 849 872 850
f 850 872 873
f 850 873 851
f 851 873 874
f 851 874 852
f 852 874 875
f 852 875 853
f 853 875 876
f 853 876 854
f 854 876 877
f 854 877 855
f 855 877 878
f 855 878 856
f 856 878 879
f 856 879 857
f 857 879 880
f 857 880 858
f 858 880 859
f 858 859 837
f 859 881 882
f 859 882 860
f 860 882 883
f 860 883 861
f 861 883 884
f 861 884 862
f 862 884 885
f 862 885 863
f 863 885 886
f 863 886 864
f 864 886 887
f 864 887 865
f 865 887 888
f 865 888 866
f 866 888 889
f 866 889 867
f 867 889 890
f 867 890 868
f 868 890 891
f 868 891 869
f 869 891 892
f 869 892 870
f 870 892 893
f 870 893 871
f 871 893 894
f 871 894 872
f 872 894 895
f 872 895 873
f 873 895 896
f 873 896 874
f 874 896 897
f 874 897 875
f 875 897 898
f 875 898 876
f 876 898 899
f 876 899 877
f 877 899 900
f 877 900 878
f 878 900 901
f 878 901 879
f 879 901 902
f 879 902 880
f 880 902 881
f 880 881 859
f 881 903 904
f 881 904 882
f 882 904 905
f 882 905 883
f 883 905 906
f 883 906 884
f 884 906 907
f 884 907 885
f 885 907 908
f 885 908 886
f 886 908 909
f 886 909 887
f 887 909 910
f 887 910 888
f 888 910 911
f 888 911 889
f 889 911 912
f 889 912 890
f 890 912 913
f 890 913 891
f 891 913 914
f 891 914 892
f 892 914 915
f 892 915 893
f 893 915 916
f 893 916 894
f 894 916 917
f 894 917 895
f 895 917 918
f 895 918 896
f 896 918 919
f 896 919 897
f 897 919 920
f 897 920 898
f 898 920 921
f 898 921 899
f 899 921 922
f 899 922 900
f 900 922 923
f 900 923 901
f 901 923 924
f 901 924 902
f 902 924 903
f 902 903 881
f 903 925 926
f 903 926 904
f 904 926 927
f 904 927 905
f 905 927 928
f 905 928 906
f 906 928 929
f 906 929 907
f 907 929 930
f 907 930 908
f 908 930 931
f 908 931 909
f 909 931 932
f 909 932 910
f 910 932 933
f 910 933 911
f 911 933 934
f 911 934 912
f 912 934 935
f 912 935 913
f 913 935 936
f 913 936 914
f 914 936 937
f 914 937 915
f 915 937 938
f 915 938 916
f 916 938 939
f 916 939 917
f 917 939 940
f 917 940 918
f 918 940 941
f 918 941 919
f 919 941 942
f 919 942 920
f 920 942 943
f 920 943 921
f 921 943 944
f 921 944 922
f 922 944 945
f 922 945 923
f 923 945 946
f 923 946 924
f 924 946 925
f 924 925 903
f 925 947 948
f 925 948 926
f 926 948 949
f 926 949 927
f 927 949 950
f 927 950 928
f 928 950 951
f 928 951 929
f 929 951 952
f 929 952 930
f 930 952 953
f 930 953 931
f 931 953 954
f 931 954 932
f 932 954 955
f 932 955 933
f 933 955 956
f 933 956 934
f 934 956 957
f 934 957 935
f 935 957 958
f 935 958 936
f 936 958 959
f 936 959 937
f 937 959 960
f 937 960 938
f 938 960 961
f 938 961 939
f 939 961 962
f 939 962 940
f 940 962 963
f 940 963 941
f 941 963 964
f 941 964 942
f 942 964 965
f 942 965 943
f 943 965 966
f 943 966 944
f 944 966 967
f 944 967 945
f 945 967 968
f 945 968 946
f 946 968 947
f 946 947 925
f 947 969 970
f 947 970 948
f 948 970 971
f 948 971 949
f 949 971 972
f 949 972 950
f 950 972 973
f 950 973 951
f 951 973 974
f 951 974 952
f 952 974 975
f 952 975 953
f 953 975 976
f 953 976 954
f 954 976 977
f 954 977 955
f 955 977 978
f 955 978 956
f 956 978 979
f 956 979 957
f 957 979 980
f 957 980 958
f 958 980 981
f 958 981 959
f 959 981 982
f 959 982 960
f 960 982 983
f 960 983 961
f 961 983 984
f 961 984 962
f 962 984 985
f 962 985 963
f 963 985 986
f 963 986 964
f 964 986 987
f 964 987 965
f 965 987 988
f 965 988 966
f 966 988 989
f 966 989 967
f 967 989 990
f 967 990 968
f 968 990 969
f 968 969 947
f 969 991 992
f 969 992 970
f 970 992 993
f 970 993 971
f 971 993 994
f 971 994 972
f 972 994 995
f 972 995 973
f 973 995 996
f 973 996 974
f 974 996 997
f 974 997 975
f 975 997 998
f 975 998 976
f 976 998 999
f 976 999 977
f 977 999 1000
f 977 1000 978
f 978 1000 1001
f 978 1001 979
f 979 1001 1002
f 979 1002 980
f 980 1002 1003
f 980 1003 981
f 981 1003 1004
f 981 1004 982
f 982 1004 1005
f 982 1005 983
f 983 1005 1006
f 983 1006 984
f 984 1006 1007
f 984 1007 985
f 985 1007 1008
f 985 1008 986
f 986 1008 1009
f 986 1009 987
f 987 1009 1010
f 987 1010 988
f 988 1010 1011
f 988 1011 989
f 989 1011 1012
f 989 1012 990
f 990 1012 991
f 990 991 969
f 991 1013 1014
f 991 1014 992
f 992 1014 1015
f 992 1015 993
f 993 1015 1016
f 993 1016 994
f 994 1016 1017
f 994 1017 995
f 995 1017 1018
f 995 1018 996
f 996 1018 1019
f 996 1019 997
f 997 1019 1020
f 997 1020 998
f 998 1020 1021
f 998 1021 999
f 999 1021 1022
f 999 1022 1000
f 1000 1022 1023
f 1000 1023 1001
f 1001 1023 1024
f 1001 1024 1002
f 1002 1024 1025
f 1002 1025 1003
f 1003 1025 1026
f 1003 1026 1004
f 1004 1026 1027
f 1004 1027 1005
f 1005 1027 1028
f 1005 1028 1006
f 1006 1028 1029
f 1006 1029 1007
f 1007 1029 1030
f 1007 1030 1008
f 1008 1030 1031
f 1008 1031 1009
f 1009 1031 1032
f 1009 1032 1010
f 1010 1032 1033
f 1010 1033 1011
f 1011 1033 1034
f 1011 1034 1012
f 1012 1034 1013
f 1012 1013 991
f 1013 1035 1036
f 1013 1036 1014
f 1014 1036 1037
f 1014 1037 1015
f 1015 1037 1038
f 1015 1038 1016
f 1016 1038 1039
f 1016 1039 1017
f 1017 1039 1040
f 1017 1040 1018
f 1018 1040 1041
f 1018 1041 1019
f 1019 1041 1042
f 1019 1042 1020
f 1020 1042 1043
f 1020 1043 1021
f 1021 1043 1044
f 1021 1044 1022
f 1022 1044 1045
f 1022 1045 1023
f 1023 1045 1046
f 1023 1046 1024
f 1024 1046 1047
f 1024 1047 1025
f 1025 1047 1048
f 1025 1048 1026
f 1026 1048 1049
f 1026 1049 1027
f 1027 1049 1050
f 1027 1050 1028
f 1028 1050 1051
f 1028 1051 1029
f 1029 1051 1052
f 1029 1052 1030
f 1030 1052 1053
f 1030 1053 1031
f 1031 1053 1054
f 1031 1054 1032
f 1032 1054 1055
f 1032 1055 1033
f 1033 1055 1056
f 1033 1056 1034
f 1034 1056 1035
f 1034 1035 1013
f 1035 1057 1058
f 1035 1058 1036
f 1036 1058 1059
f 1036 1059 1037
f 1037 1059 1060
f 1037 1060 1038
f 1038 1060 1061
f 1038 1061 1039
f 1039 1061 1062
f 1039 1062 1040
f 1040 1062 1063
f 1040 1063 1041
f 1041 1063 1064
f 1041 1064 1042
f 1042 1064 1065
f 1042 1065 1043
f 1043 1065 1066
f 1043 1066 1044
f 1044 1066 1067
f 1044 1067 1045
f 1045 1067 1068
f 1045 1068 1046
f 1046 1068 1069
f 1046 1069 1047
f 1047 1069 1070
f 1047 1070 1048
f 1048 1070 1071
f 1048 1071 1049
f 1049 1071 1072
f 1049 1072 1050
f 1050 1072 1073
f 1050 1073 1051
f 1051 1073 1074
f 1051 1074 1052
f 1052 1074 1075
f 1052 1075 1053
f 1053 1075 1076
f 1053 1076 1054
f 1054 1076 1077
f 1054 1077 1055
f 1055 1077 1078
f 1055 1078 1056
f 1056 1078 1057
f 1056 1057 1035
f 1057 1079 1080
f 1057 1080 1058
f 1058 1080 1081
f 1058 1081 1059
f 1059 1081 1082
f 1059 1082 1060
f 1060 1082 1083
f 1060 1083 1061
f 1061 1083 1084
f 1061 1084 1062
f 1062 1084 1085
f 1062 1085 1063
f 1063 1085 1086
f 1063 1086 1064
f 1064 1086 1087
f 1064 1087 1065
f 1065 1087 1088
f 1065 1088 1066
f 1066 1088 1089
f 1066 1089 1067
f 1067 1089 1090
f 1067 1090 1068
f 1068 1090 1091
f 1068 1091 1069
f 1069 1091 1092
f 1069 1092 1070
f 1070 1092 1093
f 1070 1093 1071
f 1071 1093 1094
f 1071 1094 1072
f 1072 1094 1095
f 1072 1095 1073
f 1073 1095 1096
f 1073 1096 1074
f 1074 1096 1097
f 1074 1097 1075
f 1075 1097 1098
f 1075 1098 1076
f 1076 1098 1099
f 1076 1099 1077
f 1077 1099 1100
f 1077 1100 1078
f 1078 1100 1079
f 1078 1079 1057
f 1079 1101 1102
f 1079 1102 1080
f 1080 1102 1103
f 1080 1103 1081
f 1081 1103 1104
f 1081 1104 1082
f 1082 1104 1105
f 1082 1105 1083
f 1083 1105 1106
f 1083 1106 1084
f 1084 1106 1107
f 1084 1107 1085
f 1085 1107 1108
f 1085 1108 1086
f 1086 1108 1109
f 1086 1109 1087
f 1087 1109 1110
f 1087 1110 1088
f 1088 1110 1111
f 1088 1111 1089
f 1089 1111 1112
f 1089 1112 1090
f 1090 1112 1113
f 1090 1113 1091
f 1091 1113 1114
f 1091 1114 1092
f 1092 1114 1115
f 1092 1115 1093
f 1093 1115 1116
f 1093 1116 1094
f 1094 1116 1117
f 1094 1117 1095
f 1095 1117 1118
f 1095 1118 1096
f 1096 1118 1119
f 1096 1119 1097
f 1097 1119 1120
f 1097 1120 1098
f 1098 1120 1121
f 1098 1121 1099
f 1099 1121 1122
f 1099 1122 1100
f 1100 1122 1101
f 1100 1101 1079
f 1101 1123 1124
f 1101 1124 1102
f 1102 1124 1125
f 1102 1125 1103
f 1103 1125 1126
f 1103 1126 1104
f 1104 1126 1127
f 1104 1127 1105
f 1105 1127 1128
f 1105 1128 1106
f 1106 1128 1129
f 1106 1129 1107
f 1107 1129 1130
f 1107 1130 1108
f 1108 1130 1131
f 1108 1131 1109
f 1109 1131 1132
f 1109 1132 1110
f 1110 1132 1133
f 1110 1133 1111
f 1111 1133 1134
f 1111 1134 1112
f 1112 1134 1135
f 1112 1135 1113
f 1113 1135 1136
f 1113 1136 1114
f 1114 1136 1137
f 1114 1137 1115
f 1115 1137 1138
f 1115 1138 1116
f 1116 1138 1139
f 1116 1139 1117
f 1117 1139 1140
f 1117 1140 1118
f 1118 1140 1141
f 1118 1141 1119
f 1119 1141 1142
f 1119 1142 1120
f 1120 1142 1143
f 1120 1143 1121
f 1121 1143 1144
f 1121 1144 1122
f 1122 1144 1123
f 1122 1123 1101
f 1123 1145 1146
f 1123 1146 1124
f 1124 1146 1147
f 1124 1147 1125
f 1125 1147 1148
f 1125 1148 1126
f 1126 1148 1149
f 1126 1149 1127
f 1127 1149 1150
f 1127 1150 1128
f 1128 1150 1151
f 1128 1151 1129
f 1129 1151 1152
f 1129 1152 1130
f 1130 1152 1153
f 1130 1153 1131
f 1131 1153 1154
f 1131 1154 1132
f 1132 1154 1155
f 1132 1155 1133
f 1133 1155 1156
f 1133 1156 1134
f 1134 1156 1157
f 1134 1157 1135
f 1135 1157 1158
f 1135 1158 1136
f 1136 1158 1159
f 1136 1159 1137
f 1137 1159 1160
f 1137 1160 1138
f 1138 1160 1161
f 1138 1161 1139
f 1139 1161 1162
f 1139 1162 1140
f 1140 1162 1163
f 1140 1163 1141
f 1141 1163 1164
f 1141 1164 1142
f 1142 1164 1165
f 1142 1165 1143
f 1143 1165 1166
f 1143 1166 1144
f 1144 1166 1145
f 1144 1145 1123
f 1145 1167 1168
f 1145 1168 1146
f 1146 1168 1169
f 1146 1169 1147
f 1147 1169 1170
f 1147 1170 1148
f 1148 1170 1171
f 1148 1171 1149
f 1149 1171 1172
f 1149 1172 1150
f 1150 1172 1173
f 1150 1173 1151
f 1151 1173 1174
f 1151 1174 1152
f 1152 1174 1175
f 1152 1175 1153
f 1153 1175 1176
f 1153 1176 1154
f 1154 1176 1177
f 1154 1177 1155
f 1155 1177 1178
f 1155 1178 1156
f 1156 1178 1179
f 1156 1179 1157
f 1157 1179 1180
f 1157 1180 1158
f 1158 1180 1181
f 1158 1181 1159
f 1159 1181 1182
f 1159 1182 1160
f 1160 1182 1183
f 1160 1183 1161
f 1161 1183 1184
f 1161 1184 1162
f 1162 1184 1185
f 1162 1185 1163
f 1163 1185 1186
f 1163 1186 1164
f 1164 1186 1187
f 1164 1187 1165
f 1165 1187 1188
f 1165 1188 1166
f 1166 1188 1167
f 1166 1167 1145
f 1167 1189 1190
f 1167 1190 1168
f 1168 1190 1191
f 1168 1191 1169
f 1169 1191 1192
f 1169 1192 1170
f 1170 1192 1193
f 1170 1193 1171
f 1171 1193 1194
f 1171 1194 1172
f 1172 1194 1195
f 1172 1195 1173
f 1173 1195 1196
f 1173 1196 1174
f 1174 1196 1197
f 1174 1197 1175
f 1175 1197 1198
f 1175 1198 1176
f 1176 1198 1199
f 1176 1199 1177
f 1177 1199 1200
f 1177 1200 1178
f 1178 1200 1201
f 1178 1201 1179
f 1179 1201 1202
f 1179 1202 1180
f 1180 1202 1203
f 1180 1203 1181
f 1181 1203 1204
f 1181 1204 1182
f 1182 1204 1205
f 1182 1205 1183
f 1183 1205 1206
f 1183 1206 1184
f 1184 1206 1207
f 1184 1207 1185
f 1185 1207 1208
f 1185 1208 1186
f 1186 1208 1209
f 1186 1209 1187
f 1187 1209 1210
f 1187 1210 1188
f 1188 1210 1189
f 1188 1189 1167
f 1189 1211 1212
f 1189 1212 1190
f 1190 1212 1213
f 1190 1213 1191
f 1191 1213 1214
f 1191 1214 1192
f 1192 1214 1215
f 1192 1215 1193
f 1193 1215 1216
f 1193 1216 1194
f 1194 1216 1217
f 1194 1217 1195
f 1195 1217 1218
f 1195 1218 1196
f 1196 1218 1219
f 1196 1219 1197
f 1197 1219 1220
f 1197 1220 1198
f 1198 1220 1221
f 1198 1221 1199
f 1199 1221 1222
f 1199 1222 1200
f 1200 1222 1223
f 1200 1223 1201
f 1201 1223 1224
f 1201 1224 1202
f 1202 1224 1225
f 1202 1225 1203
f 1203 1225 1226
f 1203 1226 1204
f 1204 1226 1227
f 1204 1227 1205
f 1205 1227 1228
f 1205 1228 1206
f 1206 1228 1229
f 1206 1229 1207
f 1207 1229 1230
f 1207 1230 1208
f 1208 1230 1231
f 1208 1231 1209
f 1209 1231 1232
f 1209 1232 1210
f 1210 1232 1211
f 1210 1211 1189
f 1211 1233 1234
f 1211 1234 1212
f 1212 1234 1235
f 1212 1235 1213
f 1213 1235 1236
f 1213 1236 1214
f 1214 1236 1237
f 1214 1237 1215
f 1215 1237 1238
f 1215 1238 1216
f 1216 1238 1239
f 1216 1239 1217
f 1217 1239 1240
f 1217 1240 1218
f 1218 1240 1241
f 1218 1241 1219
f 1219 1241 1242
f 1219 1242 1220
f 1220 1242 1243
f 1220 1243 1221
f 1221 1243 1244
f 1221 1244 1222
f 1222 1244 1245
f 1222 1245 1223
f 1223 1245 1246
f 1223 1246 1224
f 1224 1246 1247
f 1224 1247 1225
f 1225 1247 1248
f 1225 1248 1226
f 1226 1248 1249
f 1226 1249 1227
f 1227 1249 1250
f 1227 1250 1228
f 1228 1250 1251
f 1228 1251 1229
f 1229 1251 1252
f 1229 1252 1230
f 1230 1252 1253
f 1230 1253 1231
f 1231 1253 1254
f 1231 1254 1232
f 1232 1254 1233
f 1232 1233 1211
f 1233 1255 1256
f 1233 1256 1234
f 1234 1256 1257
f 1234 1257 1235
f 1235 1257 1258
f 1235 1258 1236
f 1236 1258 1259
f 1236 1259 1237
f 1237 1259 1260
f 1237 1260 1238
f 1238 1260 1261
f 1238 1261 1239
f 1239 1261 1262
f 1239 1262 1240
f 1240 1262 1263
f 1240 1263 1241
f 1241 1263 1264
f 1241 1264 1242
f 1242 1264 1265
f 1242 1265 1243
f 1243 1265 1266
f 1243 1266 1244
f 1244 1266 1267
f 1244 1267 1245
f 1245 1267 1268
f 1245 1268 1246
f 1246 1268 1269
f 1246 1269 1247
f 1247 1269 1270
f 1247 1270 1248
f 1248 1270 1271
f 1248 1271 1249
f 1249 1271 1272
f 1249 1272 1250
f 1250 1272 1273
f 1250 1273 1251
f 1251 1273 1274
f 1251 1274 1252
f 1252 1274 1275
f 1252 1275 1253
f 1253 1275 1276
f 1253 1276 1254
f 1254 1276 1255
f 1254 1255 1233
f 1255 1277 1278
f 1255 1278 1256
f 1256 1278 1279
f 1256 1279 1257
f 1257 1279 1280
f 1257 1280 1258
f 1258 1280 1281
f 1258 1281 1259
f 1259 1281 1282
f 1259 1282 1260
f 1260 1282 1283
f 1260 1283 1261
f 1261 1283 1284
f 1261 1284 1262
f 1262 1284 1285
f 1262 1285 1263
f 1263 1285 1286
f 1263 1286 1264
f 1264 1286 1287
f 1264 1287 1265
f 1265 1287 1288
f 1265 1288 1266
f 1266 1288 1289
f 1266 1289 1267
f 1267 1289 1290
f 1267 1290 1268
f 1268 1290 1291
f 1268 1291 1269
f 1269 1291 1292
f 1269 1292 1270
f 1270 1292 1293
f 1270 1293 1271
f 1271 1293 1294
f 1271 1294 1272
f 1272 1294 1295
f 1272 1295 1273
f 1273 1295 1296
f 1273 1296 1274
f 1274 1296 1297
f 1274 1297 1275
f 1275 1297 1298
f 1275 1298 1276
f 1276 1298 1277
f 1276 1277 1255
f 1277 1299 1300
f 1277 1300 1278
f 1278 1300 1301
f 1278 1301 1279
f 1279 1301 1302
f 1279 1302 1280
f 1280 1302 1303
f 1280 1303 1281
f 1281 1303 1304
f 1281 1304 1282
f 1282 1304 1305
f 1282 1305 1283
f 1283 1305 1306
f 1283 1306 1284
f 1284 1306 1307
f 1284 1307 1285
f 1285 1307 1308
f 1285 1308 1286
f 1286 1308 1309
f 1286 1309 1287
f 1287 1309 1310
f 1287 1310 1288
f 1288 1310 1311
f 1288 1311 1289
f 1289 1311 1312
f 1289 1312 1290
f 1290 1312 1313
f 1290 1313 1291
f 1291 1313 1314
f 1291 1314 1292
f 1292 1314 1315
f 1292 1315 1293
f 1293 1315 1316
f 1293 1316 1294
f 1294 1316 1317
f 1294 1317 1295
f 1295 1317 1318
f 1295 1318 1296
f 1296 1318 1319
f 1296 1319 1297
f 1297 1319 1320
f 1297 1320 1298
f 1298 1320 1299
f 1298 1299 1277
f 1299 1321 1322
f 1299 1322 1300
f 1300 1322 1323
f 1300 1323 1301
f 1301 1323 1324
f 1301 1324 1302
f 1302 1324 1325
f 1302 1325 1303
f 1303 1325 1326
f 1303 1326 1304
f 1304 1326 1327
f 1304 1327 1305
f 1305 1327 1328
f 1305 1328 1306
f 1306 1328 1329
f 1306 1329 1307
f 1307 1329 1330
f 1307 1330 1308
f 1308 1330 1331
f 1308 1331 1309
f 1309 1331 1332
f 1309 1332 1310
f 1310 1332 1333
f 1310 1333 1311
f 1311 1333 1334
f 1311 1334 1312
f 1312 1334 1335
f 1312 1335 1313
f 1313 1335 1336
f 1313 1336 1314
f 1314 1336 1337
f 1314 1337 1315
f 1315 1337 1338
f 1315 1338 1316
f 1316 1338 1339
f 1316 1339 1317
f 1317 1339 1340
f 1317 1340 1318
f 1318 1340 1341
f 1318 1341 1319
f 1319 1341 1342
f 1319 1342 1320
f 1320 1342 1321
f 1320 1321 1299
f 1321 1343 1344
f 1321 1344 1322
f 1322 1344 1345
f 1322 1345 1323
f 1323 1345 1346
f 1323 1346 1324
f 1324 1346 1347
f 1324 1347 1325
f 1325 1347 1348
f 1325 1348 1326
f 1326 1348 1349
f 1326 1349 1327
f 1327 1349 1350
f 1327 1350 1328
f 1328 1350 1351
f 1328 1351 1329
f 1329 1351 1352
f 1329 1352 1330
f 1330 1352 1353
f 1330 1353 1331
f 1331 1353 1354
f 1331 1354 1332
f 1332 1354 1355
f 1332 1355 1333
f 1333 1355 1356
f 1333 1356 1334
f 1334 1356 1357
f 1334 1357 1335
f 1335 1357 1358
f 1335 1358 1336
f 1336 1358 1359
f 1336 1359 1337
f 1337 1359 1360
f 1337 1360 1338
f 1338 1360 1361
f 1338 1361 1339
f 1339 1361 1362
f 1339 1362 1340
f 1340 1362 1363
f 1340 1363 1341
f 1341 1363 1364
f 1341 1364 1342
f 1342 1364 1343
f 1342 1343 1321
f 1343 1365 1366
f 1343 1366 1344
f 1344 1366 1367
f 1344 1367 1345
f 1345 1367 1368
f 1345 1368 1346
f 1346 1368 1369
f 1346 1369 1347
f 1347 1369 1370
f 1347 1370 1348
f 1348 1370 1371
f 1348 1371 1349
f 1349 1371 1372
f 1349 1372 1350
f 1350 1372 1373
f 1350 1373 1351
f 1351 1373 1374
f 1351 1374 1352
f 1352 1374 1375
f 1352 1375 1353
f 1353 1375 1376
f 1353 1376 1354
f 1354 1376 1377
f 1354 1377 1355
f 1355 1377 1378
f 1355 1378 1356
f 1356 1378 1379
f 1356 1379 1357
f 1357 1379 1380
f 1357 1380 1358
f 1358 1380 1381
f 1358 1381 1359
f 1359 1381 1382
f 1359 1382 1360
f 1360 1382 1383
f 1360 1383 1361
f 1361 1383 1384
f 1361 1384 1362
f 1362 1384 1385
f 1362 1385 1363
f 1363 1385 1386
f 1363 1386 1364
f 1364 1386 1365
f 1364 1365 1343
f 1365 1387 1388
f 1365 1388 1366
f 1366 1388 1389
f 1366 1389 1367
f 1367 1389 1390
f 1367 1390 1368
f 1368 1390 1391
f 1368 1391 1369
f 1369 1391 1392
f 1369 1392 1370
f 1370 1392 1393
f 1370 1393 1371
f 1371 1393 1394
f 1371 1394 1372
f 1372 1394 1395
f 1372 1395 1373
f 1373 1395 1396
f 1373 1396 1374
f 1374 1396 1397
f 1374 1397 1375
f 1375 1397 1398
f 1375 1398 1376
f 1376 1398 1399
f 1376 1399 1377
f 1377 1399 1400
f 1377 1400 1378
f 1378 1400 1401
f 1378 1401 1379
f 1379 1401 1402
f 1379 1402 1380
f 1380 1402 1403
f 1380 1403 1381
f 1381 1403 1404
f 1381 1404 1382
f 1382 1404 1405
f 1382 1405 1383
f 1383 1405 1406
f 1383 1406 1384
f 1384 1406 1407
f 1384 1407 1385
f 1385 1407 1408
f 1385 1408 1386
f 1386 1408 1387
f 1386 1387 1365
f 1387 1409 1410
f 1387 1410 1388
f 1388 1410 1411
f 1388 1411 1389
f 1389 1411 1412
f 1389 1412 1390
f 1390 1412 1413
f 1390 1413 1391
f 1391 1413 1414
f 1391 1414 1392
f 1392 1414 1415
f 1392 1415 1393
f 1393 1415 1416
f 1393 1416 1394
f 1394 1416 1417
f 1394 1417 1395
f 1395 1417 1418
f 1395 1418 1396
f 1396 1418 1419
f 1396 1419 1397
f 1397 1419 1420
f 1397 1420 1398
f 1398 1420 1421
f 1398 1421 1399
f 1399 1421 1422
f 1399 1422 1400
f 1400 1422 1423
f 1400 1423 1401
f 1401 1423 1424
f 1401 1424 1402
f 1402 1424 1425
f 1402 1425 1403
f 1403 1425 1426
f 1403 1426 1404
f 1404 1426 1427
f 1404 1427 1405
f 1405 1427 1428
f 1405 1428 1406
f 1406 1428 1429
f 1406 1429 1407
f 1407 1429 1430
f 1407 1430 1408
f 1408 1430 1409
f 1408 1409 1387
f 1409 1431 1432
f 1409 1432 1410
f 1410 1432 1433
f 1410 1433 1411
f 1411 1433 1434
f 1411 1434 1412
f 1412 1434 1435
f 1412 1435 1413
f 1413 1435 1436
f 1413 1436 1414
f 1414 1436 1437
f 1414 1437 1415
f 1415 1437 1438
f 1415 1438 1416
f 1416 1438 1439
f 1416 1439 1417
f 1417 1439 1440
f 1417 1440 1418
f 1418 1440 1441
f 1418 1441 1419
f 1419 1441 1442
f 1419 1442 1420
f 1420 1442 1443
f 1420 1443 1421
f 1421 1443 1444
f 1421 1444 1422
f 1422 1444 1445
f 1422 1445 1423
f 1423 1445 1446
f 1423 1446 1424
f 1424 1446 1447
f 1424 1447 1425
f 1425 1447 1448
f 1425 1448 1426
f 1426 1448 1449
f 1426 1449 1427
f 1427 1449 1450
f 1427 1450 1428
f 1428 1450 1451
f 1428 1451 1429
f 1429 1451 1452
f 1429 1452 1430
f 1430 1452 1431
f 1430 1431 1409
f 1431 1453 1454
f 1431 1454 1432
f 1432 1454 1455
f 1432 1455 1433
f 1433 1455 1456
f 1433 1456 1434
f 1434 1456 1457
f 1434 1457 1435
f 1435 1457 1458
f 1435 1458 1436
f 1436 1458 1459
f 1436 1459 1437
f 1437 1459 1460
f 1437 1460 1438
f 1438 1460 1461
f 1438 1461 1439
f 1439 1461 1462
f 1439 1462 1440
f 1440 1462 1463
f 1440 1463 1441
f 1441 1463 1464
f 1441 1464 1442
f 1442 1464 1465
f 1442 1465 1443
f 1443 1465 1466
f 1443 1466 1444
f 1444 1466 1467
f 1444 1467 1445
f 1445 1467 1468
f 1445 1468 1446
f 1446 1468 1469
f 1446 1469 1447
f 1447 1469 1470
f 1447 1470 1448
f 1448 1470 1471
f 1448 1471 1449
f 1449 1471 1472
f 1449 1472 1450
f 1450 1472 1473
f 1450 1473 1451
f 1451 1473 1474
f 1451 1474 1452
f 1452 1474 1453
f 1452 1453 1431
f 1453 1475 1476
f 1453 1476 1454
f 1454 1476 1477
f 1454 1477 1455
f 1455 1477 1478
f 1455 1478 1456
f 1456 1478 1479
f 1456 1479 1457
f 1457 1479 1480
f 1457 1480 1458
f 1458 1480 1481
f 1458 1481 1459
f 1459 1481 1482
f 1459 1482 1460
f 1460 1482 1483
f 1460 1483 1461
f 1461 1483 1484
f 1461 1484 1462
f 1462 1484 1485
f 1462 1485 1463
f 1463 1485 1486
f 1463 1486 1464
f 1464 1486 1487
f 1464 1487 1465
f 1465 1487 1488
f 1465 1488 1466
f 1466 1488 1489
f 1466 1489 1467
f 1467 1489 1490
f 1467 1490 1468
f 1468 1490 1491
f 1468 1491 1469
f 1469 1491 1492
f 1469 1492 1470
f 1470 1492 1493
f 1470 1493 1471
f 1471 1493 1494
f 1471 1494 1472
f 1472 1494 1495
f 1472 1495 1473
f 1473 1495 1496
f 1473 1496 1474
f 1474 1496 1475
f 1474 1475 1453
f 1475 1497 1498
f 1475 1498 1476
f 1476 1498 1499
f 1476 1499 1477
f 1477 1499 1500
f 1477 1500 1478
f 1478 1500 1501
f 1478 1501 1479
f 1479 1501 1502
f 1479 1502 1480
f 1480 1502 1503
f 1480 1503 1481
f 1481 1503 1504
f 1481 1504 1482
f 1482 1504 1505
f 1482 1505 1483
f 1483 1505 1506
f 1483 1506 1484
f 1484 1506 1507
f 1484 1507 1485
f 1485 1507 1508
f 1485 1508 1486
f 1486 1508 1509
f 1486 1509 1487
f 1487 1509 1510
f 1487 1510 1488
f 1488 1510 1511
f 1488 1511 1489
f 1489 1511 1512
f 1489 1512 1490
f 1490 1512 1513
f 1490 1513 1491
f 1491 1513 1514
f 1491 1514 1492
f 1492 1514 1515
f 1492 1515 1493
f 1493 1515 1516
f 1493 1516 1494
f 1494 1516 1517
f 1494 1517 1495
f 1495 1517 1518
f 1495 1518 1496
f 1496 1518 1497
f 1496 1497 1475
f 1497 1519 1520
f 1497 1520 1498
f 1498 1520 1521
f 1498 1521 1499
f 1499 1521 1522
f 1499 1522 1500
f 1500 1522 1523
f 1500 1523 1501
f 1501 1523 1524
f 1501 1524 1502
f 1502 1524 1525
f 1502 1525 1503
f 1503 1525 1526
f 1503 1526 1504
f 1504 1526 1527
f 1504 1527 1505
f 1505 1527 1528
f 1505 1528 1506
f 1506 1528 1529
f 1506 1529 1507
f 1507 1529 1530
f 1507 1530 1508
f 1508 1530 1531
f 1508 1531 1509
f 1509 1531 1532
f 1509 1532 1510
f 1510 1532 1533
f 1510 1533 1511
f 1511 1533 1534
f 1511 1534 1512
f 1512 1534 1535
f 1512 1535 1513
f 1513 1535 1536
f 1513 1536 1514
f 1514 1536 1537
f 1514 1537 1515
f 1515 1537 1538
f 1515 1538 1516
f 1516 1538 1539
f 1516 1539 1517
f 1517 1539 1540
f 1517 1540 1518
f 1518 1540 1519
f 1518 1519 1497
f 1519 1541 1542
f 1519 1542 1520
f 1520 1542 1543
f 1520 1543 1521
f 1521 1543 1544
f 1521 1544 1522
f 1522 1544 1545
f 1522 1545 1523
f 1523 1545 1546
f 1523 1546 1524
f 1524 1546 1547
f 1524 1547 1525
f 1525 1547 1548
f 1525 1548 1526
f 1526 1548 1549
f 1526 1549 1527
f 1527 1549 1550
f 1527 1550 1528
f 1528 1550 1551
f 1528 1551 1529
f 1529 1551 1552
f 1529 1552 1530
f 1530 1552 1553
f 1530 1553 1531
f 1531 1553 1554
f 1531 1554 1532
f 1532 1554 1555
f 1532 1555 1533
f 1533 1555 1556
f 1533 1556 1534
f 1534 1556 1557
f 1534 1557 1535
f 1535 1557 1558
f 1535 1558 1536
f 1536 1558 1559
f 1536 1559 1537
f 1537 1559 1560
f 1537 1560 1538
f 1538 1560 1561
f 1538 1561 1539
f 1539 1561 1562
f 1539 1562 1540
f 1540 1562 1541
f 1540 1541 1519
f 1541 1563 1564
f 1541 1564 1542
f 1542 1564 1565
f 1542 1565 1543
f 1543 1565 1566
f 1543 1566 1544
f 1544 1566 1567
f 1544 1567 1545
f 1545 1567 1568
f 1545 1568 1546
f 1546 1568 1569
f 1546 1569 1547
f 1547 1569 1570
f 1547 1570 1548
f 1548 1570 1571
f 1548 1571 1549
f 1549 1571 1572
f 1549 1572 1550
f 1550 1572 1573
f 1550 1573 1551
f 1551 1573 1574
f 1551 1574 1552
f 1552 1574 1575
f 1552 1575 1553
f 1553 1575 1576
f 1553 1576 1554
f 1554 1576 1577
f 1554 1577 1555
f 1555 1577 1578
f 1555 1578 1556
f 1556 1578 1579
f 1556 1579 1557
f 1557 1579 1580
f 1557 1580 1558
f 1558 1580 1581
f 1558 1581 1559
f 1559 1581 1582
f 1559 1582 1560
f 1560 1582 1583
f 1560 1583 1561
f 1561 1583 1584
f 1561 1584 1562
f 1562 1584 1563
f 1562 1563 1541
f 1563 1585 1586
f 1563 1586 1564
f 1564 1586 1587
f 1564 1587 1565
f 1565 1587 1588
f 1565 1588 1566
f 1566 1588 1589
f 1566 1589 1567
f 1567 1589 1590
f 1567 1590 1568
f 1568 1590 1591
f 1568 1591 1569
f 1569 1591 1592
f 1569 1592 1570
f 1570 1592 1593
f 1570 1593 1571
f 1571 1593 1594
f 1571 1594 1572
f 1572 1594 1595
f 1572 1595 1573
f 1573 1595 1596
f 1573 1596 1574
f 1574 1596 1597
f 1574 1597 1575
f 1575 1597 1598
f 1575 1598 1576
f 1576 1598 1599
f 1576 1599 1577
f 1577 1599 1600
f 1577 1600 1578
f 1578 1600 1601
f 1578 1601 1579
f 1579 1601 1602
f 1579 1602 1580
f 1580 1602 1603
f 1580 1603 1581
f 1581 1603 1604
f 1581 1604 1582
f 1582 1604 1605
f 1582 1605 1583
f 1583 1605 1606
f 1583 1606 1584
f 1584 1606 1585
f 1584 1585 1563
f 1585 1607 1608
f 1585 1608 1586
f 1586 1608 1609
f 1586 1609 1587
f 1587 1609 1610
f 1587 1610 1588
f 1588 1610 1611
f 1588 1611 1589
f 1589 1611 1612
f 1589 1612 1590
f 1590 1612 1613
f 1590 1613 1591
f 1591 1613 1614
f 1591 1614 1592
f 1592 1614 1615
f 1592 1615 1593
f 1593 1615 1616
f 1593 1616 1594
f 1594 1616 1617
f 1594 1617 1595
f 1595 1617 1618
f 1595 1618 1596
f 1596 1618 1619
f 1596 1619 1597
f 1597 1619 1620
f 1597 1620 1598
f 1598 1620 1621
f 1598 1621 1599
f 1599 1621 1622
f 1599 1622 1600
f 1600 1622 1623
f 1600 1623 1601
f 1601 1623 1624
f 1601 1624 1602
f 1602 1624 1625
f 1602 1625 1603
f 1603 1625 1626
f 1603 1626 1604
f 1604 1626 1627
f 1604 1627 1605
f 1605 1627 1628
f 1605 1628 1606
f 1606 1628 1607
f 1606 1607 1585
f 1607 1629 1630
f 1607 1630 1608
f 1608 1630 1631
f 1608 1631 1609
f 1609 1631 1632
f 1609 1632 1610
f 1610 1632 1633
f 1610 1633 1611
f 1611 1633 1634
f 1611 1634 1612
f 1612 1634 1635
f 1612 1635 1613
f 1613 1635 1636
f 1613 1636 1614
f 1614 1636 1637
f 1614 1637 1615
f 1615 1637 1638
f 1615 1638 1616
f 1616 1638 1639
f 1616 1639 1617
f 1617 1639 1640
f 1617 1640 1618
f 1618 1640 1641
f 1618 1641 1619
f 1619 1641 1642
f 1619 1642 1620
f 1620 1642 1643
f 1620 1643 1621
f 1621 1643 1644
f 1621 1644 1622
f 1622 1644 1645
f 1622 1645 1623
f 1623 1645 1646
f 1623 1646 1624
f 1624 1646 1647
f 1624 1647 1625
f 1625 1647 1648
f 1625 1648 1626
f 1626 1648 1649
f 1626 1649 1627
f 1627 1649 1650
f 1627 1650 1628
f 1628 1650 1629
f 1628 1629 1607
f 1629 1651 1652
f 1629 1652 1630
f 1630 1652 1653
f 1630 1653 1631
f 1631 1653 1654
f 1631 1654 1632
f 1632 1654 1655
f 1632 1655 1633
f 1633 1655 1656
f 1633 1656 1634
f 1634 1656 1657
f 1634 1657 1635
f 1635 1657 1658
f 1635 1658 1636
f 1636 1658 1659
f 1636 1659 1637
f 1637 1659 1660
f 1637 1660 1638
f 1638 1660 1661
f 1638 1661 1639
f 1639 1661 1662
f 1639 1662 1640
f 1640 1662 1663
f 1640 1663 1641
f 1641 1663 1664
f 1641 1664 1642
f 1642 1664 1665
f 1642 1665 1643
f 1643 1665 1666
f 1643 1666 1644
f 1644 1666 1667
f 1644 1667 1645
f 1645 1667 1668
f 1645 1668 1646
f 1646 1668 1669
f 1646 1669 1647
f 1647 1669 1670
f 1647 1670 1648
f 1648 1670 1671
f 1648 1671 1649
f 1649 1671 1672
f 1649 1672 1650
f 1650 1672 1651
f 1650 1651 1629
f 1651 1673 1674
f 1651 1674 1652
f 1652 1674 1675
f 1652 1675 1653
f 1653 1675 1676
f 1653 1676 1654
f 1654 1676 1677
f 1654 1677 1655
f 1655 1677 1678
f 1655 1678 1656
f 1656 1678 1679
f 1656 1679 1657
f 1657 1679 1680
f 1657 1680 1658
f 1658 1680 1681
f 1658 1681 1659
f 1659 1681 1682
f 1659 1682 1660
f 1660 1682 1683
f 1660 1683 1661
f 1661 1683 1684
f 1661 1684 1662
f 1662 1684 1685
f 1662 1685 1663
f 1663 1685 1686
f 1663 1686 1664
f 1664 1686 1687
f 1664 1687 1665
f 1665 1687 1688
f 1665 1688 1666
f 1666 1688 1689
f 1666 1689 1667
f 1667 1689 1690
f 1667 1690 1668
f 1668 1690 1691
f 1668 1691 1669
f 1669 1691 1692
f 1669 1692 1670
f 1670 1692 1693
f 1670 1693 1671
f 1671 1693 1694
f 1671 1694 1672
f 1672 1694 1673
f 1672 1673 1651
f 1673 1695 1696
f 1673 1696 1674
f 1674 1696 1697
f 1674 1697 1675
f 1675 1697 1698
f 1675 1698 1676
f 1676 1698 1699
f 1676 1699 1677
f 1677 1699 1700
f 1677 1700 1678
f 1678 1700 1701
f 1678 1701 1679
f 1679 1701 1702
f 1679 1702 1680
f 1680 1702 1703
f 1680 1703 1681
f 1681 1703 1704
f 1681 1704 1682
f 1682 1704 1705
f 1682 1705 1683
f 1683 1705 1706
f 1683 1706 1684
f 1684 1706 1707
f 1684 1707 1685
f 1685 1707 1708
f 1685 1708 1686
f 1686 1708 1709
f 1686 1709 1687
f 1687 1709 1710
f 1687 1710 1688
f 1688 1710 1711
f 1688 1711 1689
f 1689 1711 1712
f 1689 1712 1690
f 1690 1712 1713
f 1690 1713 1691
f 1691 1713 1714
f 1691 1714 1692
f 1692 1714 1715
f 1692 1715 1693
f 1693 1715 1716
f 1693 1716 1694
f 1694 1716 1695
f 1694 1695 1673
f 1695 1717 1718
f 1695 1718 1696
f 1696 1718 1719
f 1696 1719 1697
f 1697 1719 1720
f 1697 1720 1698
f 1698 1720 1721
f 1698 1721 1699
f 1699 1721 1722
f 1699 1722 1700
f 1700 1722 1723
f 1700 1723 1701
f 1701 1723 1724
f 1701 1724 1702
f 1702 1724 1725
f 1702 1725 1703
f 1703 1725 1726
f 1703 1726 1704
f 1704 1726 1727
f 1704 1727 1705
f 1705 1727 1728
f 1705 1728 1706
f 1706 1728 1729
f 1706 1729 1707
f 1707 1729 1730
f 1707 1730 1708
f 1708 1730 1731
f 1708 1731 1709
f 1709 1731 1732
f 1709 1732 1710
f 1710 1732 1733
f 1710 1733 1711
f 1711 1733 1734
f 1711 1734 1712
f 1712 1734 1735
f 1712 1735 1713
f 1713 1735 1736
f 1713 1736 1714
f 1714 1736 1737
f 1714 1737 1715
f 1715 1737 1738
f 1715 1738 1716
f 1716 1738 1717
f 1716 1717 1695
f 1717 1739 1740
f 1717 1740 1718
f 1718 1740 1741
f 1718 1741 1719
f 1719 1741 1742
f 1719 1742 1720
f 1720 1742 1743
f 1720 1743 1721
f 1721 1743 1744
f 1721 1744 1722
f 1722 1744 1745
f 1722 1745 1723
f 1723 1745 1746
f 1723 1746 1724
f 1724 1746 1747
f 1724 1747 1725
f 1725 1747 1748
f 1725 1748 1726
f 1726 1748 1749
f 1726 1749 1727
f 1727 1749 1750
f 1727 1750 1728
f 1728 1750 1751
f 1728 1751 1729
f 1729 1751 1752
f 1729 1752 1730
f 1730 1752 1753
f 1730 1753 1731
f 1731 1753 1754
f 1731 1754 1732
f 1732 1754 1755
f 1732 1755 1733
f 1733 1755 1756
f 1733 1756 1734
f 1734 1756 1757
f 1734 1757 1735
f 1735 1757 1758
f 1735 1758 1736
f 1736 1758 1759
f 1736 1759 1737
f 1737 1759 1760
f 1737 1760 1738
f 1738 1760 1739
f 1738 1739 1717
f 1739 1761 1762
f 1739 1762 1740
f 1740 1762 1763
f 1740 1763 1741
f 1741 1763 1764
f 1741 1764 1742
f 1742 1764 1765
f 1742 1765 1743
f 1743 1765 1766
f 1743 1766 1744
f 1744 1766 1767
f 1744 1767 1745
f 1745 1767 1768
f 1745 1768 1746
f 1746 1768 1769
f 1746 1769 1747
f 1747 1769 1770
f 1747 1770 1748
f 1748 1770 1771
f 1748 1771 1749
f 1749 1771 1772
f 1749 1772 1750
f 1750 1772 1773
f 1750 1773 1751
f 1751 1773 1774
f 1751 1774 1752
f 1752 1774 1775
f 1752 1775 1753
f 1753 1775 1776
f 1753 1776 1754
f 1754 1776 1777
f 1754 1777 1755
f 1755 1777 1778
f 1755 1778 1756
f 1756 1778 1779
f 1756 1779 1757
f 1757 1779 1780
f 1757 1780 1758
f 1758 1780 1781
f 1758 1781 1759
f 1759 1781 1782
f 1759 1782 1760
f 1760 1782 1761
f 1760 1761 1739
f 1761 1783 1784
f 1761 1784 1762
f 1762 1784 1785
f 1762 1785 1763
f 1763 1785 1786
f 1763 1786 1764
f 1764 1786 1787
f 1764 1787 1765
f 1765 1787 1788
f 1765 1788 1766
f 1766 1788 1789
f 1766 1789 1767
f 1767 1789 1790
f 1767 1790 1768
f 1768 1790 1791
f 1768 1791 1769
f 1769 1791 1792
f 1769 1792 1770
f 1770 1792 1793
f 1770 1793 1771
f 1771 1793 1794
f 1771 1794 1772
f 1772 1794 1795
f 1772 1795 1773
f 1773 1795 1796
f 1773 1796 1774
f 1774 1796 1797
f 1774 1797 1775
f 1775 1797 1798
f 1775 1798 1776
f 1776 1798 1799
f 1776 1799 1777
f 1777 1799 1800
f 1777 1800 1778
f 1778 1800 1801
f 1778 1801 1779
f 1779 1801 1802
f 1779 1802 1780
f 1780 1802 1803
f 1780 1803 1781
f 1781 1803 1804
f 1781 1804 1782
f 1782 1804 1783
f 1782 1783 1761
f 1783 1805 1806
f 1783 1806 1784
f 1784 1806 1807
f 1784 1807 1785
f 1785 1807 1808
f 1785 1808 1786
f 1786 1808 1809
f 1786 1809 1787
f 1787 1809 1810
f 1787 1810 1788
f 1788 1810 1811
f 1788 1811 1789
f 1789 1811 1812
f 1789 1812 1790
f 1790 1812 1813
f 1790 1813 1791
f 1791 1813 1814
f 1791 1814 1792
f 1792 1814 1815
f 1792 1815 1793
f 1793 1815 1816
f 1793 1816 1794
f 1794 1816 1817
f 1794 1817 1795
f 1795 1817 1818
f 1795 1818 1796
f 1796 1818 1819
f 1796 1819 1797
f 1797 1819 1820
f 1797 1820 1798
f 1798 1820 1821
f 1798 1821 1799
f 1799 1821 1822
f 1799 1822 1800
f 1800 1822 1823
f 1800 1823 1801
f 1801 1823 1824
f 1801 1824 1802
f 1802 1824 1825
f 1802 1825 1803
f 1803 1825 1826
f 1803 1826 1804
f 1804 1826 1805
f 1804 1805 1783
f 1805 1827 1828
f 1805 1828 1806
f 1806 1828 1829
f 1806 1829 1807
f 1807 1829 1830
f 1807 1830 1808
f 1808 1830 1831
f 1808 1831 1809
f 1809 1831 1832
f 1809 1832 1810
f 1810 1832 1833
f 1810 1833 1811
f 1811 1833 1834
f 1811 1834 1812
f 1812 1834 1835
f 1812 1835 1813
f 1813 1835 1836
f 1813 1836 1814
f 1814 1836 1837
f 1814 1837 1815
f 1815 1837 1838
f 1815 1838 1816
f 1816 1838 1839
f 1816 1839 1817
f 1817 1839 1840
f 1817 1840 1818
f 1818 1840 1841
f 1818 1841 1819
f 1819 1841 1842
f 1819 1842 1820
f 1820 1842 1843
f 1820 1843 1821
f 1821 1843 1844
f 1821 1844 1822
f 1822 1844 1845
f 1822 1845 1823
f 1823 1845 1846
f 1823 1846 1824
f 1824 1846 1847
f 1824 1847 1825
f 1825 1847 1848
f 1825 1848 1826
f 1826 1848 1827
f 1826 1827 1805
f 1827 1849 1850
f 1827 1850 1828
f 1828 1850 1851
f 1828 1851 1829
f 1829 1851 1852
f 1829 1852 1830
f 1830 1852 1853
f 1830 1853 1831
f 1831 1853 1854
f 1831 1854 1832
f 1832 1854 1855
f 1832 1855 1833
f 1833 1855 1856
f 1833 1856 1834
f 1834 1856 1857
f 1834 1857 1835
f 1835 1857 1858
f 1835 1858 1836
f 1836 1858 1859
f 1836 1859 1837
f 1837 1859 1860
f 1837 1860 1838
f 1838 1860 1861
f 1838 1861 1839
f 1839 1861 1862
f 1839 1862 1840
f 1840 1862 1863
f 1840 1863 1841
f 1841 1863 1864
f 1841 1864 1842
f 1842 1864 1865
f 1842 1865 1843
f 1843 1865 1866
f 1843 1866 1844
f 1844 1866 1867
f 1844 1867 1845
f 1845 1867 1868
f 1845 1868 1846
f 1846 1868 1869
f 1846 1869 1847
f 1847 1869 1870
f 1847 1870 1848
f 1848 1870 1849
f 1848 1849 1827
f 1849 1871 1872
f 1849 1872 1850
f 1850 1872 1873
f 1850 1873 1851
f 1851 1873 1874
f 1851 1874 1852
f 1852 1874 1875
f 1852 1875 1853
f 1853 1875 1876
f 1853 1876 1854
f 1854 1876 1877
f 1854 1877 1855
f 1855 1877 1878
f 1855 1878 1856
f 1856 1878 1879
f 1856 1879 1857
f 1857 1879 1880
f 1857 1880 1858
f 1858 1880 1881
f 1858 1881 1859
f 1859 1881 1882
f 1859 1882 1860
f 1860 1882 1883
f 1860 1883 1861
f 1861 1883 1884
f 1861 1884 1862
f 1862 1884 1885
f 1862 1885 1863
f 1863 1885 1886
f 1863 1886 1864
f 1864 1886 1887
f 1864 1887 1865
f 1865 1887 1888
f 1865 1888 1866
f 1866 1888 1889
f 1866 1889 1867
f 1867 1889 1890
f 1867 1890 1868
f 1868 1890 1891
f 1868 1891 1869
f 1869 1891 1892
f 1869 1892 1870
f 1870 1892 1871
f 1870 1871 1849
f 1871 1893 1894
f 1871 1894 1872
f 1872 1894 1895
f 1872 1895 1873
f 1873 1895 1896
f 1873 1896 1874
f 1874 1896 1897
f 1874 1897 1875
f 1875 1897 1898
f 1875 1898 1876
f 1876 1898 1899
f 1876 1899 1877
f 1877 1899 1900
f 1877 1900 1878
f 1878 1900 1901
f 1878 1901 1879
f 1879 1901 1902
f 1879 1902 1880
f 1880 1902 1903
f 1880 1903 1881
f 1881 1903 1904
f 1881 1904 1882
f 1882 1904 1905
f 1882 1905 1883
f 1883 1905 1906
f 1883 1906 1884
f 1884 1906 1907
f 1884 1907 1885
f 1885 1907 1908
f 1885 1908 1886
f 1886 1908 1909
f 1886 1909 1887
f 1887 1909 1910
f 1887 1910 1888
f 1888 1910 1911
f 1888 1911 1889
f 1889 1911 1912
f 1889 1912 1890
f 1890 1912 1913
f 1890 1913 1891
f 1891 1913 1914
f 1891 1914 1892
f 1892 1914 1893
f 1892 1893 1871
f 1893 1915 1916
f 1893 1916 1894
f 1894 1916 1917
f 1894 1917 1895
f 1895 1917 1918
f 1895 1918 1896
f 1896 1918 1919
f 1896 1919 1897
f 1897 1919 1920
f 1897 1920 1898
f 1898 1920 1921
f 1898 1921 1899
f 1899 1921 1922
f 1899 1922 1900
f 1900 1922 1923
f 1900 1923 1901
f 1901 1923 1924
f 1901 1924 1902
f 1902 1924 1925
f 1902 1925 1903
f 1903 1925 1926
f 1903 1926 1904
f 1904 1926 1927
f 1904 1927 1905
f 1905 1927 1928
f 1905 1928 1906
f 1906 1928 1929
f 1906 1929 1907
f 1907 1929 1930
f 1907 1930 1908
f 1908 1930 1931
f 1908 1931 1909
f 1909 1931 1932
f 1909 1932 1910
f 1910 1932 1933
f 1910 1933 1911
f 1911 1933 1934
f 1911 1934 1912
f 1912 1934 1935
f 1912 1935 1913
f 1913 1935 1936
f 1913 1936 1914
f 1914 1936 1915
f 1914 1915 1893
f 1915 1937 1938
f 1915 1938 1916
f 1916 1938 1939
f 1916 1939 1917
f 1917 1939 1940
f 1917 1940 1918
f 1918 1940 1941
f 1918 1941 1919
f 1919 1941 1942
f 1919 1942 1920
f 1920 1942 1943
f 1920 1943 1921
f 1921 1943 1944
f 1921 1944 1922
f 1922 1944 1945
f 1922 1945 1923
f 1923 1945 1946
f 1923 1946 1924
f 1924 1946 1947
f 1924 1947 1925
f 1925 1947 1948
f 1925 1948 1926
f 1926 1948 1949
f 1926 1949 1927
f 1927 1949 1950
f 1927 1950 1928
f 1928 1950 1951
f 1928 1951 1929
f 1929 1951 1952
f 1929 1952 1930
f 1930 1952 1953
f 1930 1953 1931
f 1931 1953 1954
f 1931 1954 1932
f 1932 1954 1955
f 1932 1955 1933
f 1933 1955 1956
f 1933 1956 1934
f 1934 1956 1957
f 1934 1957 1935
f 1935 1957 1958
f 1935 1958 1936
f 1936 1958 1937
f 1936 1937 1915
f 1937 1959 1960
f 1937 1960 1938
f 1938 1960 1961
f 1938 1961 1939
f 1939 1961 1962
f 1939 1962 1940
f 1940 1962 1963
f 1940 1963 1941
f 1941 1963 1964
f 1941 1964 1942
f 1942 1964 1965
f 1942 1965 1943
f 1943 1965 1966
f 1943 1966 1944
f 1944 1966 1967
f 1944 1967 1945
f 1945 1967 1968
f 1945 1968 1946
f 1946 1968 1969
f 1946 1969 1947
f 1947 1969 1970
f 1947 1970 1948
f 1948 1970 1971
f 1948 1971 1949
f 1949 1971 1972
f 1949 1972 1950
f 1950 1972 1973
f 1950 1973 1951
f 1951 1973 1974
f 1951 1974 1952
f 1952 1974 1975
f 1952 1975 1953
f 1953 1975 1976
f 1953 1976 1954
f 1954 1976 1977
f 1954 1977 1955
f 1955 1977 1978
f 1955 1978 1956
f 1956 1978 1979
f 1956 1979 1957
f 1957 1979 1980
f 1957 1980 1958
f 1958 1980 1959
f 1958 1959 1937
f 1959 1981 1982
f 1959 1982 1960
f 1960 1982 1983
f 1960 1983 1961
f 1961 1983 1984
f 1961 1984 1962
f 1962 1984 1985
f 1962 1985 1963
f 1963 1985 1986
f 1963 1986 1964
f 1964 1986 1987
f 1964 1987 1965
f 1965 1987 1988
f 1965 1988 1966
f 1966 1988 1989
f 1966 1989 1967
f 1967 1989 1990
f 1967 1990 1968
f 1968 1990 1991
f 1968 1991 1969
f 1969 1991 1992
f 1969 1992 1970
f 1970 1992 1993
f 1970 1993 1971
f 1971 1993 1994
f 1971 1994 1972
f 1972 1994 1995
f 1972 1995 1973
f 1973 1995 1996
f 1973 1996 1974
f 1974 1996 1997
f 1974 1997 1975
f 1975 1997 1998
f 1975 1998 1976
f 1976 1998 1999
f 1976 1999 1977
f 1977 1999 2000
f 1977 2000 1978
f 1978 2000 2001
f 1978 2001 1979
f 1979 2001 2002
f 1979 2002 1980
f 1980 2002 1981
f 1980 1981 1959
f 1981 2003 2004
f 1981 2004 1982
f 1982 2004 2005
f 1982 2005 1983
f 1983 2005 2006
f 1983 2006 1984
f 1984 2006 2007
f 1984 2007 1985
f 1985 2007 2008
f 1985 2008 1986
f 1986 2008 2009
f 1986 2009 1987
f 1987 2009 2010
f 1987 2010 1988
f 1988 2010 2011
f 1988 2011 1989
f 1989 2011 2012
f 1989 2012 1990
f 1990 2012 2013
f 1990 2013 1991
f 1991 2013 2014
f 1991 2014 1992
f 1992 2014 2015
f 1992 2015 1993
f 1993 2015 2016
f 1993 2016 1994
f 1994 2016 2017
f 1994 2017 1995
f 1995 2017 2018
f 1995 2018 1996
f 1996 2018 2019
f 1996 2019 1997
f 1997 2019 2020
f 1997 2020 1998
f 1998 2020 2021
f 1998 2021 1999
f 1999 2021 2022
f 1999 2022 2000
f 2000 2022 2023
f 2000 2023 2001
f 2001 2023 2024
f 2001 2024 2002
f 2002 2024 2003
f 2002 2003 1981
f 2003 2025 2026
f 2003 2026 2004
f 2004 2026 2027
f 2004 2027 2005
f 2005 2027 2028
f 2005 2028 2006
f 2006 2028 2029
f 2006 2029 2007
f 2007 2029 2030
f 2007 2030 2008
f 2008 2030 2031
f 2008 2031 2009
f 2009 2031 2032
f 2009 2032 2010
f 2010 2032 2033
f 2010 2033 2011
f 2011 2033 2034
f 2011 2034 2012
f 2012 2034 2035
f 2012 2035 2013
f 2013 2035 2036
f 2013 2036 2014
f 2014 2036 2037
f 2014 2037 2015
f 2015 2037 2038
f 2015 2038 2016
f 2016 2038 2039
f 2016 2039 2017
f 2017 2039 2040
f 2017 2040 2018
f 2018 2040 2041
f 2018 2041 2019
f 2019 2041 2042
f 2019 2042 2020
f 2020 2042 2043
f 2020 2043 2021
f 2021 2043 2044
f 2021 2044 2022
f 2022 2044 2045
f 2022 2045 2023
f 2023 2045 2046
f 2023 2046 2024
f 2024 2046 2025
f 2024 2025 2003
f 2025 2047 2048
f 2025 2048 2026
f 2026 2048 2049
f 2026 2049 2027
f 2027 2049 2050
f 2027 2050 2028
f 2028 2050 2051
f 2028 2051 2029
f 2029 2051 2052
f 2029 2052 2030
f 2030 2052 2053
f 2030 2053 2031
f 2031 2053 2054
f 2031 2054 2032
f 2032 2054 2055
f 2032 2055 2033
f 2033 2055 2056
f 2033 2056 2034
f 2034 2056 2057
f 2034 2057 2035
f 2035 2057 2058
f 2035 2058 2036
f 2036 2058 2059
f 2036 2059 2037
f 2037 2059 2060
f 2037 2060 2038
f 2038 2060 2061
f 2038 2061 2039
f 2039 2061 2062
f 2039 2062 2040
f 2040 2062 2063
f 2040 2063 2041
f 2041 2063 2064
f 2041 2064 2042
f 2042 2064 2065
f 2042 2065 2043
f 2043 2065 2066
f 2043 2066 2044
f 2044 2066 2067
f 2044 2067 2045
f 2045 2067 2068
f 2045 2068 2046
f 2046 2068 2047
f 2046 2047 2025
f 2047 2069 2070
f 2047 2070 2048
f 2048 2070 2071
f 2048 2071 2049
f 2049 2071 2072
f 2049 2072 2050
f 2050 2072 2073
f 2050 2073 2051
f 2051 2073 2074
f 2051 2074 2052
f 2052 2074 2075
f 2052 2075 2053
f 2053 2075 2076
f 2053 2076 2054
f 2054 2076 2077
f 2054 2077 2055
f 2055 2077 2078
f 2055 2078 2056
f 2056 2078 2079
f 2056 2079 2057
f 2057 2079 2080
f 2057 2080 2058
f 2058 2080 2081
f 2058 2081 2059
f 2059 2081 2082
f 2059 2082 2060
f 2060 2082 2083
f 2060 2083 2061
f 2061 2083 2084
f 2061 2084 2062
f 2062 2084 2085
f 2062 2085 2063
f 2063 2085 2086
f 2063 2086 2064
f 2064 2086 2087
f 2064 2087 2065
f 2065 2087 2088
f 2065 2088 2066
f 2066 2088 2089
f 2066 2089 2067
f 2067 2089 2090
f 2067 2090 2068
f 2068 2090 2069
f 2068 2069 2047
f 2069 2091 2092
f 2069 2092 2070
f 2070 2092 2093
f 2070 2093 2071
f 2071 2093 2094
f 2071 2094 2072
f 2072 2094 2095
f 2072 2095 2073
f 2073 2095 2096
f 2073 2096 2074
f 2074 2096 2097
f 2074 2097 2075
f 2075 2097 2098
f 2075 2098 2076
f 2076 2098 2099
f 2076 2099 2077
f 2077 2099 2100
f 2077 2100 2078
f 2078 2100 2101
f 2078 2101 2079
f 2079 2101 2102
f 2079 2102 2080
f 2080 2102 2103
f 2080 2103 2081
f 2081 2103 2104
f 2081 2104 2082
f 2082 2104 2105
f 2082 2105 2083
f 2083 2105 2106
f 2083 2106 2084
f 2084 2106 2107
f 2084 2107 2085
f 2085 2107 2108
f 2085 2108 2086
f 2086 2108 2109
f 2086 2109 2087
f 2087 2109 2110
f 2087 2110 2088
f 2088 2110 2111
f 2088 2111 2089
f 2089 2111 2112
f 2089 2112 2090
f 2090 2112 2091
f 2090 2091 2069
f 2091 2113 2114
f 2091 2114 2092
f 2092 2114 2115
f 2092 2115 2093
f 2093 2115 2116
f 2093 2116 2094
f 2094 2116 2117
f 2094 2117 2095
f 2095 2117 2118
f 2095 2118 2096
f 2096 2118 2119
f 2096 2119 2097
f 2097 2119 2120
f 2097 2120 2098
f 2098 2120 2121
f 2098 2121 2099
f 2099 2121 2122
f 2099 2122 2100
f 2100 2122 2123
f 2100 2123 2101
f 2101 2123 2124
f 2101 2124 2102
f 2102 2124 2125
f 2102 2125 2103
f 2103 2125 2126
f 2103 2126 2104
f 2104 2126 2127
f 2104 2127 2105
f 2105 2127 2128
f 2105 2128 2106
f 2106 2128 2129
f 2106 2129 2107
f 2107 2129 2130
f 2107 2130 2108
f 2108 2130 2131
f 2108 2131 2109
f 2109 2131 2132
f 2109 2132 2110
f 2110 2132 2133
f 2110 2133 2111
f 2111 2133 2134
f 2111 2134 2112
f 2112 2134 2113
f 2112 2113 2091
f 2113 2135 2136
f 2113 2136 2114
f 2114 2136 2137
f 2114 2137 2115
f 2115 2137 2138
f 2115 2138 2116
f 2116 2138 2139
f 2116 2139 2117
f 2117 2139 2140
f 2117 2140 2118
f 2118 2140 2141
f 2118 2141 2119
f 2119 2141 2142
f 2119 2142 2120
f 2120 2142 2143
f 2120 2143 2121
f 2121 2143 2144
f 2121 2144 2122
f 2122 2144 2145
f 2122 2145 2123
f 2123 2145 2146
f 2123 2146 2124
f 2124 2146 2147
f 2124 2147 2125
f 2125 2147 2148
f 2125 2148 2126
f 2126 2148 2149
f 2126 2149 2127
f 2127 2149 2150
f 2127 2150 2128
f 2128 2150 2151
f 2128 2151 2129
f 2129 2151 2152
f 2129 2152 2130
f 2130 2152 2153
f 2130 2153 2131
f 2131 2153 2154
f 2131 2154 2132
f 2132 2154 2155
f 2132 2155 2133
f 2133 2155 2156
f 2133 2156 2134
f 2134 2156 2135
f 2134 2135 2113
f 2135 2157 2158
f 2135 2158 2136
f 2136 2158 2159
f 2136 2159 2137
f 2137 2159 2160
f 2137 2160 2138
f 2138 2160 2161
f 2138 2161 2139
f 2139 2161 2162
f 2139 2162 2140
f 2140 2162 2163
f 2140 2163 2141
f 2141 2163 2164
f 2141 2164 2142
f 2142 2164 2165
f 2142 2165 2143
f 2143 2165 2166
f 2143 2166 2144
f 2144 2166 2167
f 2144 2167 2145
f 2145 2167 2168
f 2145 2168 2146
f 2146 2168 2169
f 2146 2169 2147
f 2147 2169 2170
f 2147 2170 2148
f 2148 2170 2171
f 2148 2171 2149
f 2149 2171 2172
f 2149 2172 2150
f 2150 2172 2173
f 2150 2173 2151
f 2151 2173 2174
f 2151 2174 2152
f 2152 2174 2175
f 2152 2175 2153
f 2153 2175 2176
f 2153 2176 2154
f 2154 2176 2177
f 2154 2177 2155
f 2155 2177 2178
f 2155 2178 2156
f 2156 2178 2157
f 2156 2157 2135
f 2157 2179 2180
f 2157 2180 2158
f 2158 2180 2181
f 2158 2181 2159
f 2159 2181 2182
f 2159 2182 2160
f 2160 2182 2183
f 2160 2183 2161
f 2161 2183 2184
f 2161 2184 2162
f 2162 2184 2185
f 2162 2185 2163
f 2163 2185 2186
f 2163 2186 2164
f 2164 2186 2187
f 2164 2187 2165
f 2165 2187 2188
f 2165 2188 2166
f 2166 2188 2189
f 2166 2189 2167
f 2167 2189 2190
f 2167 2190 2168
f 2168 2190 2191
f 2168 2191 2169
f 2169 2191 2192
f 2169 2192 2170
f 2170 2192 2193
f 2170 2193 2171
f 2171 2193 2194
f 2171 2194 2172
f 2172 2194 2195
f 2172 2195 2173
f 2173 2195 2196
f 2173 2196 2174
f 2174 2196 2197
f 2174 2197 2175
f 2175 2197 2198
f 2175 2198 2176
f 2176 2198 2199
f 2176 2199 2177
f 2177 2199 2200
f 2177 2200 2178
f 2178 2200 2179
f 2178 2179 2157
f 2179 2201 2202
f 2179 2202 2180
f 2180 2202 2203
f 2180 2203 2181
f 2181 2203 2204
f 2181 2204 2182
f 2182 2204 2205
f 2182 2205 2183
f 2183 2205 2206
f 2183 2206 2184
f 2184 2206 2207
f 2184 2207 2185
f 2185 2207 2208
f 2185 2208 2186
f 2186 2208 2209
f 2186 2209 2187
f 2187 2209 2210
f 2187 2210 2188
f 2188 2210 2211
f 2188 2211 2189
f 2189 2211 2212
f 2189 2212 2190
f 2190 2212 2213
f 2190 2213 2191
f 2191 2213 2214
f 2191 2214 2192
f 2192 2214 2215
f 2192 2215 2193
f 2193 2215 2216
f 2193 2216 2194
f 2194 2216 2217
f 2194 2217 2195
f 2195 2217 2218
f 2195 2218 2196
f 2196 2218 2219
f 2196 2219 2197
f 2197 2219 2220
f 2197 2220 2198
f 2198 2220 2221
f 2198 2221 2199
f 2199 2221 2222
f 2199 2222 2200
f 2200 2222 2201
f 2200 2201 2179
f 2201 2223 2224
f 2201 2224 2202
f 2202 2224 2225
f 2202 2225 2203
f 2203 2225 2226
f 2203 2226 2204
f 2204 2226 2227
f 2204 2227 2205
f 2205 2227 2228
f 2205 2228 2206
f 2206 2228 2229
f 2206 2229 2207
f 2207 2229 2230
f 2207 2230 2208
f 2208 2230 2231
f 2208 2231 2209
f 2209 2231 2232
f 2209 2232 2210
f 2210 2232 2233
f 2210 2233 2211
f 2211 2233 2234
f 2211 2234 2212
f 2212 2234 2235
f 2212 2235 2213
f 2213 2235 2236
f 2213 2236 2214
f 2214 2236 2237
f 2214 2237 2215
f 2215 2237 2238
f 2215 2238 2216
f 2216 2238 2239
f 2216 2239 2217
f 2217 2239 2240
f 2217 2240 2218
f 2218 2240 2241
f 2218 2241 2219
f 2219 2241 2242
f 2219 2242 2220
f 2220 2242 2243
f 2220 2243 2221
f 2221 2243 2244
f 2221 2244 2222
f 2222 2244 2223
f 2222 2223 2201
f 2223 2245 2246
f 2223 2246 2224
f 2224 2246 2247
f 2224 2247 2225
f 2225 2247 2248
f 2225 2248 2226
f 2226 2248 2249
f 2226 2249 2227
f 2227 2249 2250
f 2227 2250 2228
f 2228 2250 2251
f 2228 2251 2229
f 2229 2251 2252
f 2229 2252 2230
f 2230 2252 2253
f 2230 2253 2231
f 2231 2253 2254
f 2231 2254 2232
f 2232 2254 2255
f 2232 2255 2233
f 2233 2255 2256
f 2233 2256 2234
f 2234 2256 2257
f 2234 2257 2235
f 2235 2257 2258
f 2235 2258 2236
f 2236 2258 2259
f 2236 2259 2237
f 2237 2259 2260
f 2237 2260 2238
f 2238 2260 2261
f 2238 2261 2239
f 2239 2261 2262
f 2239 2262 2240
f 2240 2262 2263
f 2240 2263 2241
f 2241 2263 2264
f 2241 2264 2242
f 2242 2264 2265
f 2242 2265 2243
f 2243 2265 2266
f 2243 2266 2244
f 2244 2266 2245
f 2244 2245 2223
f 2245 2267 2268
f 2245 2268 2246
f 2246 2268 2269
f 2246 2269 2247
f 2247 2269 2270
f 2247 2270 2248
f 2248 2270 2271
f 2248 2271 2249
f 2249 2271 2272
f 2249 2272 2250
f 2250 2272 2273
f 2250 2273 2251
f 2251 2273 2274
f 2251 2274 2252
f 2252 2274 2275
f 2252 2275 2253
f 2253 2275 2276
f 2253 2276 2254
f 2254 2276 2277
f 2254 2277 2255
f 2255 2277 2278
f 2255 2278 2256
f 2256 2278 2279
f 2256 2279 2257
f 2257 2279 2280
f 2257 2280 2258
f 2258 2280 2281
f 2258 2281 2259
f 2259 2281 2282
f 2259 2282 2260
f 2260 2282 2283
f 2260 2283 2261
f 2261 2283 2284
f 2261 2284 2262
f 2262 2284 2285
f 2262 2285 2263
f 2263 2285 2286
f 2263 2286 2264
f 2264 2286 2287
f 2264 2287 2265
f 2265 2287 2288
f 2265 2288 2266
f 2266 2288 2267
f 2266 2267 2245
f 2267 2289 2290
f 2267 2290 2268
f 2268 2290 2291
f 2268 2291 2269
f 2269 2291 2292
f 2269 2292 2270
f 2270 2292 2293
f 2270 2293 2271
f 2271 2293 2294
f 2271 2294 2272
f 2272 2294 2295
f 2272 2295 2273
f 2273 2295 2296
f 2273 2296 2274
f 2274 2296 2297
f 2274 2297 2275
f 2275 2297 2298
f 2275 2298 2276
f 2276 2298 2299
f 2276 2299 2277
f 2277 2299 2300
f 2277 2300 2278
f 2278 2300 2301
f 2278 2301 2279
f 2279 2301 2302
f 2279 2302 2280
f 2280 2302 2303
f 2280 2303 2281
f 2281 2303 2304
f 2281 2304 2282
f 2282 2304 2305
f 2282 2305 2283
f 2283 2305 2306
f 2283 2306 2284
f 2284 2306 2307
f 2284 2307 2285
f 2285 2307 2308
f 2285 2308 2286
f 2286 2308 2309
f 2286 2309 2287
f 2287 2309 2310
f 2287 2310 2288
f 2288 2310 2289
f 2288 2289 2267
f 2289 2311 2312
f 2289 2312 2290
f 2290 2312 2313
f 2290 2313 2291
f 2291 2313 2314
f 2291 2314 2292
f 2292 2314 2315
f 2292 2315 2293
f 2293 2315 2316
f 2293 2316 2294
f 2294 2316 2317
f 2294 2317 2295
f 2295 2317 2318
f 2295 2318 2296
f 2296 2318 2319
f 2296 2319 2297
f 2297 2319 2320
f 2297 2320 2298
f 2298 2320 2321
f 2298 2321 2299
f 2299 2321 2322
f 2299 2322 2300
f 2300 2322 2323
f 2300 2323 2301
f 2301 2323 2324
f 2301 2324 2302
f 2302 2324 2325
f 2302 2325 2303
f 2303 2325 2326
f 2303 2326 2304
f 2304 2326 2327
f 2304 2327 2305
f 2305 2327 2328
f 2305 2328 2306
f 2306 2328 2329
f 2306 2329 2307
f 2307 2329 2330
f 2307 2330 2308
f 2308 2330 2331
f 2308 2331 2309
f 2309 2331 2332
f 2309 2332 2310
f 2310 2332 2311
f 2310 2311 2289
f 2311 2333 2334
f 2311 2334 2312
f 2312 2334 2335
f 2312 2335 2313
f 2313 2335 2336
f 2313 2336 2314
f 2314 2336 2337
f 2314 2337 2315
f 2315 2337 2338
f 2315 2338 2316
f 2316 2338 2339
f 2316 2339 2317
f 2317 2339 2340
f 2317 2340 2318
f 2318 2340 2341
f 2318 2341 2319
f 2319 2341 2342
f 2319 2342 2320
f 2320 2342 2343
f 2320 2343 2321
f 2321 2343 2344
f 2321 2344 2322
f 2322 2344 2345
f 2322 2345 2323
f 2323 2345 2346
f 2323 2346 2324
f 2324 2346 2347
f 2324 2347 2325
f 2325 2347 2348
f 2325 2348 2326
f 2326 2348 2349
f 2326 2349 2327
f 2327 2349 2350
f 2327 2350 2328
f 2328 2350 2351
f 2328 2351 2329
f 2329 2351 2352
f 2329 2352 2330
f 2330 2352 2353
f 2330 2353 2331
f 2331 2353 2354
f 2331 2354 2332
f 2332 2354 2333
f 2332 2333 2311
f 2333 2355 2356
f 2333 2356 2334
f 2334 2356 2357
f 2334 2357 2335
f 2335 2357 2358
f 2335 2358 2336
f 2336 2358 2359
f 2336 2359 2337
f 2337 2359 2360
f 2337 2360 2338
f 2338 2360 2361
f 2338 2361 2339
f 2339 2361 2362
f 2339 2362 2340
f 2340 2362 2363
f 2340 2363 2341
f 2341 2363 2364
f 2341 2364 2342
f 2342 2364 2365
f 2342 2365 2343
f 2343 2365 2366
f 2343 2366 2344
f 2344 2366 2367
f 2344 2367 2345
f 2345 2367 2368
f 2345 2368 2346
f 2346 2368 2369
f 2346 2369 2347
f 2347 2369 2370
f 2347 2370 2348
f 2348 2370 2371
f 2348 2371 2349
f 2349 2371 2372
f 2349 2372 2350
f 2350 2372 2373
f 2350 2373 2351
f 2351 2373 2374
f 2351 2374 2352
f 2352 2374 2375
f 2352 2375 2353
f 2353 2375 2376
f 2353 2376 2354
f 2354 2376 2355
f 2354 2355 2333
f 2355 2377 2378
f 2355 2378 2356
f 2356 2378 2379
f 2356 2379 2357
f 2357 2379 2380
f 2357 2380 2358
f 2358 2380 2381
f 2358 2381 2359
f 2359 2381 2382
f 2359 2382 2360
f 2360 2382 2383
f 2360 2383 2361
f 2361 2383 2384
f 2361 2384 2362
f 2362 2384 2385
f 2362 2385 2363
f 2363 2385 2386
f 2363 2386 2364
f 2364 2386 2387
f 2364 2387 2365
f 2365 2387 2388
f 2365 2388 2366
f 2366 2388 2389
f 2366 2389 2367
f 2367 2389 2390
f 2367 2390 2368
f 2368 2390 2391
f 2368 2391 2369
f 2369 2391 2392
f 2369 2392 2370
f 2370 2392 2393
f 2370 2393 2371
f 2371 2393 2394
f 2371 2394 2372
f 2372 2394 2395
f 2372 2395 2373
f 2373 2395 2396
f 2373 2396 2374
f 2374 2396 2397
f 2374 2397 2375
f 2375 2397 2398
f 2375 2398 2376
f 2376 2398 2377
f 2376 2377 2355
f 2377 2399 2400
f 2377 2400 2378
f 2378 2400 2401
f 2378 2401 2379
f 2379 2401 2402
f 2379 2402 2380
f 2380 2402 2403
f 2380 2403 2381
f 2381 2403 2404
f 2381 2404 2382
f 2382 2404 2405
f 2382 2405 2383
f 2383 2405 2406
f 2383 2406 2384
f 2384 2406 2407
f 2384 2407 2385
f 2385 2407 2408
f 2385 2408 2386
f 2386 2408 2409
f 2386 2409 2387
f 2387 2409 2410
f 2387 2410 2388
f 2388 2410 2411
f 2388 2411 2389
f 2389 2411 2412
f 2389 2412 2390
f 2390 2412 2413
f 2390 2413 2391
f 2391 2413 2414
f 2391 2414 2392
f 2392 2414 2415
f 2392 2415 2393
f 2393 2415 2416
f 2393 2416 2394
f 2394 2416 2417
f 2394 2417 2395
f 2395 2417 2418
f 2395 2418 2396
f 2396 2418 2419
f 2396 2419 2397
f 2397 2419 2420
f 2397 2420 2398
f 2398 2420 2399
f 2398 2399 2377
f 2399 2421 2422
f 2399 2422 2400
f 2400 2422 2423
f 2400 2423 2401
f 2401 2423 2424
f 2401 2424 2402
f 2402 2424 2425
f 2402 2425 2403
f 2403 2425 2426
f 2403 2426 2404
f 2404 2426 2427
f 2404 2427 2405
f 2405 2427 2428
f 2405 2428 2406
f 2406 2428 2429
f 2406 2429 2407
f 2407 2429 2430
f 2407 2430 2408
f 2408 2430 2431
f 2408 2431 2409
f 2409 2431 2432
f 2409 2432 2410
f 2410 2432 2433
f 2410 2433 2411
f 2411 2433 2434
f 2411 2434 2412
f 2412 2434 2435
f 2412 2435 2413
f 2413 2435 2436
f 2413 2436 2414
f 2414 2436 2437
f 2414 2437 2415
f 2415 2437 2438
f 2415 2438 2416
f 2416 2438 2439
f 2416 2439 2417
f 2417 2439 2440
f 2417 2440 2418
f 2418 2440 2441
f 2418 2441 2419
f 2419 2441 2442
f 2419 2442 2420
f 2420 2442 2421
f 2420 2421 2399
f 2421 2443 2444
f 2421 2444 2422
f 2422 2444 2445
f 2422 2445 2423
f 2423 2445 2446
f 2423 2446 2424
f 2424 2446 2447
f 2424 2447 2425
f 2425 2447 2448
f 2425 2448 2426
f 2426 2448 2449
f 2426 2449 2427
f 2427 2449 2450
f 2427 2450 2428
f 2428 2450 2451
f 2428 2451 2429
f 2429 2451 2452
f 2429 2452 2430
f 2430 2452 2453
f 2430 2453 2431
f 2431 2453 2454
f 2431 2454 2432
f 2432 2454 2455
f 2432 2455 2433
f 2433 2455 2456
f 2433 2456 2434
f 2434 2456 2457
f 2434 2457 2435
f 2435 2457 2458
f 2435 2458 2436
f 2436 2458 2459
f 2436 2459 2437
f 2437 2459 2460
f 2437 2460 2438
f 2438 2460 2461
f 2438 2461 2439
f 2439 2461 2462
f 2439 2462 2440
f 2440 2462 2463
f 2440 2463 2441
f 2441 2463 2464
f 2441 2464 2442
f 2442 2464 2443
f 2442 2443 2421
f 2465 2 1
f 2465 3 2
f 2465 4 3
f 2465 5 4
f 2465 6 5
f 2465 7 6
f 2465 8 7
f 2465 9 8
f 2465 10 9
f 2465 11 10
f 2465 12 11
f 2465 13 12
f 2465 14 13
f 2465 15 14
f 2465 16 15
f 2465 17 16
f 2465 18 17
f 2465 19 18
f 2465 20 19
f 2465 21 20
f 2465 22 21
f 2465 1 22
f 2466 2443 2444
f 2466 2444 2445
f 2466 2445 2446
f 2466 2446 2447
f 2466 2447 2448
f 2466 2448 2449
f 2466 2449 2450
f 2466 2450 2451
f 2466 2451 2452
f 2466 2452 2453
f 2466 2453 2454
f 2466 2454 2455
f 2466 2455 2456
f 2466 2456 2457
f 2466 2457 2458
f 2466 2458 2459
f 2466 2459 2460
f 2466 2460 2461
f 2466 2461 2462
f 2466 2462 2463
f 2466 2463 2464
f 2466 2464 2443
f 2467 2495 2496
f 2467 2496 2468
f 2468 2496 2497
f 2468 2497 2469
f 2469 2497 2498
f 2469 2498 2470
f 2470 2498 2499
f 2470 2499 2471
f 2471 2499 2500
f 2471 2500 2472
f 2472 2500 2501
f 2472 2501 2473
f 2473 2501 2502
f 2473 2502 2474
f 2474 2502 2503
f 2474 2503 2475
f 2475 2503 2504
f 2475 2504 2476
f 2476 2504 2505
f 2476 2505 2477
f 2477 2505 2506
f 2477 2506 2478
f 2478 2506 2507
f 2478 2507 2479
f 2479 2507 2508
f 2479 2508 2480
f 2480 2508 2509
f 2480 2509 2481
f 2481 2509 2510
f 2481 2510 2482
f 2482 2510 2511
f 2482 2511 2483
f 2483 2511 2512
f 2483 2512 2484
f 2484 2512 2513
f 2484 2513 2485
f 2485 2513 2514
f 2485 2514 2486
f 2486 2514 2515
f 2486 2515 2487
f 2487 2515 2516
f 2487 2516 2488
f 2488 2516 2517
f 2488 2517 2489
f 2489 2517 2518
f 2489 2518 2490
f 2490 2518 2519
f 2490 2519 2491
f 2491 2519 2520
f 2491 2520 2492
f 2492 2520 2521
f 2492 2521 2493
f 2493 2521 2522
f 2493 2522 2494
f 2494 2522 2495
f 2494 2495 2467
f 2523 2496 2495
f 2523 2497 2496
f 2523 2498 2497
f 2523 2499 2498
f 2523 2500 2499
f 2523 2501 2500
f 2523 2502 2501
f 2523 2503 2502
f 2523 2504 2503
f 2523 2505 2504
f 2523 2506 2505
f 2523 2507 2506
f 2523 2508 2507
f 2523 2509 2508
f 2523 2510 2509
f 2523 2511 2510
f 2523 2512 2511
f 2523 2513 2512
f 2523 2514 2513
f 2523 2515 2514
f 2523 2516 2515
f 2523 2517 2516
f 2523 2518 2517
f 2523 2519 2518
f 2523 2520 2519
f 2523 2521 2520
f 2523 2522 2521
f 2523 2495 2522
f 2524 2467 2468
f 2524 2468 2469
f 2524 2469 2470
f 2524 2470 2471
f 2524 2471 2472
f 2524 2472 2473
f 2524 2473 2474
f 2524 2474 2475
f 2524 2475 2476
f 2524 2476 2477
f 2524 2477 2478
f 2524 2478 2479
f 2524 2479 2480
f 2524 2480 2481
f 2524 2481 2482
f 2524 2482 2483
f 2524 2483 2484
f 2524 2484 2485
f 2524 2485 2486
f 2524 2486 2487
f 2524 2487 2488
f 2524 2488 2489
f 2524 2489 2490
f 2524 2490 2491
f 2524 2491 2492
f 2524 2492 2493
f 2524 2493 2494
f 2524 2494 2467
f 2525 2553 2554
f 2525 2554 2526
f 2526 2554 2555
f 2526 2555 2527
f 2527 2555 2556
f 2527 2556 2528
f 2528 2556 2557
f 2528 2557 2529
f 2529 2557 2558
f 2529 2558 2530
f 2530 2558 2559
f 2530 2559 2531
f 2531 2559 2560
f 2531 2560 2532
f 2532 2560 2561
f 2532 2561 2533
f 2533 2561 2562
f 2533 2562 2534
f 2534 2562 2563
f 2534 2563 2535
f 2535 2563 2564
f 2535 2564 2536
f 2536 2564 2565
f 2536 2565 2537
f 2537 2565 2566
f 2537 2566 2538
f 2538 2566 2567
f 2538 2567 2539
f 2539 2567 2568
f 2539 2568 2540
f 2540 2568 2569
f 2540 2569 2541
f 2541 2569 2570
f 2541 2570 2542
f 2542 2570 2571
f 2542 2571 2543
f 2543 2571 2572
f 2543 2572 2544
f 2544 2572 2573
f 2544 2573 2545
f 2545 2573 2574
f 2545 2574 2546
f 2546 2574 2575
f 2546 2575 2547
f 2547 2575 2576
f 2547 2576 2548
f 2548 2576 2577
f 2548 2577 2549
f 2549 2577 2578
f 2549 2578 2550
f 2550 2578 2579
f 2550 2579 2551
f 2551 2579 2580
f 2551 2580 2552
f 2552 2580 2553
f 2552 2553 2525
f 2581 2554 2553
f 2581 2555 2554
f 2581 2556 2555
f 2581 2557 2556
f 2581 2558 2557
f 2581 2559 2558
f 2581 2560 2559
f 2581 2561 2560
f 2581 2562 2561
f 2581 2563 2562
f 2581 2564 2563
f 2581 2565 2564
f 2581 2566 2565
f 2581 2567 2566
f 2581 2568 2567
f 2581 2569 2568
f 2581 2570 2569
f 2581 2571 2570
f 2581 2572 2571
f 2581 2573 2572
f 2581 2574 2573
f 2581 2575 2574
f 2581 2576 2575
f 2581 2577 2576
f 2581 2578 2577
f 2581 2579 2578
f 2581 2580 2579
f 2581 2553 2580
f 2582 2525 2526
f 2582 2526 2527
f 2582 2527 2528
f 2582 2528 2529
f 2582 2529 2530
f 2582 2530 2531
f 2582 2531 2532
f 2582 2532 2533
f 2582 2533 2534
f 2582 2534 2535
f 2582 2535 2536
f 2582 2536 2537
f 2582 2537 2538
f 2582 2538 2539
f 2582 2539 2540
f 2582 2540 2541
f 2582 2541 2542
f 2582 2542 2543
f 2582 2543 2544
f 2582 2544 2545
f 2582 2545 2546
f 2582 2546 2547
f 2582 2547 2548
f 2582 2548 2549
f 2582 2549 2550
f 2582 2550 2551
f 2582 2551 2552
f 2582 2552 2525
f 2583 2597 2598
f 2583 2598 2584
f 2584 2598 2599
f 2584 2599 2585
f 2585 2599 2600
f 2585 2600 2586
f 2586 2600 2601
f 2586 2601 2587
f 2587 2601 2602
f 2587 2602 2588
f 2588 2602 2603
f 2588 2603 2589
f 2589 2603 2604
f 2589 2604 2590
f 2590 2604 2605
f 2590 2605 2591
f 2591 2605 2606
f 2591 2606 2592
f 2592 2606 2607
f 2592 2607 2593
f 2593 2607 2608
f 2593 2608 2594
f 2594 2608 2609
f 2594 2609 2595
f 2595 2609 2610
f 2595 2610 2596
f 2596 2610 2597
f 2596 2597 2583
f 2597 2611 2612
f 2597 2612 2598
f 2598 2612 2613
f 2598 2613 2599
f 2599 2613 2614
f 2599 2614 2600
f 2600 2614 2615
f 2600 2615 2601
f 2601 2615 2616
f 2601 2616 2602
f 2602 2616 2617
f 2602 2617 2603
f 2603 2617 2618
f 2603 2618 2604
f 2604 2618 2619
f 2604 2619 2605
f 2605 2619 2620
f 2605 2620 2606
f 2606 2620 2621
f 2606 2621 2607
f 2607 2621 2622
f 2607 2622 2608
f 2608 2622 2623
f 2608 2623 2609
f 2609 2623 2624
f 2609 2624 2610
f 2610 2624 2611
f 2610 2611 2597
f 2611 2625 2626
f 2611 2626 2612
f 2612 2626 2627
f 2612 2627 2613
f 2613 2627 2628
f 2613 2628 2614
f 2614 2628 2629
f 2614 2629 2615
f 2615 2629 2630
f 2615 2630 2616
f 2616 2630 2631
f 2616 2631 2617
f 2617 2631 2632
f 2617 2632 2618
f 2618 2632 2633
f 2618 2633 2619
f 2619 2633 2634
f 2619 2634 2620
f 2620 2634 2635
f 2620 2635 2621
f 2621 2635 2636
f 2621 2636 2622
f 2622 2636 2637
f 2622 2637 2623
f 2623 2637 2638
f 2623 2638 2624
f 2624 2638 2625
f 2624 2625 2611
f 2625 2639 2640
f 2625 2640 2626
f 2626 2640 2641
f 2626 2641 2627
f 2627 2641 2642
f 2627 2642 2628
f 2628 2642 2643
f 2628 2643 2629
f 2629 2643 2644
f 2629 2644 2630
f 2630 2644 2645
f 2630 2645 2631
f 2631 2645 2646
f 2631 2646 2632
f 2632 2646 2647
f 2632 2647 2633
f 2633 2647 2648
f 2633 2648 2634
f 2634 2648 2649
f 2634 2649 2635
f 2635 2649 2650
f 2635 2650 2636
f 2636 2650 2651
f 2636 2651 2637
f 2637 2651 2652
f 2637 2652 2638
f 2638 2652 2639
f 2638 2639 2625
f 2639 2653 2654
f 2639 2654 2640
f 2640 2654 2655
f 2640 2655 2641
f 2641 2655 2656
f 2641 2656 2642
f 2642 2656 2657
f 2642 2657 2643
f 2643 2657 2658
f 2643 2658 2644
f 2644 2658 2659
f 2644 2659 2645
f 2645 2659 2660
f 2645 2660 2646
f 2646 2660 2661
f 2646 2661 2647
f 2647 2661 2662
f 2647 2662 2648
f 2648 2662 2663
f 2648 2663 2649
f 2649 2663 2664
f 2649 2664 2650
f 2650 2664 2665
f 2650 2665 2651
f 2651 2665 2666
f 2651 2666 2652
f 2652 2666 2653
f 2652 2653 2639
f 2653 2667 2668
f 2653 2668 2654
f 2654 2668 2669
f 2654 2669 2655
f 2655 2669 2670
f 2655 2670 2656
f 2656 2670 2671
f 2656 2671 2657
f 2657 2671 2672
f 2657 2672 2658
f 2658 2672 2673
f 2658 2673 2659
f 2659 2673 2674
f 2659 2674 2660
f 2660 2674 2675
f 2660 2675 2661
f 2661 2675 2676
f 2661 2676 2662
f 2662 2676 2677
f 2662 2677 2663
f 2663 2677 2678
f 2663 2678 2664
f 2664 2678 2679
f 2664 2679 2665
f 2665 2679 2680
f 2665 2680 2666
f 2666 2680 2667
f 2666 2667 2653
f 2667 2681 2682
f 2667 2682 2668
f 2668 2682 2683
f 2668 2683 2669
f 2669 2683 2684
f 2669 2684 2670
f 2670 2684 2685
f 2670 2685 2671
f 2671 2685 2686
f 2671 2686 2672
f 2672 2686 2687
f 2672 2687 2673
f 2673 2687 2688
f 2673 2688 2674
f 2674 2688 2689
f 2674 2689 2675
f 2675 2689 2690
f 2675 2690 2676
f 2676 2690 2691
f 2676 2691 2677
f 2677 2691 2692
f 2677 2692 2678
f 2678 2692 2693
f 2678 2693 2679
f 2679 2693 2694
f 2679 2694 2680
f 2680 2694 2681
f 2680 2681 2667
f 2681 2695 2696
f 2681 2696 2682
f 2682 2696 2697
f 2682 2697 2683
f 2683 2697 2698
f 2683 2698 2684
f 2684 2698 2699
f 2684 2699 2685
f 2685 2699 2700
f 2685 2700 2686
f 2686 2700 2701
f 2686 2701 2687
f 2687 2701 2702
f 2687 2702 2688
f 2688 2702 2703
f 2688 2703 2689
f 2689 2703 2704
f 2689 2704 2690
f 2690 2704 2705
f 2690 2705 2691
f 2691 2705 2706
f 2691 2706 2692
f 2692 2706 2707
f 2692 2707 2693
f 2693 2707 2708
f 2693 2708 2694
f 2694 2708 2695
f 2694 2695 2681
f 2695 2709 2710
f 2695 2710 2696
f 2696 2710 2711
f 2696 2711 2697
f 2697 2711 2712
f 2697 2712 2698
f 2698 2712 2713
f 2698 2713 2699
f 2699 2713 2714
f 2699 2714 2700
f 2700 2714 2715
f 2700 2715 2701
f 2701 2715 2716
f 2701 2716 2702
f 2702 2716 2717
f 2702 2717 2703
f 2703 2717 2718
f 2703 2718 2704
f 2704 2718 2719
f 2704 2719 2705
f 2705 2719 2720
f 2705 2720 2706
f 2706 2720 2721
f 2706 2721 2707
f 2707 2721 2722
f 2707 2722 2708
f 2708 2722 2709
f 2708 2709 2695
f 2709 2723 2724
f 2709 2724 2710
f 2710 2724 2725
f 2710 2725 2711
f 2711 2725 2726
f 2711 2726 2712
f 2712 2726 2727
f 2712 2727 2713
f 2713 2727 2728
f 2713 2728 2714
f 2714 2728 2729
f 2714 2729 2715
f 2715 2729 2730
f 2715 2730 2716
f 2716 2730 2731
f 2716 2731 2717
f 2717 2731 2732
f 2717 2732 2718
f 2718 2732 2733
f 2718 2733 2719
f 2719 2733 2734
f 2719 2734 2720
f 2720 2734 2735
f 2720 2735 2721
f 2721 2735 2736
f 2721 2736 2722
f 2722 2736 2723
f 2722 2723 2709
f 2723 2737 2738
f 2723 2738 2724
f 2724 2738 2739
f 2724 2739 2725
f 2725 2739 2740
f 2725 2740 2726
f 2726 2740 2741
f 2726 2741 2727
f 2727 2741 2742
f 2727 2742 2728
f 2728 2742 2743
f 2728 2743 2729
f 2729 2743 2744
f 2729 2744 2730
f 2730 2744 2745
f 2730 2745 2731
f 2731 2745 2746
f 2731 2746 2732
f 2732 2746 2747
f 2732 2747 2733
f 2733 2747 2748
f 2733 2748 2734
f 2734 2748 2749
f 2734 2749 2735
f 2735 2749 2750
f 2735 2750 2736
f 2736 2750 2737
f 2736 2737 2723
f 2737 2751 2752
f 2737 2752 2738
f 2738 2752 2753
f 2738 2753 2739
f 2739 2753 2754
f 2739 2754 2740
f 2740 2754 2755
f 2740 2755 2741
f 2741 2755 2756
f 2741 2756 2742
f 2742 2756 2757
f 2742 2757 2743
f 2743 2757 2758
f 2743 2758 2744
f 2744 2758 2759
f 2744 2759 2745
f 2745 2759 2760
f 2745 2760 2746
f 2746 2760 2761
f 2746 2761 2747
f 2747 2761 2762
f 2747 2762 2748
f 2748 2762 2763
f 2748 2763 2749
f 2749 2763 2764
f 2749 2764 2750
f 2750 2764 2751
f 2750 2751 2737
f 2751 2765 2766
f 2751 2766 2752
f 2752 2766 2767
f 2752 2767 2753
f 2753 2767 2768
f 2753 2768 2754
f 2754 2768 2769
f 2754 2769 2755
f 2755 2769 2770
f 2755 2770 2756
f 2756 2770 2771
f 2756 2771 2757
f 2757 2771 2772
f 2757 2772 2758
f 2758 2772 2773
f 2758 2773 2759
f 2759 2773 2774
f 2759 2774 2760
f 2760 2774 2775
f 2760 2775 2761
f 2761 2775 2776
f 2761 2776 2762
f 2762 2776 2777
f 2762 2777 2763
f 2763 2777 2778
f 2763 2778 2764
f 2764 2778 2765
f 2764 2765 2751
f 2765 2779 2780
f 2765 2780 2766
f 2766 2780 2781
f 2766 2781 2767
f 2767 2781 2782
f 2767 2782 2768
f 2768 2782 2783
f 2768 2783 2769
f 2769 2783 2784
f 2769 2784 2770
f 2770 2784 2785
f 2770 2785 2771
f 2771 2785 2786
f 2771 2786 2772
f 2772 2786 2787
f 2772 2787 2773
f 2773 2787 2788
f 2773 2788 2774
f 2774 2788 2789
f 2774 2789 2775
f 2775 2789 2790
f 2775 2790 2776
f 2776 2790 2791
f 2776 2791 2777
f 2777 2791 2792
f 2777 2792 2778
f 2778 2792 2779
f 2778 2779 2765
f 2779 2793 2794
f 2779 2794 2780
f 2780 2794 2795
f 2780 2795 2781
f 2781 2795 2796
f 2781 2796 2782
f 2782 2796 2797
f 2782 2797 2783
f 2783 2797 2798
f 2783 2798 2784
f 2784 2798 2799
f 2784 2799 2785
f 2785 2799 2800
f 2785 2800 2786
f 2786 2800 2801
f 2786 2801 2787
f 2787 2801 2802
f 2787 2802 2788
f 2788 2802 2803
f 2788 2803 2789
f 2789 2803 2804
f 2789 2804 2790
f 2790 2804 2805
f 2790 2805 2791
f 2791 2805 2806
f 2791 2806 2792
f 2792 2806 2793
f 2792 2793 2779
f 2793 2807 2808
f 2793 2808 2794
f 2794 2808 2809
f 2794 2809 2795
f 2795 2809 2810
f 2795 2810 2796
f 2796 2810 2811
f 2796 2811 2797
f 2797 2811 2812
f 2797 2812 2798
f 2798 2812 2813
f 2798 2813 2799
f 2799 2813 2814
f 2799 2814 2800
f 2800 2814 2815
f 2800 2815 2801
f 2801 2815 2816
f 2801 2816 2802
f 2802 2816 2817
f 2802 2817 2803
f 2803 2817 2818
f 2803 2818 2804
f 2804 2818 2819
f 2804 2819 2805
f 2805 2819 2820
f 2805 2820 2806
f 2806 2820 2807
f 2806 2807 2793
f 2807 2821 2822
f 2807 2822 2808
f 2808 2822 2823
f 2808 2823 2809
f 2809 2823 2824
f 2809 2824 2810
f 2810 2824 2825
f 2810 2825 2811
f 2811 2825 2826
f 2811 2826 2812
f 2812 2826 2827
f 2812 2827 2813
f 2813 2827 2828
f 2813 2828 2814
f 2814 2828 2829
f 2814 2829 2815
f 2815 2829 2830
f 2815 2830 2816
f 2816 2830 2831
f 2816 2831 2817
f 2817 2831 2832
f 2817 2832 2818
f 2818 2832 2833
f 2818 2833 2819
f 2819 2833 2834
f 2819 2834 2820
f 2820 2834 2821
f 2820 2821 2807
f 2821 2835 2836
f 2821 2836 2822
f 2822 2836 2837
f 2822 2837 2823
f 2823 2837 2838
f 2823 2838 2824
f 2824 2838 2839
f 2824 2839 2825
f 2825 2839 2840
f 2825 2840 2826
f 2826 2840 2841
f 2826 2841 2827
f 2827 2841 2842
f 2827 2842 2828
f 2828 2842 2843
f 2828 2843 2829
f 2829 2843 2844
f 2829 2844 2830
f 2830 2844 2845
f 2830 2845 2831
f 2831 2845 2846
f 2831 2846 2832
f 2832 2846 2847
f 2832 2847 2833
f 2833 2847 2848
f 2833 2848 2834
f 2834 2848 2835
f 2834 2835 2821
f 2835 2849 2850
f 2835 2850 2836
f 2836 2850 2851
f 2836 2851 2837
f 2837 2851 2852
f 2837 2852 2838
f 2838 2852 2853
f 2838 2853 2839
f 2839 2853 2854
f 2839 2854 2840
f 2840 2854 2855
f 2840 2855 2841
f 2841 2855 2856
f 2841 2856 2842
f 2842 2856 2857
f 2842 2857 2843
f 2843 2857 2858
f 2843 2858 2844
f 2844 2858 2859
f 2844 2859 2845
f 2845 2859 2860
f 2845 2860 2846
f 2846 2860 2861
f 2846 2861 2847
f 2847 2861 2862
f 2847 2862 2848
f 2848 2862 2849
f 2848 2849 2835
f 2849 2863 2864
f 2849 2864 2850
f 2850 2864 2865
f 2850 2865 2851
f 2851 2865 2866
f 2851 2866 2852
f 2852 2866 2867
f 2852 2867 2853
f 2853 2867 2868
f 2853 2868 2854
f 2854 2868 2869
f 2854 2869 2855
f 2855 2869 2870
f 2855 2870 2856
f 2856 2870 2871
f 2856 2871 2857
f 2857 2871 2872
f 2857 2872 2858
f 2858 2872 2873
f 2858 2873 2859
f 2859 2873 2874
f 2859 2874 2860
f 2860 2874 2875
f 2860 2875 2861
f 2861 2875 2876
f 2861 2876 2862
f 2862 2876 2863
f 2862 2863 2849
f 2863 2877 2878
f 2863 2878 2864
f 2864 2878 2879
f 2864 2879 2865
f 2865 2879 2880
f 2865 2880 2866
f 2866 2880 2881
f 2866 2881 2867
f 2867 2881 2882
f 2867 2882 2868
f 2868 2882 2883
f 2868 2883 2869
f 2869 2883 2884
f 2869 2884 2870
f 2870 2884 2885
f 2870 2885 2871
f 2871 2885 2886
f 2871 2886 2872
f 2872 2886 2887
f 2872 2887 2873
f 2873 2887 2888
f 2873 2888 2874
f 2874 2888 2889
f 2874 2889 2875
f 2875 2889 2890
f 2875 2890 2876
f 2876 2890 2877
f 2876 2877 2863
f 2877 2891 2892
f 2877 2892 2878
f 2878 2892 2893
f 2878 2893 2879
f 2879 2893 2894
f 2879 2894 2880
f 2880 2894 2895
f 2880 2895 2881
f 2881 2895 2896
f 2881 2896 2882
f 2882 2896 2897
f 2882 2897 2883
f 2883 2897 2898
f 2883 2898 2884
f 2884 2898 2899
f 2884 2899 2885
f 2885 2899 2900
f 2885 2900 2886
f 2886 2900 2901
f 2886 2901 2887
f 2887 2901 2902
f 2887 2902 2888
f 2888 2902 2903
f 2888 2903 2889
f 2889 2903 2904
f 2889 2904 2890
f 2890 2904 2891
f 2890 2891 2877
f 2891 2905 2906
f 2891 2906 2892
f 2892 2906 2907
f 2892 2907 2893
f 2893 2907 2908
f 2893 2908 2894
f 2894 2908 2909
f 2894 2909 2895
f 2895 2909 2910
f 2895 2910 2896
f 2896 2910 2911
f 2896 2911 2897
f 2897 2911 2912
f 2897 2912 2898
f 2898 2912 2913
f 2898 2913 2899
f 2899 2913 2914
f 2899 2914 2900
f 2900 2914 2915
f 2900 2915 2901
f 2901 2915 2916
f 2901 2916 2902
f 2902 2916 2917
f 2902 2917 2903
f 2903 2917 2918
f 2903 2918 2904
f 2904 2918 2905
f 2904 2905 2891
f 2919 2584 2583
f 2919 2585 2584
f 2919 2586 2585
f 2919 2587 2586
f 2919 2588 2587
f 2919 2589 2588
f 2919 2590 2589
f 2919 2591 2590
f 2919 2592 2591
f 2919 2593 2592
f 2919 2594 2593
f 2919 2595 2594
f 2919 2596 2595
f 2919 2583 2596
f 2920 2905 2906
f 2920 2906 2907
f 2920 2907 2908
f 2920 2908 2909
f 2920 2909 2910
f 2920 2910 2911
f 2920 2911 2912
f 2920 2912 2913
f 2920 2913 2914
f 2920 2914 2915
f 2920 2915 2916
f 2920 2916 2917
f 2920 2917 2918
f 2920 2918 2905
