mtllib grandma.mtl
v 0.0000 0.0300 -0.8200
v -0.2122 0.0300 -0.7921
v -0.4100 0.0300 -0.7101
v -0.5798 0.0300 -0.5798
v -0.7101 0.0300 -0.4100
v -0.7921 0.0300 -0.2122
v -0.8200 0.0300 -0.0000
v -0.7921 0.0300 0.2122
v -0.7101 0.0300 0.4100
v -0.5798 0.0300 0.5798
v -0.4100 0.0300 0.7101
v -0.2122 0.0300 0.7921
v -0.0000 0.0300 0.8200
v 0.2122 0.0300 0.7921
v 0.4100 0.0300 0.7101
v 0.5798 0.0300 0.5798
v 0.7101 0.0300 0.4100
v 0.7921 0.0300 0.2122
v 0.8200 0.0300 0.0000
v 0.7921 0.0300 -0.2122
v 0.7101 0.0300 -0.4100
v 0.5798 0.0300 -0.5798
v 0.4100 0.0300 -0.7101
v 0.2122 0.0300 -0.7921
v 0.0000 0.1200 -0.8000
v -0.2071 0.1200 -0.7727
v -0.4000 0.1200 -0.6928
v -0.5657 0.1200 -0.5657
v -0.6928 0.1200 -0.4000
v -0.7727 0.1200 -0.2071
v -0.8000 0.1200 -0.0000
v -0.7727 0.1200 0.2071
v -0.6928 0.1200 0.4000
v -0.5657 0.1200 0.5657
v -0.4000 0.1200 0.6928
v -0.2071 0.1200 0.7727
v -0.0000 0.1200 0.8000
v 0.2071 0.1200 0.7727
v 0.4000 0.1200 0.6928
v 0.5657 0.1200 0.5657
v 0.6928 0.1200 0.4000
v 0.7727 0.1200 0.2071
v 0.8000 0.1200 0.0000
v 0.7727 0.1200 -0.2071
v 0.6928 0.1200 -0.4000
v 0.5657 0.1200 -0.5657
v 0.4000 0.1200 -0.6928
v 0.2071 0.1200 -0.7727
v 0.0000 0.0300 0.0000
v 0.0000 0.1200 0.0000
v 0.0000 0.1000 -0.8400
v -0.2010 0.1000 -0.8156
v -0.3904 0.1000 -0.7438
v -0.5570 0.1000 -0.6287
v -0.6913 0.1000 -0.4772
v -0.7854 0.1000 -0.2979
v -0.8339 0.1000 -0.1013
v -0.8339 0.1000 0.1013
v -0.7854 0.1000 0.2979
v -0.6913 0.1000 0.4772
v -0.5570 0.1000 0.6287
v -0.3904 0.1000 0.7438
v -0.2010 0.1000 0.8156
v -0.0000 0.1000 0.8400
v 0.2010 0.1000 0.8156
v 0.3904 0.1000 0.7438
v 0.5570 0.1000 0.6287
v 0.6913 0.1000 0.4772
v 0.7854 0.1000 0.2979
v 0.8339 0.1000 0.1013
v 0.8339 0.1000 -0.1013
v 0.7854 0.1000 -0.2979
v 0.6913 0.1000 -0.4772
v 0.5570 0.1000 -0.6287
v 0.3904 0.1000 -0.7438
v 0.2010 0.1000 -0.8156
v 0.0000 0.5500 -0.7200
v -0.1723 0.5500 -0.6991
v -0.3346 0.5500 -0.6375
v -0.4774 0.5500 -0.5389
v -0.5925 0.5500 -0.4090
v -0.6732 0.5500 -0.2553
v -0.7148 0.5500 -0.0868
v -0.7148 0.5500 0.0868
v -0.6732 0.5500 0.2553
v -0.5925 0.5500 0.4090
v -0.4774 0.5500 0.5389
v -0.3346 0.5500 0.6375
v -0.1723 0.5500 0.6991
v -0.0000 0.5500 0.7200
v 0.1723 0.5500 0.6991
v 0.3346 0.5500 0.6375
v 0.4774 0.5500 0.5389
v 0.5925 0.5500 0.4090
v 0.6732 0.5500 0.2553
v 0.7148 0.5500 0.0868
v 0.7148 0.5500 -0.0868
v 0.6732 0.5500 -0.2553
v 0.5925 0.5500 -0.4090
v 0.4774 0.5500 -0.5389
v 0.3346 0.5500 -0.6375
v 0.1723 0.5500 -0.6991
v 0.0000 1.0000 -0.6000
v -0.1436 1.0000 -0.5826
v -0.2788 1.0000 -0.5313
v -0.3979 1.0000 -0.4491
v -0.4938 1.0000 -0.3408
v -0.5610 1.0000 -0.2128
v -0.5956 1.0000 -0.0723
v -0.5956 1.0000 0.0723
v -0.5610 1.0000 0.2128
v -0.4938 1.0000 0.3408
v -0.3979 1.0000 0.4491
v -0.2788 1.0000 0.5313
v -0.1436 1.0000 0.5826
v -0.0000 1.0000 0.6000
v 0.1436 1.0000 0.5826
v 0.2788 1.0000 0.5313
v 0.3979 1.0000 0.4491
v 0.4938 1.0000 0.3408
v 0.5610 1.0000 0.2128
v 0.5956 1.0000 0.0723
v 0.5956 1.0000 -0.0723
v 0.5610 1.0000 -0.2128
v 0.4938 1.0000 -0.3408
v 0.3979 1.0000 -0.4491
v 0.2788 1.0000 -0.5313
v 0.1436 1.0000 -0.5826
v 0.0000 1.3500 -0.5400
v -0.1292 1.3500 -0.5243
v -0.2510 1.3500 -0.4781
v -0.3581 1.3500 -0.4042
v -0.4444 1.3500 -0.3068
v -0.5049 1.3500 -0.1915
v -0.5361 1.3500 -0.0651
v -0.5361 1.3500 0.0651
v -0.5049 1.3500 0.1915
v -0.4444 1.3500 0.3068
v -0.3581 1.3500 0.4042
v -0.2510 1.3500 0.4781
v -0.1292 1.3500 0.5243
v -0.0000 1.3500 0.5400
v 0.1292 1.3500 0.5243
v 0.2510 1.3500 0.4781
v 0.3581 1.3500 0.4042
v 0.4444 1.3500 0.3068
v 0.5049 1.3500 0.1915
v 0.5361 1.3500 0.0651
v 0.5361 1.3500 -0.0651
v 0.5049 1.3500 -0.1915
v 0.4444 1.3500 -0.3068
v 0.3581 1.3500 -0.4042
v 0.2510 1.3500 -0.4781
v 0.1292 1.3500 -0.5243
v 0.0000 0.1000 0.0000
v 0.0000 1.3500 0.0000
v 0.0000 1.8320 0.0000
v 0.0000 1.8320 0.0000
v 0.0000 1.8320 0.0000
v 0.0000 1.8320 0.0000
v 0.0000 1.8320 0.0000
v 0.0000 1.8320 0.0000
v 0.0000 1.8320 0.0000
v 0.0000 1.8320 0.0000
v 0.0000 1.8320 0.0000
v 0.0000 1.8320 0.0000
v 0.0000 1.8320 0.0000
v 0.0000 1.8320 0.0000
v 0.0000 1.8320 0.0000
v 0.0000 1.8320 0.0000
v 0.0000 1.8320 0.0000
v 0.0000 1.8320 0.0000
v 0.0000 1.8320 0.0000
v 0.0000 1.8320 0.0000
v 0.0000 1.8320 0.0000
v 0.0000 1.8320 0.0000
v 0.0000 1.8320 0.0000
v 0.0000 1.8320 0.0000
v 0.2225 1.8167 0.0000
v 0.2135 1.8167 0.0470
v 0.1872 1.8167 0.0902
v 0.1457 1.8167 0.1261
v 0.0924 1.8167 0.1518
v 0.0317 1.8167 0.1652
v -0.0317 1.8167 0.1652
v -0.0924 1.8167 0.1518
v -0.1457 1.8167 0.1261
v -0.1872 1.8167 0.0902
v -0.2135 1.8167 0.0470
v -0.2225 1.8167 0.0000
v -0.2135 1.8167 -0.0470
v -0.1872 1.8167 -0.0902
v -0.1457 1.8167 -0.1261
v -0.0924 1.8167 -0.1518
v -0.0317 1.8167 -0.1652
v 0.0317 1.8167 -0.1652
v 0.0924 1.8167 -0.1518
v 0.1457 1.8167 -0.1261
v 0.1872 1.8167 -0.0902
v 0.2135 1.8167 -0.0470
v 0.4232 1.7724 0.0000
v 0.4061 1.7724 0.0894
v 0.3560 1.7724 0.1716
v 0.2771 1.7724 0.2399
v 0.1758 1.7724 0.2887
v 0.0602 1.7724 0.3142
v -0.0602 1.7724 0.3142
v -0.1758 1.7724 0.2887
v -0.2771 1.7724 0.2399
v -0.3560 1.7724 0.1716
v -0.4061 1.7724 0.0894
v -0.4232 1.7724 0.0000
v -0.4061 1.7724 -0.0894
v -0.3560 1.7724 -0.1716
v -0.2771 1.7724 -0.2399
v -0.1758 1.7724 -0.2887
v -0.0602 1.7724 -0.3142
v 0.0602 1.7724 -0.3142
v 0.1758 1.7724 -0.2887
v 0.2771 1.7724 -0.2399
v 0.3560 1.7724 -0.1716
v 0.4061 1.7724 -0.0894
v 0.5825 1.7034 0.0000
v 0.5589 1.7034 0.1231
v 0.4900 1.7034 0.2362
v 0.3815 1.7034 0.3302
v 0.2420 1.7034 0.3974
v 0.0829 1.7034 0.4324
v -0.0829 1.7034 0.4324
v -0.2420 1.7034 0.3974
v -0.3815 1.7034 0.3302
v -0.4900 1.7034 0.2362
v -0.5589 1.7034 0.1231
v -0.5825 1.7034 0.0000
v -0.5589 1.7034 -0.1231
v -0.4900 1.7034 -0.2362
v -0.3815 1.7034 -0.3302
v -0.2420 1.7034 -0.3974
v -0.0829 1.7034 -0.4324
v 0.0829 1.7034 -0.4324
v 0.2420 1.7034 -0.3974
v 0.3815 1.7034 -0.3302
v 0.4900 1.7034 -0.2362
v 0.5589 1.7034 -0.1231
v 0.6848 1.6164 0.0000
v 0.6570 1.6164 0.1447
v 0.5761 1.6164 0.2777
v 0.4484 1.6164 0.3881
v 0.2845 1.6164 0.4672
v 0.0975 1.6164 0.5083
v -0.0975 1.6164 0.5083
v -0.2845 1.6164 0.4672
v -0.4484 1.6164 0.3881
v -0.5761 1.6164 0.2777
v -0.6570 1.6164 0.1447
v -0.6848 1.6164 0.0000
v -0.6570 1.6164 -0.1447
v -0.5761 1.6164 -0.2777
v -0.4484 1.6164 -0.3881
v -0.2845 1.6164 -0.4672
v -0.0975 1.6164 -0.5083
v 0.0975 1.6164 -0.5083
v 0.2845 1.6164 -0.4672
v 0.4484 1.6164 -0.3881
v 0.5761 1.6164 -0.2777
v 0.6570 1.6164 -0.1447
v 0.7200 1.5200 0.0000
v 0.6908 1.5200 0.1521
v 0.6057 1.5200 0.2919
v 0.4715 1.5200 0.4081
v 0.2991 1.5200 0.4912
v 0.1025 1.5200 0.5345
v -0.1025 1.5200 0.5345
v -0.2991 1.5200 0.4912
v -0.4715 1.5200 0.4081
v -0.6057 1.5200 0.2919
v -0.6908 1.5200 0.1521
v -0.7200 1.5200 0.0000
v -0.6908 1.5200 -0.1521
v -0.6057 1.5200 -0.2919
v -0.4715 1.5200 -0.4081
v -0.2991 1.5200 -0.4912
v -0.1025 1.5200 -0.5345
v 0.1025 1.5200 -0.5345
v 0.2991 1.5200 -0.4912
v 0.4715 1.5200 -0.4081
v 0.6057 1.5200 -0.2919
v 0.6908 1.5200 -0.1521
v 0.6848 1.4236 0.0000
v 0.6570 1.4236 0.1447
v 0.5761 1.4236 0.2777
v 0.4484 1.4236 0.3881
v 0.2845 1.4236 0.4672
v 0.0975 1.4236 0.5083
v -0.0975 1.4236 0.5083
v -0.2845 1.4236 0.4672
v -0.4484 1.4236 0.3881
v -0.5761 1.4236 0.2777
v -0.6570 1.4236 0.1447
v -0.6848 1.4236 0.0000
v -0.6570 1.4236 -0.1447
v -0.5761 1.4236 -0.2777
v -0.4484 1.4236 -0.3881
v -0.2845 1.4236 -0.4672
v -0.0975 1.4236 -0.5083
v 0.0975 1.4236 -0.5083
v 0.2845 1.4236 -0.4672
v 0.4484 1.4236 -0.3881
v 0.5761 1.4236 -0.2777
v 0.6570 1.4236 -0.1447
v 0.5825 1.3366 0.0000
v 0.5589 1.3366 0.1231
v 0.4900 1.3366 0.2362
v 0.3815 1.3366 0.3302
v 0.2420 1.3366 0.3974
v 0.0829 1.3366 0.4324
v -0.0829 1.3366 0.4324
v -0.2420 1.3366 0.3974
v -0.3815 1.3366 0.3302
v -0.4900 1.3366 0.2362
v -0.5589 1.3366 0.1231
v -0.5825 1.3366 0.0000
v -0.5589 1.3366 -0.1231
v -0.4900 1.3366 -0.2362
v -0.3815 1.3366 -0.3302
v -0.2420 1.3366 -0.3974
v -0.0829 1.3366 -0.4324
v 0.0829 1.3366 -0.4324
v 0.2420 1.3366 -0.3974
v 0.3815 1.3366 -0.3302
v 0.4900 1.3366 -0.2362
v 0.5589 1.3366 -0.1231
v 0.4232 1.2676 0.0000
v 0.4061 1.2676 0.0894
v 0.3560 1.2676 0.1716
v 0.2771 1.2676 0.2399
v 0.1758 1.2676 0.2887
v 0.0602 1.2676 0.3142
v -0.0602 1.2676 0.3142
v -0.1758 1.2676 0.2887
v -0.2771 1.2676 0.2399
v -0.3560 1.2676 0.1716
v -0.4061 1.2676 0.0894
v -0.4232 1.2676 0.0000
v -0.4061 1.2676 -0.0894
v -0.3560 1.2676 -0.1716
v -0.2771 1.2676 -0.2399
v -0.1758 1.2676 -0.2887
v -0.0602 1.2676 -0.3142
v 0.0602 1.2676 -0.3142
v 0.1758 1.2676 -0.2887
v 0.2771 1.2676 -0.2399
v 0.3560 1.2676 -0.1716
v 0.4061 1.2676 -0.0894
v 0.2225 1.2233 0.0000
v 0.2135 1.2233 0.0470
v 0.1872 1.2233 0.0902
v 0.1457 1.2233 0.1261
v 0.0924 1.2233 0.1518
v 0.0317 1.2233 0.1652
v -0.0317 1.2233 0.1652
v -0.0924 1.2233 0.1518
v -0.1457 1.2233 0.1261
v -0.1872 1.2233 0.0902
v -0.2135 1.2233 0.0470
v -0.2225 1.2233 0.0000
v -0.2135 1.2233 -0.0470
v -0.1872 1.2233 -0.0902
v -0.1457 1.2233 -0.1261
v -0.0924 1.2233 -0.1518
v -0.0317 1.2233 -0.1652
v 0.0317 1.2233 -0.1652
v 0.0924 1.2233 -0.1518
v 0.1457 1.2233 -0.1261
v 0.1872 1.2233 -0.0902
v 0.2135 1.2233 -0.0470
v 0.0000 1.2080 0.0000
v 0.0000 1.2080 0.0000
v 0.0000 1.2080 0.0000
v 0.0000 1.2080 0.0000
v 0.0000 1.2080 0.0000
v 0.0000 1.2080 0.0000
v -0.0000 1.2080 0.0000
v -0.0000 1.2080 0.0000
v -0.0000 1.2080 0.0000
v -0.0000 1.2080 0.0000
v -0.0000 1.2080 0.0000
v -0.0000 1.2080 0.0000
v -0.0000 1.2080 -0.0000
v -0.0000 1.2080 -0.0000
v -0.0000 1.2080 -0.0000
v -0.0000 1.2080 -0.0000
v -0.0000 1.2080 -0.0000
v 0.0000 1.2080 -0.0000
v 0.0000 1.2080 -0.0000
v 0.0000 1.2080 -0.0000
v 0.0000 1.2080 -0.0000
v 0.0000 1.2080 -0.0000
v 0.5290 0.1600 0.7281
v 0.4769 0.1600 0.7632
v 0.4225 0.1600 0.7947
v 0.3661 0.1600 0.8222
v 0.3078 0.1600 0.8457
v 0.2481 0.1600 0.8651
v 0.1871 0.1600 0.8803
v 0.1253 0.1600 0.8912
v 0.0628 0.1600 0.8978
v 0.0000 0.1600 0.9000
v -0.0628 0.1600 0.8978
v -0.1253 0.1600 0.8912
v -0.1871 0.1600 0.8803
v -0.2481 0.1600 0.8651
v -0.3078 0.1600 0.8457
v -0.3661 0.1600 0.8222
v -0.4225 0.1600 0.7947
v -0.4769 0.1600 0.7632
v -0.5290 0.1600 0.7281
v 0.3879 1.1800 0.5340
v 0.3497 1.1800 0.5597
v 0.3099 1.1800 0.5827
v 0.2684 1.1800 0.6029
v 0.2257 1.1800 0.6202
v 0.1819 1.1800 0.6344
v 0.1372 1.1800 0.6456
v 0.0919 1.1800 0.6536
v 0.0460 1.1800 0.6584
v 0.0000 1.1800 0.6600
v -0.0460 1.1800 0.6584
v -0.0919 1.1800 0.6536
v -0.1372 1.1800 0.6456
v -0.1819 1.1800 0.6344
v -0.2257 1.1800 0.6202
v -0.2684 1.1800 0.6029
v -0.3099 1.1800 0.5827
v -0.3497 1.1800 0.5597
v -0.3879 1.1800 0.5340
v 0.2684 1.1600 0.6029
v 0.2257 1.1600 0.6202
v 0.1819 1.1600 0.6344
v 0.1372 1.1600 0.6456
v 0.0919 1.1600 0.6536
v 0.0460 1.1600 0.6584
v 0.0000 1.1600 0.6600
v -0.0460 1.1600 0.6584
v -0.0919 1.1600 0.6536
v -0.1372 1.1600 0.6456
v -0.1819 1.1600 0.6344
v -0.2257 1.1600 0.6202
v -0.2684 1.1600 0.6029
v 0.2440 1.5000 0.5481
v 0.2052 1.5000 0.5638
v 0.1654 1.5000 0.5768
v 0.1247 1.5000 0.5869
v 0.0835 1.5000 0.5942
v 0.0419 1.5000 0.5985
v 0.0000 1.5000 0.6000
v -0.0419 1.5000 0.5985
v -0.0835 1.5000 0.5942
v -0.1247 1.5000 0.5869
v -0.1654 1.5000 0.5768
v -0.2052 1.5000 0.5638
v -0.2440 1.5000 0.5481
v -0.1150 1.4600 0.5500
v -0.1282 1.4389 0.5262
v -0.1600 1.4302 0.5163
v -0.1918 1.4389 0.5262
v -0.2050 1.4600 0.5500
v -0.1918 1.4811 0.5738
v -0.1600 1.4898 0.5837
v -0.1282 1.4811 0.5738
v -0.1150 1.7200 0.3200
v -0.1282 1.6989 0.2962
v -0.1600 1.6902 0.2863
v -0.1918 1.6989 0.2962
v -0.2050 1.7200 0.3200
v -0.1918 1.7411 0.3438
v -0.1600 1.7498 0.3537
v -0.1282 1.7411 0.3438
v -0.1600 1.4600 0.5500
v -0.1600 1.7200 0.3200
v 0.2050 1.4600 0.5500
v 0.1918 1.4389 0.5262
v 0.1600 1.4302 0.5163
v 0.1282 1.4389 0.5262
v 0.1150 1.4600 0.5500
v 0.1282 1.4811 0.5738
v 0.1600 1.4898 0.5837
v 0.1918 1.4811 0.5738
v 0.2050 1.7200 0.3200
v 0.1918 1.6989 0.2962
v 0.1600 1.6902 0.2863
v 0.1282 1.6989 0.2962
v 0.1150 1.7200 0.3200
v 0.1282 1.7411 0.3438
v 0.1600 1.7498 0.3537
v 0.1918 1.7411 0.3438
v 0.1600 1.4600 0.5500
v 0.1600 1.7200 0.3200
v -0.6600 1.5151 0.1893
v -0.7447 1.5205 0.1660
v -0.8067 1.5205 0.1035
v -0.8293 1.5149 0.0187
v -0.8067 1.5054 -0.0658
v -0.7447 1.4944 -0.1273
v -0.6600 1.4849 -0.1493
v -0.5753 1.4795 -0.1260
v -0.5133 1.4795 -0.0635
v -0.4907 1.4851 0.0213
v -0.5133 1.4946 0.1058
v -0.5753 1.5056 0.1673
v -0.7000 1.0768 0.2076
v -0.7719 1.0522 0.1916
v -0.8245 1.0269 0.1404
v -0.8437 1.0078 0.0677
v -0.8245 1.0001 -0.0072
v -0.7719 1.0057 -0.0640
v -0.7000 1.0232 -0.0876
v -0.6281 1.0478 -0.0716
v -0.5755 1.0731 -0.0204
v -0.5563 1.0922 0.0523
v -0.5755 1.0999 0.1272
v -0.6281 1.0943 0.1840
v -0.6000 0.7433 0.2479
v -0.6623 0.7219 0.2341
v -0.7079 0.7000 0.1897
v -0.7246 0.6835 0.1266
v -0.7079 0.6767 0.0618
v -0.6623 0.6816 0.0126
v -0.6000 0.6967 -0.0079
v -0.5377 0.7181 0.0059
v -0.4921 0.7400 0.0503
v -0.4754 0.7565 0.1134
v -0.4921 0.7633 0.1782
v -0.5377 0.7584 0.2274
v -0.6600 1.5000 0.0200
v -0.6000 0.7200 0.1200
v -0.6000 0.8200 0.1400
v -0.6000 0.8200 0.1400
v -0.6000 0.8200 0.1400
v -0.6000 0.8200 0.1400
v -0.6000 0.8200 0.1400
v -0.6000 0.8200 0.1400
v -0.6000 0.8200 0.1400
v -0.6000 0.8200 0.1400
v -0.6000 0.8200 0.1400
v -0.6000 0.8200 0.1400
v -0.5464 0.8093 0.1400
v -0.5567 0.8093 0.1715
v -0.5834 0.8093 0.1910
v -0.6166 0.8093 0.1910
v -0.6433 0.8093 0.1715
v -0.6536 0.8093 0.1400
v -0.6433 0.8093 0.1085
v -0.6166 0.8093 0.0890
v -0.5834 0.8093 0.0890
v -0.5567 0.8093 0.1085
v -0.5010 0.7790 0.1400
v -0.5199 0.7790 0.1982
v -0.5694 0.7790 0.2341
v -0.6306 0.7790 0.2341
v -0.6801 0.7790 0.1982
v -0.6990 0.7790 0.1400
v -0.6801 0.7790 0.0818
v -0.6306 0.7790 0.0459
v -0.5694 0.7790 0.0459
v -0.5199 0.7790 0.0818
v -0.4707 0.7336 0.1400
v -0.4954 0.7336 0.2160
v -0.5600 0.7336 0.2630
v -0.6400 0.7336 0.2630
v -0.7046 0.7336 0.2160
v -0.7293 0.7336 0.1400
v -0.7046 0.7336 0.0640
v -0.6400 0.7336 0.0170
v -0.5600 0.7336 0.0170
v -0.4954 0.7336 0.0640
v -0.4600 0.6800 0.1400
v -0.4867 0.6800 0.2223
v -0.5567 0.6800 0.2731
v -0.6433 0.6800 0.2731
v -0.7133 0.6800 0.2223
v -0.7400 0.6800 0.1400
v -0.7133 0.6800 0.0577
v -0.6433 0.6800 0.0069
v -0.5567 0.6800 0.0069
v -0.4867 0.6800 0.0577
v -0.4707 0.6264 0.1400
v -0.4954 0.6264 0.2160
v -0.5600 0.6264 0.2630
v -0.6400 0.6264 0.2630
v -0.7046 0.6264 0.2160
v -0.7293 0.6264 0.1400
v -0.7046 0.6264 0.0640
v -0.6400 0.6264 0.0170
v -0.5600 0.6264 0.0170
v -0.4954 0.6264 0.0640
v -0.5010 0.5810 0.1400
v -0.5199 0.5810 0.1982
v -0.5694 0.5810 0.2341
v -0.6306 0.5810 0.2341
v -0.6801 0.5810 0.1982
v -0.6990 0.5810 0.1400
v -0.6801 0.5810 0.0818
v -0.6306 0.5810 0.0459
v -0.5694 0.5810 0.0459
v -0.5199 0.5810 0.0818
v -0.5464 0.5507 0.1400
v -0.5567 0.5507 0.1715
v -0.5834 0.5507 0.1910
v -0.6166 0.5507 0.1910
v -0.6433 0.5507 0.1715
v -0.6536 0.5507 0.1400
v -0.6433 0.5507 0.1085
v -0.6166 0.5507 0.0890
v -0.5834 0.5507 0.0890
v -0.5567 0.5507 0.1085
v -0.6000 0.5400 0.1400
v -0.6000 0.5400 0.1400
v -0.6000 0.5400 0.1400
v -0.6000 0.5400 0.1400
v -0.6000 0.5400 0.1400
v -0.6000 0.5400 0.1400
v -0.6000 0.5400 0.1400
v -0.6000 0.5400 0.1400
v -0.6000 0.5400 0.1400
v -0.6000 0.5400 0.1400
v 0.6600 1.5151 0.1893
v 0.5753 1.5056 0.1673
v 0.5133 1.4946 0.1058
v 0.4907 1.4851 0.0213
v 0.5133 1.4795 -0.0635
v 0.5753 1.4795 -0.1260
v 0.6600 1.4849 -0.1493
v 0.7447 1.4944 -0.1273
v 0.8067 1.5054 -0.0658
v 0.8293 1.5149 0.0187
v 0.8067 1.5205 0.1035
v 0.7447 1.5205 0.1660
v 0.7000 1.0768 0.2076
v 0.6281 1.0943 0.1840
v 0.5755 1.0999 0.1272
v 0.5563 1.0922 0.0523
v 0.5755 1.0731 -0.0204
v 0.6281 1.0478 -0.0716
v 0.7000 1.0232 -0.0876
v 0.7719 1.0057 -0.0640
v 0.8245 1.0001 -0.0072
v 0.8437 1.0078 0.0677
v 0.8245 1.0269 0.1404
v 0.7719 1.0522 0.1916
v 0.6000 0.7433 0.2479
v 0.5377 0.7584 0.2274
v 0.4921 0.7633 0.1782
v 0.4754 0.7565 0.1134
v 0.4921 0.7400 0.0503
v 0.5377 0.7181 0.0059
v 0.6000 0.6967 -0.0079
v 0.6623 0.6816 0.0126
v 0.7079 0.6767 0.0618
v 0.7246 0.6835 0.1266
v 0.7079 0.7000 0.1897
v 0.6623 0.7219 0.2341
v 0.6600 1.5000 0.0200
v 0.6000 0.7200 0.1200
v 0.6000 0.8200 0.1400
v 0.6000 0.8200 0.1400
v 0.6000 0.8200 0.1400
v 0.6000 0.8200 0.1400
v 0.6000 0.8200 0.1400
v 0.6000 0.8200 0.1400
v 0.6000 0.8200 0.1400
v 0.6000 0.8200 0.1400
v 0.6000 0.8200 0.1400
v 0.6000 0.8200 0.1400
v 0.6536 0.8093 0.1400
v 0.6433 0.8093 0.1715
v 0.6166 0.8093 0.1910
v 0.5834 0.8093 0.1910
v 0.5567 0.8093 0.1715
v 0.5464 0.8093 0.1400
v 0.5567 0.8093 0.1085
v 0.5834 0.8093 0.0890
v 0.6166 0.8093 0.0890
v 0.6433 0.8093 0.1085
v 0.6990 0.7790 0.1400
v 0.6801 0.7790 0.1982
v 0.6306 0.7790 0.2341
v 0.5694 0.7790 0.2341
v 0.5199 0.7790 0.1982
v 0.5010 0.7790 0.1400
v 0.5199 0.7790 0.0818
v 0.5694 0.7790 0.0459
v 0.6306 0.7790 0.0459
v 0.6801 0.7790 0.0818
v 0.7293 0.7336 0.1400
v 0.7046 0.7336 0.2160
v 0.6400 0.7336 0.2630
v 0.5600 0.7336 0.2630
v 0.4954 0.7336 0.2160
v 0.4707 0.7336 0.1400
v 0.4954 0.7336 0.0640
v 0.5600 0.7336 0.0170
v 0.6400 0.7336 0.0170
v 0.7046 0.7336 0.0640
v 0.7400 0.6800 0.1400
v 0.7133 0.6800 0.2223
v 0.6433 0.6800 0.2731
v 0.5567 0.6800 0.2731
v 0.4867 0.6800 0.2223
v 0.4600 0.6800 0.1400
v 0.4867 0.6800 0.0577
v 0.5567 0.6800 0.0069
v 0.6433 0.6800 0.0069
v 0.7133 0.6800 0.0577
v 0.7293 0.6264 0.1400
v 0.7046 0.6264 0.2160
v 0.6400 0.6264 0.2630
v 0.5600 0.6264 0.2630
v 0.4954 0.6264 0.2160
v 0.4707 0.6264 0.1400
v 0.4954 0.6264 0.0640
v 0.5600 0.6264 0.0170
v 0.6400 0.6264 0.0170
v 0.7046 0.6264 0.0640
v 0.6990 0.5810 0.1400
v 0.6801 0.5810 0.1982
v 0.6306 0.5810 0.2341
v 0.5694 0.5810 0.2341
v 0.5199 0.5810 0.1982
v 0.5010 0.5810 0.1400
v 0.5199 0.5810 0.0818
v 0.5694 0.5810 0.0459
v 0.6306 0.5810 0.0459
v 0.6801 0.5810 0.0818
v 0.6536 0.5507 0.1400
v 0.6433 0.5507 0.1715
v 0.6166 0.5507 0.1910
v 0.5834 0.5507 0.1910
v 0.5567 0.5507 0.1715
v 0.5464 0.5507 0.1400
v 0.5567 0.5507 0.1085
v 0.5834 0.5507 0.0890
v 0.6166 0.5507 0.0890
v 0.6433 0.5507 0.1085
v 0.6000 0.5400 0.1400
v 0.6000 0.5400 0.1400
v 0.6000 0.5400 0.1400
v 0.6000 0.5400 0.1400
v 0.6000 0.5400 0.1400
v 0.6000 0.5400 0.1400
v 0.6000 0.5400 0.1400
v 0.6000 0.5400 0.1400
v 0.6000 0.5400 0.1400
v 0.6000 0.5400 0.1400
v 0.0000 1.5000 -0.1800
v -0.0900 1.5000 -0.1559
v -0.1559 1.5000 -0.0900
v -0.1800 1.5000 -0.0000
v -0.1559 1.5000 0.0900
v -0.0900 1.5000 0.1559
v -0.0000 1.5000 0.1800
v 0.0900 1.5000 0.1559
v 0.1559 1.5000 0.0900
v 0.1800 1.5000 0.0000
v 0.1559 1.5000 -0.0900
v 0.0900 1.5000 -0.1559
v 0.0000 1.9200 -0.1800
v -0.0900 1.9200 -0.1559
v -0.1559 1.9200 -0.0900
v -0.1800 1.9200 -0.0000
v -0.1559 1.9200 0.0900
v -0.0900 1.9200 0.1559
v -0.0000 1.9200 0.1800
v 0.0900 1.9200 0.1559
v 0.1559 1.9200 0.0900
v 0.1800 1.9200 0.0000
v 0.1559 1.9200 -0.0900
v 0.0900 1.9200 -0.1559
v 0.0000 1.5000 0.0000
v 0.0000 1.9200 0.0000
v 0.0000 2.9800 0.0000
v 0.0000 2.9800 0.0000
v 0.0000 2.9800 0.0000
v 0.0000 2.9800 0.0000
v 0.0000 2.9800 0.0000
v 0.0000 2.9800 0.0000
v 0.0000 2.9800 0.0000
v 0.0000 2.9800 0.0000
v 0.0000 2.9800 0.0000
v 0.0000 2.9800 0.0000
v 0.0000 2.9800 0.0000
v 0.0000 2.9800 0.0000
v 0.0000 2.9800 0.0000
v 0.0000 2.9800 0.0000
v 0.0000 2.9800 0.0000
v 0.0000 2.9800 0.0000
v 0.0000 2.9800 0.0000
v 0.0000 2.9800 0.0000
v 0.0000 2.9800 0.0000
v 0.0000 2.9800 0.0000
v 0.0000 2.9800 0.0000
v 0.0000 2.9800 0.0000
v 0.0000 2.9800 0.0000
v 0.0000 2.9800 0.0000
v 0.0972 2.9715 0.0000
v 0.0939 2.9715 0.0252
v 0.0842 2.9715 0.0486
v 0.0688 2.9715 0.0688
v 0.0486 2.9715 0.0842
v 0.0252 2.9715 0.0939
v 0.0000 2.9715 0.0972
v -0.0252 2.9715 0.0939
v -0.0486 2.9715 0.0842
v -0.0688 2.9715 0.0688
v -0.0842 2.9715 0.0486
v -0.0939 2.9715 0.0252
v -0.0972 2.9715 0.0000
v -0.0939 2.9715 -0.0252
v -0.0842 2.9715 -0.0486
v -0.0688 2.9715 -0.0688
v -0.0486 2.9715 -0.0842
v -0.0252 2.9715 -0.0939
v -0.0000 2.9715 -0.0972
v 0.0252 2.9715 -0.0939
v 0.0486 2.9715 -0.0842
v 0.0688 2.9715 -0.0688
v 0.0842 2.9715 -0.0486
v 0.0939 2.9715 -0.0252
v 0.1915 2.9462 0.0000
v 0.1850 2.9462 0.0496
v 0.1659 2.9462 0.0958
v 0.1354 2.9462 0.1354
v 0.0958 2.9462 0.1659
v 0.0496 2.9462 0.1850
v 0.0000 2.9462 0.1915
v -0.0496 2.9462 0.1850
v -0.0958 2.9462 0.1659
v -0.1354 2.9462 0.1354
v -0.1659 2.9462 0.0958
v -0.1850 2.9462 0.0496
v -0.1915 2.9462 0.0000
v -0.1850 2.9462 -0.0496
v -0.1659 2.9462 -0.0958
v -0.1354 2.9462 -0.1354
v -0.0958 2.9462 -0.1659
v -0.0496 2.9462 -0.1850
v -0.0000 2.9462 -0.1915
v 0.0496 2.9462 -0.1850
v 0.0958 2.9462 -0.1659
v 0.1354 2.9462 -0.1354
v 0.1659 2.9462 -0.0958
v 0.1850 2.9462 -0.0496
v 0.2800 2.9050 0.0000
v 0.2705 2.9050 0.0725
v 0.2425 2.9050 0.1400
v 0.1980 2.9050 0.1980
v 0.1400 2.9050 0.2425
v 0.0725 2.9050 0.2705
v 0.0000 2.9050 0.2800
v -0.0725 2.9050 0.2705
v -0.1400 2.9050 0.2425
v -0.1980 2.9050 0.1980
v -0.2425 2.9050 0.1400
v -0.2705 2.9050 0.0725
v -0.2800 2.9050 0.0000
v -0.2705 2.9050 -0.0725
v -0.2425 2.9050 -0.1400
v -0.1980 2.9050 -0.1980
v -0.1400 2.9050 -0.2425
v -0.0725 2.9050 -0.2705
v -0.0000 2.9050 -0.2800
v 0.0725 2.9050 -0.2705
v 0.1400 2.9050 -0.2425
v 0.1980 2.9050 -0.1980
v 0.2425 2.9050 -0.1400
v 0.2705 2.9050 -0.0725
v 0.3600 2.8490 0.0000
v 0.3477 2.8490 0.0932
v 0.3117 2.8490 0.1800
v 0.2545 2.8490 0.2545
v 0.1800 2.8490 0.3117
v 0.0932 2.8490 0.3477
v 0.0000 2.8490 0.3600
v -0.0932 2.8490 0.3477
v -0.1800 2.8490 0.3117
v -0.2545 2.8490 0.2545
v -0.3117 2.8490 0.1800
v -0.3477 2.8490 0.0932
v -0.3600 2.8490 0.0000
v -0.3477 2.8490 -0.0932
v -0.3117 2.8490 -0.1800
v -0.2545 2.8490 -0.2545
v -0.1800 2.8490 -0.3117
v -0.0932 2.8490 -0.3477
v -0.0000 2.8490 -0.3600
v 0.0932 2.8490 -0.3477
v 0.1800 2.8490 -0.3117
v 0.2545 2.8490 -0.2545
v 0.3117 2.8490 -0.1800
v 0.3477 2.8490 -0.0932
v 0.4290 2.7800 0.0000
v 0.4144 2.7800 0.1110
v 0.3715 2.7800 0.2145
v 0.3033 2.7800 0.3033
v 0.2145 2.7800 0.3715
v 0.1110 2.7800 0.4144
v 0.0000 2.7800 0.4290
v -0.1110 2.7800 0.4144
v -0.2145 2.7800 0.3715
v -0.3033 2.7800 0.3033
v -0.3715 2.7800 0.2145
v -0.4144 2.7800 0.1110
v -0.4290 2.7800 0.0000
v -0.4144 2.7800 -0.1110
v -0.3715 2.7800 -0.2145
v -0.3033 2.7800 -0.3033
v -0.2145 2.7800 -0.3715
v -0.1110 2.7800 -0.4144
v -0.0000 2.7800 -0.4290
v 0.1110 2.7800 -0.4144
v 0.2145 2.7800 -0.3715
v 0.3033 2.7800 -0.3033
v 0.3715 2.7800 -0.2145
v 0.4144 2.7800 -0.1110
v 0.4850 2.7000 0.0000
v 0.4684 2.7000 0.1255
v 0.4200 2.7000 0.2425
v 0.3429 2.7000 0.3429
v 0.2425 2.7000 0.4200
v 0.1255 2.7000 0.4684
v 0.0000 2.7000 0.4850
v -0.1255 2.7000 0.4684
v -0.2425 2.7000 0.4200
v -0.3429 2.7000 0.3429
v -0.4200 2.7000 0.2425
v -0.4684 2.7000 0.1255
v -0.4850 2.7000 0.0000
v -0.4684 2.7000 -0.1255
v -0.4200 2.7000 -0.2425
v -0.3429 2.7000 -0.3429
v -0.2425 2.7000 -0.4200
v -0.1255 2.7000 -0.4684
v -0.0000 2.7000 -0.4850
v 0.1255 2.7000 -0.4684
v 0.2425 2.7000 -0.4200
v 0.3429 2.7000 -0.3429
v 0.4200 2.7000 -0.2425
v 0.4684 2.7000 -0.1255
v 0.5262 2.6115 0.0000
v 0.5083 2.6115 0.1362
v 0.4557 2.6115 0.2631
v 0.3721 2.6115 0.3721
v 0.2631 2.6115 0.4557
v 0.1362 2.6115 0.5083
v 0.0000 2.6115 0.5262
v -0.1362 2.6115 0.5083
v -0.2631 2.6115 0.4557
v -0.3721 2.6115 0.3721
v -0.4557 2.6115 0.2631
v -0.5083 2.6115 0.1362
v -0.5262 2.6115 0.0000
v -0.5083 2.6115 -0.1362
v -0.4557 2.6115 -0.2631
v -0.3721 2.6115 -0.3721
v -0.2631 2.6115 -0.4557
v -0.1362 2.6115 -0.5083
v -0.0000 2.6115 -0.5262
v 0.1362 2.6115 -0.5083
v 0.2631 2.6115 -0.4557
v 0.3721 2.6115 -0.3721
v 0.4557 2.6115 -0.2631
v 0.5083 2.6115 -0.1362
v 0.5515 2.5172 0.0000
v 0.5327 2.5172 0.1427
v 0.4776 2.5172 0.2757
v 0.3900 2.5172 0.3900
v 0.2757 2.5172 0.4776
v 0.1427 2.5172 0.5327
v 0.0000 2.5172 0.5515
v -0.1427 2.5172 0.5327
v -0.2757 2.5172 0.4776
v -0.3900 2.5172 0.3900
v -0.4776 2.5172 0.2757
v -0.5327 2.5172 0.1427
v -0.5515 2.5172 0.0000
v -0.5327 2.5172 -0.1427
v -0.4776 2.5172 -0.2757
v -0.3900 2.5172 -0.3900
v -0.2757 2.5172 -0.4776
v -0.1427 2.5172 -0.5327
v -0.0000 2.5172 -0.5515
v 0.1427 2.5172 -0.5327
v 0.2757 2.5172 -0.4776
v 0.3900 2.5172 -0.3900
v 0.4776 2.5172 -0.2757
v 0.5327 2.5172 -0.1427
v 0.5600 2.4200 0.0000
v 0.5409 2.4200 0.1449
v 0.4850 2.4200 0.2800
v 0.3960 2.4200 0.3960
v 0.2800 2.4200 0.4850
v 0.1449 2.4200 0.5409
v 0.0000 2.4200 0.5600
v -0.1449 2.4200 0.5409
v -0.2800 2.4200 0.4850
v -0.3960 2.4200 0.3960
v -0.4850 2.4200 0.2800
v -0.5409 2.4200 0.1449
v -0.5600 2.4200 0.0000
v -0.5409 2.4200 -0.1449
v -0.4850 2.4200 -0.2800
v -0.3960 2.4200 -0.3960
v -0.2800 2.4200 -0.4850
v -0.1449 2.4200 -0.5409
v -0.0000 2.4200 -0.5600
v 0.1449 2.4200 -0.5409
v 0.2800 2.4200 -0.4850
v 0.3960 2.4200 -0.3960
v 0.4850 2.4200 -0.2800
v 0.5409 2.4200 -0.1449
v 0.5515 2.3228 0.0000
v 0.5327 2.3228 0.1427
v 0.4776 2.3228 0.2757
v 0.3900 2.3228 0.3900
v 0.2757 2.3228 0.4776
v 0.1427 2.3228 0.5327
v 0.0000 2.3228 0.5515
v -0.1427 2.3228 0.5327
v -0.2757 2.3228 0.4776
v -0.3900 2.3228 0.3900
v -0.4776 2.3228 0.2757
v -0.5327 2.3228 0.1427
v -0.5515 2.3228 0.0000
v -0.5327 2.3228 -0.1427
v -0.4776 2.3228 -0.2757
v -0.3900 2.3228 -0.3900
v -0.2757 2.3228 -0.4776
v -0.1427 2.3228 -0.5327
v -0.0000 2.3228 -0.5515
v 0.1427 2.3228 -0.5327
v 0.2757 2.3228 -0.4776
v 0.3900 2.3228 -0.3900
v 0.4776 2.3228 -0.2757
v 0.5327 2.3228 -0.1427
v 0.5262 2.2285 0.0000
v 0.5083 2.2285 0.1362
v 0.4557 2.2285 0.2631
v 0.3721 2.2285 0.3721
v 0.2631 2.2285 0.4557
v 0.1362 2.2285 0.5083
v 0.0000 2.2285 0.5262
v -0.1362 2.2285 0.5083
v -0.2631 2.2285 0.4557
v -0.3721 2.2285 0.3721
v -0.4557 2.2285 0.2631
v -0.5083 2.2285 0.1362
v -0.5262 2.2285 0.0000
v -0.5083 2.2285 -0.1362
v -0.4557 2.2285 -0.2631
v -0.3721 2.2285 -0.3721
v -0.2631 2.2285 -0.4557
v -0.1362 2.2285 -0.5083
v -0.0000 2.2285 -0.5262
v 0.1362 2.2285 -0.5083
v 0.2631 2.2285 -0.4557
v 0.3721 2.2285 -0.3721
v 0.4557 2.2285 -0.2631
v 0.5083 2.2285 -0.1362
v 0.4850 2.1400 0.0000
v 0.4684 2.1400 0.1255
v 0.4200 2.1400 0.2425
v 0.3429 2.1400 0.3429
v 0.2425 2.1400 0.4200
v 0.1255 2.1400 0.4684
v 0.0000 2.1400 0.4850
v -0.1255 2.1400 0.4684
v -0.2425 2.1400 0.4200
v -0.3429 2.1400 0.3429
v -0.4200 2.1400 0.2425
v -0.4684 2.1400 0.1255
v -0.4850 2.1400 0.0000
v -0.4684 2.1400 -0.1255
v -0.4200 2.1400 -0.2425
v -0.3429 2.1400 -0.3429
v -0.2425 2.1400 -0.4200
v -0.1255 2.1400 -0.4684
v -0.0000 2.1400 -0.4850
v 0.1255 2.1400 -0.4684
v 0.2425 2.1400 -0.4200
v 0.3429 2.1400 -0.3429
v 0.4200 2.1400 -0.2425
v 0.4684 2.1400 -0.1255
v 0.4290 2.0600 0.0000
v 0.4144 2.0600 0.1110
v 0.3715 2.0600 0.2145
v 0.3033 2.0600 0.3033
v 0.2145 2.0600 0.3715
v 0.1110 2.0600 0.4144
v 0.0000 2.0600 0.4290
v -0.1110 2.0600 0.4144
v -0.2145 2.0600 0.3715
v -0.3033 2.0600 0.3033
v -0.3715 2.0600 0.2145
v -0.4144 2.0600 0.1110
v -0.4290 2.0600 0.0000
v -0.4144 2.0600 -0.1110
v -0.3715 2.0600 -0.2145
v -0.3033 2.0600 -0.3033
v -0.2145 2.0600 -0.3715
v -0.1110 2.0600 -0.4144
v -0.0000 2.0600 -0.4290
v 0.1110 2.0600 -0.4144
v 0.2145 2.0600 -0.3715
v 0.3033 2.0600 -0.3033
v 0.3715 2.0600 -0.2145
v 0.4144 2.0600 -0.1110
v 0.3600 1.9910 0.0000
v 0.3477 1.9910 0.0932
v 0.3117 1.9910 0.1800
v 0.2545 1.9910 0.2545
v 0.1800 1.9910 0.3117
v 0.0932 1.9910 0.3477
v 0.0000 1.9910 0.3600
v -0.0932 1.9910 0.3477
v -0.1800 1.9910 0.3117
v -0.2545 1.9910 0.2545
v -0.3117 1.9910 0.1800
v -0.3477 1.9910 0.0932
v -0.3600 1.9910 0.0000
v -0.3477 1.9910 -0.0932
v -0.3117 1.9910 -0.1800
v -0.2545 1.9910 -0.2545
v -0.1800 1.9910 -0.3117
v -0.0932 1.9910 -0.3477
v -0.0000 1.9910 -0.3600
v 0.0932 1.9910 -0.3477
v 0.1800 1.9910 -0.3117
v 0.2545 1.9910 -0.2545
v 0.3117 1.9910 -0.1800
v 0.3477 1.9910 -0.0932
v 0.2800 1.9350 0.0000
v 0.2705 1.9350 0.0725
v 0.2425 1.9350 0.1400
v 0.1980 1.9350 0.1980
v 0.1400 1.9350 0.2425
v 0.0725 1.9350 0.2705
v 0.0000 1.9350 0.2800
v -0.0725 1.9350 0.2705
v -0.1400 1.9350 0.2425
v -0.1980 1.9350 0.1980
v -0.2425 1.9350 0.1400
v -0.2705 1.9350 0.0725
v -0.2800 1.9350 0.0000
v -0.2705 1.9350 -0.0725
v -0.2425 1.9350 -0.1400
v -0.1980 1.9350 -0.1980
v -0.1400 1.9350 -0.2425
v -0.0725 1.9350 -0.2705
v -0.0000 1.9350 -0.2800
v 0.0725 1.9350 -0.2705
v 0.1400 1.9350 -0.2425
v 0.1980 1.9350 -0.1980
v 0.2425 1.9350 -0.1400
v 0.2705 1.9350 -0.0725
v 0.1915 1.8938 0.0000
v 0.1850 1.8938 0.0496
v 0.1659 1.8938 0.0958
v 0.1354 1.8938 0.1354
v 0.0958 1.8938 0.1659
v 0.0496 1.8938 0.1850
v 0.0000 1.8938 0.1915
v -0.0496 1.8938 0.1850
v -0.0958 1.8938 0.1659
v -0.1354 1.8938 0.1354
v -0.1659 1.8938 0.0958
v -0.1850 1.8938 0.0496
v -0.1915 1.8938 0.0000
v -0.1850 1.8938 -0.0496
v -0.1659 1.8938 -0.0958
v -0.1354 1.8938 -0.1354
v -0.0958 1.8938 -0.1659
v -0.0496 1.8938 -0.1850
v -0.0000 1.8938 -0.1915
v 0.0496 1.8938 -0.1850
v 0.0958 1.8938 -0.1659
v 0.1354 1.8938 -0.1354
v 0.1659 1.8938 -0.0958
v 0.1850 1.8938 -0.0496
v 0.0972 1.8685 0.0000
v 0.0939 1.8685 0.0252
v 0.0842 1.8685 0.0486
v 0.0688 1.8685 0.0688
v 0.0486 1.8685 0.0842
v 0.0252 1.8685 0.0939
v 0.0000 1.8685 0.0972
v -0.0252 1.8685 0.0939
v -0.0486 1.8685 0.0842
v -0.0688 1.8685 0.0688
v -0.0842 1.8685 0.0486
v -0.0939 1.8685 0.0252
v -0.0972 1.8685 0.0000
v -0.0939 1.8685 -0.0252
v -0.0842 1.8685 -0.0486
v -0.0688 1.8685 -0.0688
v -0.0486 1.8685 -0.0842
v -0.0252 1.8685 -0.0939
v -0.0000 1.8685 -0.0972
v 0.0252 1.8685 -0.0939
v 0.0486 1.8685 -0.0842
v 0.0688 1.8685 -0.0688
v 0.0842 1.8685 -0.0486
v 0.0939 1.8685 -0.0252
v 0.0000 1.8600 0.0000
v 0.0000 1.8600 0.0000
v 0.0000 1.8600 0.0000
v 0.0000 1.8600 0.0000
v 0.0000 1.8600 0.0000
v 0.0000 1.8600 0.0000
v 0.0000 1.8600 0.0000
v -0.0000 1.8600 0.0000
v -0.0000 1.8600 0.0000
v -0.0000 1.8600 0.0000
v -0.0000 1.8600 0.0000
v -0.0000 1.8600 0.0000
v -0.0000 1.8600 0.0000
v -0.0000 1.8600 -0.0000
v -0.0000 1.8600 -0.0000
v -0.0000 1.8600 -0.0000
v -0.0000 1.8600 -0.0000
v -0.0000 1.8600 -0.0000
v -0.0000 1.8600 -0.0000
v 0.0000 1.8600 -0.0000
v 0.0000 1.8600 -0.0000
v 0.0000 1.8600 -0.0000
v 0.0000 1.8600 -0.0000
v 0.0000 1.8600 -0.0000
v 0.0000 2.3980 0.5000
v 0.0000 2.3980 0.5000
v 0.0000 2.3980 0.5000
v 0.0000 2.3980 0.5000
v 0.0000 2.3980 0.5000
v 0.0000 2.3980 0.5000
v 0.0000 2.3980 0.5000
v 0.0000 2.3980 0.5000
v 0.0000 2.3980 0.5000
v 0.0000 2.3980 0.5000
v 0.0459 2.3875 0.5000
v 0.0372 2.3875 0.5270
v 0.0142 2.3875 0.5437
v -0.0142 2.3875 0.5437
v -0.0372 2.3875 0.5270
v -0.0459 2.3875 0.5000
v -0.0372 2.3875 0.4730
v -0.0142 2.3875 0.4563
v 0.0142 2.3875 0.4563
v 0.0372 2.3875 0.4730
v 0.0849 2.3576 0.5000
v 0.0686 2.3576 0.5499
v 0.0262 2.3576 0.5807
v -0.0262 2.3576 0.5807
v -0.0686 2.3576 0.5499
v -0.0849 2.3576 0.5000
v -0.0686 2.3576 0.4501
v -0.0262 2.3576 0.4193
v 0.0262 2.3576 0.4193
v 0.0686 2.3576 0.4501
v 0.1109 2.3128 0.5000
v 0.0897 2.3128 0.5652
v 0.0343 2.3128 0.6054
v -0.0343 2.3128 0.6054
v -0.0897 2.3128 0.5652
v -0.1109 2.3128 0.5000
v -0.0897 2.3128 0.4348
v -0.0343 2.3128 0.3946
v 0.0343 2.3128 0.3946
v 0.0897 2.3128 0.4348
v 0.1200 2.2600 0.5000
v 0.0971 2.2600 0.5705
v 0.0371 2.2600 0.6141
v -0.0371 2.2600 0.6141
v -0.0971 2.2600 0.5705
v -0.1200 2.2600 0.5000
v -0.0971 2.2600 0.4295
v -0.0371 2.2600 0.3859
v 0.0371 2.2600 0.3859
v 0.0971 2.2600 0.4295
v 0.1109 2.2072 0.5000
v 0.0897 2.2072 0.5652
v 0.0343 2.2072 0.6054
v -0.0343 2.2072 0.6054
v -0.0897 2.2072 0.5652
v -0.1109 2.2072 0.5000
v -0.0897 2.2072 0.4348
v -0.0343 2.2072 0.3946
v 0.0343 2.2072 0.3946
v 0.0897 2.2072 0.4348
v 0.0849 2.1624 0.5000
v 0.0686 2.1624 0.5499
v 0.0262 2.1624 0.5807
v -0.0262 2.1624 0.5807
v -0.0686 2.1624 0.5499
v -0.0849 2.1624 0.5000
v -0.0686 2.1624 0.4501
v -0.0262 2.1624 0.4193
v 0.0262 2.1624 0.4193
v 0.0686 2.1624 0.4501
v 0.0459 2.1325 0.5000
v 0.0372 2.1325 0.5270
v 0.0142 2.1325 0.5437
v -0.0142 2.1325 0.5437
v -0.0372 2.1325 0.5270
v -0.0459 2.1325 0.5000
v -0.0372 2.1325 0.4730
v -0.0142 2.1325 0.4563
v 0.0142 2.1325 0.4563
v 0.0372 2.1325 0.4730
v 0.0000 2.1220 0.5000
v 0.0000 2.1220 0.5000
v 0.0000 2.1220 0.5000
v -0.0000 2.1220 0.5000
v -0.0000 2.1220 0.5000
v -0.0000 2.1220 0.5000
v -0.0000 2.1220 0.5000
v -0.0000 2.1220 0.5000
v 0.0000 2.1220 0.5000
v 0.0000 2.1220 0.5000
v -0.3200 2.2480 0.4200
v -0.3200 2.2480 0.4200
v -0.3200 2.2480 0.4200
v -0.3200 2.2480 0.4200
v -0.3200 2.2480 0.4200
v -0.3200 2.2480 0.4200
v -0.3200 2.2480 0.4200
v -0.3200 2.2480 0.4200
v -0.2650 2.2362 0.4200
v -0.2811 2.2362 0.4433
v -0.3200 2.2362 0.4530
v -0.3589 2.2362 0.4433
v -0.3750 2.2362 0.4200
v -0.3589 2.2362 0.3967
v -0.3200 2.2362 0.3870
v -0.2811 2.2362 0.3967
v -0.2247 2.2040 0.4200
v -0.2526 2.2040 0.4604
v -0.3200 2.2040 0.4772
v -0.3874 2.2040 0.4604
v -0.4153 2.2040 0.4200
v -0.3874 2.2040 0.3796
v -0.3200 2.2040 0.3628
v -0.2526 2.2040 0.3796
v -0.2100 2.1600 0.4200
v -0.2422 2.1600 0.4667
v -0.3200 2.1600 0.4860
v -0.3978 2.1600 0.4667
v -0.4300 2.1600 0.4200
v -0.3978 2.1600 0.3733
v -0.3200 2.1600 0.3540
v -0.2422 2.1600 0.3733
v -0.2247 2.1160 0.4200
v -0.2526 2.1160 0.4604
v -0.3200 2.1160 0.4772
v -0.3874 2.1160 0.4604
v -0.4153 2.1160 0.4200
v -0.3874 2.1160 0.3796
v -0.3200 2.1160 0.3628
v -0.2526 2.1160 0.3796
v -0.2650 2.0838 0.4200
v -0.2811 2.0838 0.4433
v -0.3200 2.0838 0.4530
v -0.3589 2.0838 0.4433
v -0.3750 2.0838 0.4200
v -0.3589 2.0838 0.3967
v -0.3200 2.0838 0.3870
v -0.2811 2.0838 0.3967
v -0.3200 2.0720 0.4200
v -0.3200 2.0720 0.4200
v -0.3200 2.0720 0.4200
v -0.3200 2.0720 0.4200
v -0.3200 2.0720 0.4200
v -0.3200 2.0720 0.4200
v -0.3200 2.0720 0.4200
v -0.3200 2.0720 0.4200
v 0.3200 2.2480 0.4200
v 0.3200 2.2480 0.4200
v 0.3200 2.2480 0.4200
v 0.3200 2.2480 0.4200
v 0.3200 2.2480 0.4200
v 0.3200 2.2480 0.4200
v 0.3200 2.2480 0.4200
v 0.3200 2.2480 0.4200
v 0.3750 2.2362 0.4200
v 0.3589 2.2362 0.4433
v 0.3200 2.2362 0.4530
v 0.2811 2.2362 0.4433
v 0.2650 2.2362 0.4200
v 0.2811 2.2362 0.3967
v 0.3200 2.2362 0.3870
v 0.3589 2.2362 0.3967
v 0.4153 2.2040 0.4200
v 0.3874 2.2040 0.4604
v 0.3200 2.2040 0.4772
v 0.2526 2.2040 0.4604
v 0.2247 2.2040 0.4200
v 0.2526 2.2040 0.3796
v 0.3200 2.2040 0.3628
v 0.3874 2.2040 0.3796
v 0.4300 2.1600 0.4200
v 0.3978 2.1600 0.4667
v 0.3200 2.1600 0.4860
v 0.2422 2.1600 0.4667
v 0.2100 2.1600 0.4200
v 0.2422 2.1600 0.3733
v 0.3200 2.1600 0.3540
v 0.3978 2.1600 0.3733
v 0.4153 2.1160 0.4200
v 0.3874 2.1160 0.4604
v 0.3200 2.1160 0.4772
v 0.2526 2.1160 0.4604
v 0.2247 2.1160 0.4200
v 0.2526 2.1160 0.3796
v 0.3200 2.1160 0.3628
v 0.3874 2.1160 0.3796
v 0.3750 2.0838 0.4200
v 0.3589 2.0838 0.4433
v 0.3200 2.0838 0.4530
v 0.2811 2.0838 0.4433
v 0.2650 2.0838 0.4200
v 0.2811 2.0838 0.3967
v 0.3200 2.0838 0.3870
v 0.3589 2.0838 0.3967
v 0.3200 2.0720 0.4200
v 0.3200 2.0720 0.4200
v 0.3200 2.0720 0.4200
v 0.3200 2.0720 0.4200
v 0.3200 2.0720 0.4200
v 0.3200 2.0720 0.4200
v 0.3200 2.0720 0.4200
v 0.3200 2.0720 0.4200
v 0.0000 2.1300 0.4800
v 0.0000 2.1300 0.4800
v 0.0000 2.1300 0.4800
v 0.0000 2.1300 0.4800
v 0.0000 2.1300 0.4800
v 0.0000 2.1300 0.4800
v 0.0000 2.1300 0.4800
v 0.0000 2.1300 0.4800
v 0.0900 2.1233 0.4800
v 0.0636 2.1233 0.4977
v 0.0000 2.1233 0.5050
v -0.0636 2.1233 0.4977
v -0.0900 2.1233 0.4800
v -0.0636 2.1233 0.4623
v -0.0000 2.1233 0.4550
v 0.0636 2.1233 0.4623
v 0.1559 2.1050 0.4800
v 0.1102 2.1050 0.5106
v 0.0000 2.1050 0.5233
v -0.1102 2.1050 0.5106
v -0.1559 2.1050 0.4800
v -0.1102 2.1050 0.4494
v -0.0000 2.1050 0.4367
v 0.1102 2.1050 0.4494
v 0.1800 2.0800 0.4800
v 0.1273 2.0800 0.5154
v 0.0000 2.0800 0.5300
v -0.1273 2.0800 0.5154
v -0.1800 2.0800 0.4800
v -0.1273 2.0800 0.4446
v -0.0000 2.0800 0.4300
v 0.1273 2.0800 0.4446
v 0.1559 2.0550 0.4800
v 0.1102 2.0550 0.5106
v 0.0000 2.0550 0.5233
v -0.1102 2.0550 0.5106
v -0.1559 2.0550 0.4800
v -0.1102 2.0550 0.4494
v -0.0000 2.0550 0.4367
v 0.1102 2.0550 0.4494
v 0.0900 2.0367 0.4800
v 0.0636 2.0367 0.4977
v 0.0000 2.0367 0.5050
v -0.0636 2.0367 0.4977
v -0.0900 2.0367 0.4800
v -0.0636 2.0367 0.4623
v -0.0000 2.0367 0.4550
v 0.0636 2.0367 0.4623
v 0.0000 2.0300 0.4800
v 0.0000 2.0300 0.4800
v 0.0000 2.0300 0.4800
v -0.0000 2.0300 0.4800
v -0.0000 2.0300 0.4800
v -0.0000 2.0300 0.4800
v -0.0000 2.0300 0.4800
v 0.0000 2.0300 0.4800
v -0.2100 2.5013 0.4300
v -0.2100 2.5013 0.4300
v -0.2100 2.5013 0.4300
v -0.2100 2.5013 0.4300
v -0.2100 2.5013 0.4300
v -0.2100 2.5013 0.4300
v -0.2100 2.5013 0.4300
v -0.2100 2.5013 0.4300
v -0.2100 2.5013 0.4300
v -0.2100 2.5013 0.4300
v -0.2100 2.5013 0.4300
v -0.2100 2.5013 0.4300
v -0.1714 2.4948 0.4300
v -0.1765 2.4948 0.4493
v -0.1907 2.4948 0.4635
v -0.2100 2.4948 0.4686
v -0.2293 2.4948 0.4635
v -0.2435 2.4948 0.4493
v -0.2486 2.4948 0.4300
v -0.2435 2.4948 0.4107
v -0.2293 2.4948 0.3965
v -0.2100 2.4948 0.3914
v -0.1907 2.4948 0.3965
v -0.1765 2.4948 0.4107
v -0.1365 2.4762 0.4300
v -0.1464 2.4762 0.4667
v -0.1733 2.4762 0.4936
v -0.2100 2.4762 0.5035
v -0.2467 2.4762 0.4936
v -0.2736 2.4762 0.4667
v -0.2835 2.4762 0.4300
v -0.2736 2.4762 0.3933
v -0.2467 2.4762 0.3664
v -0.2100 2.4762 0.3565
v -0.1733 2.4762 0.3664
v -0.1464 2.4762 0.3933
v -0.1089 2.4471 0.4300
v -0.1224 2.4471 0.4806
v -0.1594 2.4471 0.5176
v -0.2100 2.4471 0.5311
v -0.2606 2.4471 0.5176
v -0.2976 2.4471 0.4806
v -0.3111 2.4471 0.4300
v -0.2976 2.4471 0.3794
v -0.2606 2.4471 0.3424
v -0.2100 2.4471 0.3289
v -0.1594 2.4471 0.3424
v -0.1224 2.4471 0.3794
v -0.0911 2.4106 0.4300
v -0.1070 2.4106 0.4894
v -0.1506 2.4106 0.5330
v -0.2100 2.4106 0.5489
v -0.2694 2.4106 0.5330
v -0.3130 2.4106 0.4894
v -0.3289 2.4106 0.4300
v -0.3130 2.4106 0.3706
v -0.2694 2.4106 0.3270
v -0.2100 2.4106 0.3111
v -0.1506 2.4106 0.3270
v -0.1070 2.4106 0.3706
v -0.0850 2.3700 0.4300
v -0.1017 2.3700 0.4925
v -0.1475 2.3700 0.5383
v -0.2100 2.3700 0.5550
v -0.2725 2.3700 0.5383
v -0.3183 2.3700 0.4925
v -0.3350 2.3700 0.4300
v -0.3183 2.3700 0.3675
v -0.2725 2.3700 0.3217
v -0.2100 2.3700 0.3050
v -0.1475 2.3700 0.3217
v -0.1017 2.3700 0.3675
v -0.0911 2.3294 0.4300
v -0.1070 2.3294 0.4894
v -0.1506 2.3294 0.5330
v -0.2100 2.3294 0.5489
v -0.2694 2.3294 0.5330
v -0.3130 2.3294 0.4894
v -0.3289 2.3294 0.4300
v -0.3130 2.3294 0.3706
v -0.2694 2.3294 0.3270
v -0.2100 2.3294 0.3111
v -0.1506 2.3294 0.3270
v -0.1070 2.3294 0.3706
v -0.1089 2.2929 0.4300
v -0.1224 2.2929 0.4806
v -0.1594 2.2929 0.5176
v -0.2100 2.2929 0.5311
v -0.2606 2.2929 0.5176
v -0.2976 2.2929 0.4806
v -0.3111 2.2929 0.4300
v -0.2976 2.2929 0.3794
v -0.2606 2.2929 0.3424
v -0.2100 2.2929 0.3289
v -0.1594 2.2929 0.3424
v -0.1224 2.2929 0.3794
v -0.1365 2.2638 0.4300
v -0.1464 2.2638 0.4667
v -0.1733 2.2638 0.4936
v -0.2100 2.2638 0.5035
v -0.2467 2.2638 0.4936
v -0.2736 2.2638 0.4667
v -0.2835 2.2638 0.4300
v -0.2736 2.2638 0.3933
v -0.2467 2.2638 0.3664
v -0.2100 2.2638 0.3565
v -0.1733 2.2638 0.3664
v -0.1464 2.2638 0.3933
v -0.1714 2.2452 0.4300
v -0.1765 2.2452 0.4493
v -0.1907 2.2452 0.4635
v -0.2100 2.2452 0.4686
v -0.2293 2.2452 0.4635
v -0.2435 2.2452 0.4493
v -0.2486 2.2452 0.4300
v -0.2435 2.2452 0.4107
v -0.2293 2.2452 0.3965
v -0.2100 2.2452 0.3914
v -0.1907 2.2452 0.3965
v -0.1765 2.2452 0.4107
v -0.2100 2.2388 0.4300
v -0.2100 2.2388 0.4300
v -0.2100 2.2388 0.4300
v -0.2100 2.2388 0.4300
v -0.2100 2.2388 0.4300
v -0.2100 2.2388 0.4300
v -0.2100 2.2388 0.4300
v -0.2100 2.2388 0.4300
v -0.2100 2.2388 0.4300
v -0.2100 2.2388 0.4300
v -0.2100 2.2388 0.4300
v -0.2100 2.2388 0.4300
v -0.2100 2.4350 0.4900
v -0.2100 2.4350 0.4900
v -0.2100 2.4350 0.4900
v -0.2100 2.4350 0.4900
v -0.2100 2.4350 0.4900
v -0.2100 2.4350 0.4900
v -0.2100 2.4350 0.4900
v -0.2100 2.4350 0.4900
v -0.2100 2.4350 0.4900
v -0.2100 2.4350 0.4900
v -0.1851 2.4301 0.4900
v -0.1899 2.4301 0.5046
v -0.2023 2.4301 0.5137
v -0.2177 2.4301 0.5137
v -0.2301 2.4301 0.5046
v -0.2349 2.4301 0.4900
v -0.2301 2.4301 0.4754
v -0.2177 2.4301 0.4663
v -0.2023 2.4301 0.4663
v -0.1899 2.4301 0.4754
v -0.1640 2.4160 0.4900
v -0.1728 2.4160 0.5170
v -0.1958 2.4160 0.5337
v -0.2242 2.4160 0.5337
v -0.2472 2.4160 0.5170
v -0.2560 2.4160 0.4900
v -0.2472 2.4160 0.4630
v -0.2242 2.4160 0.4463
v -0.1958 2.4160 0.4463
v -0.1728 2.4160 0.4630
v -0.1499 2.3949 0.4900
v -0.1614 2.3949 0.5253
v -0.1914 2.3949 0.5471
v -0.2286 2.3949 0.5471
v -0.2586 2.3949 0.5253
v -0.2701 2.3949 0.4900
v -0.2586 2.3949 0.4547
v -0.2286 2.3949 0.4329
v -0.1914 2.3949 0.4329
v -0.1614 2.3949 0.4547
v -0.1450 2.3700 0.4900
v -0.1574 2.3700 0.5282
v -0.1899 2.3700 0.5518
v -0.2301 2.3700 0.5518
v -0.2626 2.3700 0.5282
v -0.2750 2.3700 0.4900
v -0.2626 2.3700 0.4518
v -0.2301 2.3700 0.4282
v -0.1899 2.3700 0.4282
v -0.1574 2.3700 0.4518
v -0.1499 2.3451 0.4900
v -0.1614 2.3451 0.5253
v -0.1914 2.3451 0.5471
v -0.2286 2.3451 0.5471
v -0.2586 2.3451 0.5253
v -0.2701 2.3451 0.4900
v -0.2586 2.3451 0.4547
v -0.2286 2.3451 0.4329
v -0.1914 2.3451 0.4329
v -0.1614 2.3451 0.4547
v -0.1640 2.3240 0.4900
v -0.1728 2.3240 0.5170
v -0.1958 2.3240 0.5337
v -0.2242 2.3240 0.5337
v -0.2472 2.3240 0.5170
v -0.2560 2.3240 0.4900
v -0.2472 2.3240 0.4630
v -0.2242 2.3240 0.4463
v -0.1958 2.3240 0.4463
v -0.1728 2.3240 0.4630
v -0.1851 2.3099 0.4900
v -0.1899 2.3099 0.5046
v -0.2023 2.3099 0.5137
v -0.2177 2.3099 0.5137
v -0.2301 2.3099 0.5046
v -0.2349 2.3099 0.4900
v -0.2301 2.3099 0.4754
v -0.2177 2.3099 0.4663
v -0.2023 2.3099 0.4663
v -0.1899 2.3099 0.4754
v -0.2100 2.3050 0.4900
v -0.2100 2.3050 0.4900
v -0.2100 2.3050 0.4900
v -0.2100 2.3050 0.4900
v -0.2100 2.3050 0.4900
v -0.2100 2.3050 0.4900
v -0.2100 2.3050 0.4900
v -0.2100 2.3050 0.4900
v -0.2100 2.3050 0.4900
v -0.2100 2.3050 0.4900
v -0.2100 2.3980 0.5300
v -0.2100 2.3980 0.5300
v -0.2100 2.3980 0.5300
v -0.2100 2.3980 0.5300
v -0.2100 2.3980 0.5300
v -0.2100 2.3980 0.5300
v -0.2100 2.3980 0.5300
v -0.2100 2.3980 0.5300
v -0.1960 2.3942 0.5300
v -0.2001 2.3942 0.5399
v -0.2100 2.3942 0.5440
v -0.2199 2.3942 0.5399
v -0.2240 2.3942 0.5300
v -0.2199 2.3942 0.5201
v -0.2100 2.3942 0.5160
v -0.2001 2.3942 0.5201
v -0.1858 2.3840 0.5300
v -0.1929 2.3840 0.5471
v -0.2100 2.3840 0.5542
v -0.2271 2.3840 0.5471
v -0.2342 2.3840 0.5300
v -0.2271 2.3840 0.5129
v -0.2100 2.3840 0.5058
v -0.1929 2.3840 0.5129
v -0.1820 2.3700 0.5300
v -0.1902 2.3700 0.5498
v -0.2100 2.3700 0.5580
v -0.2298 2.3700 0.5498
v -0.2380 2.3700 0.5300
v -0.2298 2.3700 0.5102
v -0.2100 2.3700 0.5020
v -0.1902 2.3700 0.5102
v -0.1858 2.3560 0.5300
v -0.1929 2.3560 0.5471
v -0.2100 2.3560 0.5542
v -0.2271 2.3560 0.5471
v -0.2342 2.3560 0.5300
v -0.2271 2.3560 0.5129
v -0.2100 2.3560 0.5058
v -0.1929 2.3560 0.5129
v -0.1960 2.3458 0.5300
v -0.2001 2.3458 0.5399
v -0.2100 2.3458 0.5440
v -0.2199 2.3458 0.5399
v -0.2240 2.3458 0.5300
v -0.2199 2.3458 0.5201
v -0.2100 2.3458 0.5160
v -0.2001 2.3458 0.5201
v -0.2100 2.3420 0.5300
v -0.2100 2.3420 0.5300
v -0.2100 2.3420 0.5300
v -0.2100 2.3420 0.5300
v -0.2100 2.3420 0.5300
v -0.2100 2.3420 0.5300
v -0.2100 2.3420 0.5300
v -0.2100 2.3420 0.5300
v -0.0290 2.3700 0.4800
v -0.0366 2.3700 0.4984
v -0.0550 2.3700 0.5060
v -0.0734 2.3700 0.4984
v -0.0810 2.3700 0.4800
v -0.0734 2.3700 0.4616
v -0.0550 2.3700 0.4540
v -0.0366 2.3700 0.4616
v -0.0363 2.4210 0.4800
v -0.0436 2.4188 0.4984
v -0.0613 2.4137 0.5060
v -0.0789 2.4085 0.4984
v -0.0862 2.4063 0.4800
v -0.0789 2.4085 0.4616
v -0.0613 2.4137 0.4540
v -0.0436 2.4188 0.4616
v -0.0577 2.4679 0.4800
v -0.0641 2.4637 0.4984
v -0.0796 2.4538 0.5060
v -0.0951 2.4439 0.4984
v -0.1015 2.4397 0.4800
v -0.0951 2.4439 0.4616
v -0.0796 2.4538 0.4540
v -0.0641 2.4637 0.4616
v -0.0915 2.5068 0.4800
v -0.0965 2.5010 0.4984
v -0.1085 2.4871 0.5060
v -0.1205 2.4732 0.4984
v -0.1255 2.4675 0.4800
v -0.1205 2.4732 0.4616
v -0.1085 2.4871 0.4540
v -0.0965 2.5010 0.4616
v -0.1348 2.5346 0.4800
v -0.1380 2.5277 0.4984
v -0.1456 2.5110 0.5060
v -0.1532 2.4943 0.4984
v -0.1564 2.4873 0.4800
v -0.1532 2.4943 0.4616
v -0.1456 2.5110 0.4540
v -0.1380 2.5277 0.4616
v -0.1842 2.5492 0.4800
v -0.1853 2.5416 0.4984
v -0.1879 2.5234 0.5060
v -0.1906 2.5052 0.4984
v -0.1916 2.4977 0.4800
v -0.1906 2.5052 0.4616
v -0.1879 2.5234 0.4540
v -0.1853 2.5416 0.4616
v -0.2358 2.5492 0.4800
v -0.2347 2.5416 0.4984
v -0.2321 2.5234 0.5060
v -0.2294 2.5052 0.4984
v -0.2284 2.4977 0.4800
v -0.2294 2.5052 0.4616
v -0.2321 2.5234 0.4540
v -0.2347 2.5416 0.4616
v -0.2852 2.5346 0.4800
v -0.2820 2.5277 0.4984
v -0.2744 2.5110 0.5060
v -0.2668 2.4943 0.4984
v -0.2636 2.4873 0.4800
v -0.2668 2.4943 0.4616
v -0.2744 2.5110 0.4540
v -0.2820 2.5277 0.4616
v -0.3285 2.5068 0.4800
v -0.3235 2.5010 0.4984
v -0.3115 2.4871 0.5060
v -0.2995 2.4732 0.4984
v -0.2945 2.4675 0.4800
v -0.2995 2.4732 0.4616
v -0.3115 2.4871 0.4540
v -0.3235 2.5010 0.4616
v -0.3623 2.4679 0.4800
v -0.3559 2.4637 0.4984
v -0.3404 2.4538 0.5060
v -0.3249 2.4439 0.4984
v -0.3185 2.4397 0.4800
v -0.3249 2.4439 0.4616
v -0.3404 2.4538 0.4540
v -0.3559 2.4637 0.4616
v -0.3837 2.4210 0.4800
v -0.3764 2.4188 0.4984
v -0.3587 2.4137 0.5060
v -0.3411 2.4085 0.4984
v -0.3338 2.4063 0.4800
v -0.3411 2.4085 0.4616
v -0.3587 2.4137 0.4540
v -0.3764 2.4188 0.4616
v -0.3910 2.3700 0.4800
v -0.3834 2.3700 0.4984
v -0.3650 2.3700 0.5060
v -0.3466 2.3700 0.4984
v -0.3390 2.3700 0.4800
v -0.3466 2.3700 0.4616
v -0.3650 2.3700 0.4540
v -0.3834 2.3700 0.4616
v -0.3837 2.3190 0.4800
v -0.3764 2.3212 0.4984
v -0.3587 2.3263 0.5060
v -0.3411 2.3315 0.4984
v -0.3338 2.3337 0.4800
v -0.3411 2.3315 0.4616
v -0.3587 2.3263 0.4540
v -0.3764 2.3212 0.4616
v -0.3623 2.2721 0.4800
v -0.3559 2.2763 0.4984
v -0.3404 2.2862 0.5060
v -0.3249 2.2961 0.4984
v -0.3185 2.3003 0.4800
v -0.3249 2.2961 0.4616
v -0.3404 2.2862 0.4540
v -0.3559 2.2763 0.4616
v -0.3285 2.2332 0.4800
v -0.3235 2.2390 0.4984
v -0.3115 2.2529 0.5060
v -0.2995 2.2668 0.4984
v -0.2945 2.2725 0.4800
v -0.2995 2.2668 0.4616
v -0.3115 2.2529 0.4540
v -0.3235 2.2390 0.4616
v -0.2852 2.2054 0.4800
v -0.2820 2.2123 0.4984
v -0.2744 2.2290 0.5060
v -0.2668 2.2457 0.4984
v -0.2636 2.2527 0.4800
v -0.2668 2.2457 0.4616
v -0.2744 2.2290 0.4540
v -0.2820 2.2123 0.4616
v -0.2358 2.1908 0.4800
v -0.2347 2.1984 0.4984
v -0.2321 2.2166 0.5060
v -0.2294 2.2348 0.4984
v -0.2284 2.2423 0.4800
v -0.2294 2.2348 0.4616
v -0.2321 2.2166 0.4540
v -0.2347 2.1984 0.4616
v -0.1842 2.1908 0.4800
v -0.1853 2.1984 0.4984
v -0.1879 2.2166 0.5060
v -0.1906 2.2348 0.4984
v -0.1916 2.2423 0.4800
v -0.1906 2.2348 0.4616
v -0.1879 2.2166 0.4540
v -0.1853 2.1984 0.4616
v -0.1348 2.2054 0.4800
v -0.1380 2.2123 0.4984
v -0.1456 2.2290 0.5060
v -0.1532 2.2457 0.4984
v -0.1564 2.2527 0.4800
v -0.1532 2.2457 0.4616
v -0.1456 2.2290 0.4540
v -0.1380 2.2123 0.4616
v -0.0915 2.2332 0.4800
v -0.0965 2.2390 0.4984
v -0.1085 2.2529 0.5060
v -0.1205 2.2668 0.4984
v -0.1255 2.2725 0.4800
v -0.1205 2.2668 0.4616
v -0.1085 2.2529 0.4540
v -0.0965 2.2390 0.4616
v -0.0577 2.2721 0.4800
v -0.0641 2.2763 0.4984
v -0.0796 2.2862 0.5060
v -0.0951 2.2961 0.4984
v -0.1015 2.3003 0.4800
v -0.0951 2.2961 0.4616
v -0.0796 2.2862 0.4540
v -0.0641 2.2763 0.4616
v -0.0363 2.3190 0.4800
v -0.0436 2.3212 0.4984
v -0.0613 2.3263 0.5060
v -0.0789 2.3315 0.4984
v -0.0862 2.3337 0.4800
v -0.0789 2.3315 0.4616
v -0.0613 2.3263 0.4540
v -0.0436 2.3212 0.4616
v -0.2100 2.5575 0.4100
v -0.2100 2.5575 0.4100
v -0.2100 2.5575 0.4100
v -0.2100 2.5575 0.4100
v -0.2100 2.5575 0.4100
v -0.2100 2.5575 0.4100
v -0.2100 2.5575 0.4100
v -0.2100 2.5575 0.4100
v -0.1550 2.5522 0.4100
v -0.1711 2.5522 0.4237
v -0.2100 2.5522 0.4294
v -0.2489 2.5522 0.4237
v -0.2650 2.5522 0.4100
v -0.2489 2.5522 0.3963
v -0.2100 2.5522 0.3906
v -0.1711 2.5522 0.3963
v -0.1211 2.5385 0.4100
v -0.1471 2.5385 0.4322
v -0.2100 2.5385 0.4414
v -0.2729 2.5385 0.4322
v -0.2989 2.5385 0.4100
v -0.2729 2.5385 0.3878
v -0.2100 2.5385 0.3786
v -0.1471 2.5385 0.3878
v -0.1211 2.5215 0.4100
v -0.1471 2.5215 0.4322
v -0.2100 2.5215 0.4414
v -0.2729 2.5215 0.4322
v -0.2989 2.5215 0.4100
v -0.2729 2.5215 0.3878
v -0.2100 2.5215 0.3786
v -0.1471 2.5215 0.3878
v -0.1550 2.5078 0.4100
v -0.1711 2.5078 0.4237
v -0.2100 2.5078 0.4294
v -0.2489 2.5078 0.4237
v -0.2650 2.5078 0.4100
v -0.2489 2.5078 0.3963
v -0.2100 2.5078 0.3906
v -0.1711 2.5078 0.3963
v -0.2100 2.5025 0.4100
v -0.2100 2.5025 0.4100
v -0.2100 2.5025 0.4100
v -0.2100 2.5025 0.4100
v -0.2100 2.5025 0.4100
v -0.2100 2.5025 0.4100
v -0.2100 2.5025 0.4100
v -0.2100 2.5025 0.4100
v 0.2100 2.5013 0.4300
v 0.2100 2.5013 0.4300
v 0.2100 2.5013 0.4300
v 0.2100 2.5013 0.4300
v 0.2100 2.5013 0.4300
v 0.2100 2.5013 0.4300
v 0.2100 2.5013 0.4300
v 0.2100 2.5013 0.4300
v 0.2100 2.5013 0.4300
v 0.2100 2.5013 0.4300
v 0.2100 2.5013 0.4300
v 0.2100 2.5013 0.4300
v 0.2486 2.4948 0.4300
v 0.2435 2.4948 0.4493
v 0.2293 2.4948 0.4635
v 0.2100 2.4948 0.4686
v 0.1907 2.4948 0.4635
v 0.1765 2.4948 0.4493
v 0.1714 2.4948 0.4300
v 0.1765 2.4948 0.4107
v 0.1907 2.4948 0.3965
v 0.2100 2.4948 0.3914
v 0.2293 2.4948 0.3965
v 0.2435 2.4948 0.4107
v 0.2835 2.4762 0.4300
v 0.2736 2.4762 0.4667
v 0.2467 2.4762 0.4936
v 0.2100 2.4762 0.5035
v 0.1733 2.4762 0.4936
v 0.1464 2.4762 0.4667
v 0.1365 2.4762 0.4300
v 0.1464 2.4762 0.3933
v 0.1733 2.4762 0.3664
v 0.2100 2.4762 0.3565
v 0.2467 2.4762 0.3664
v 0.2736 2.4762 0.3933
v 0.3111 2.4471 0.4300
v 0.2976 2.4471 0.4806
v 0.2606 2.4471 0.5176
v 0.2100 2.4471 0.5311
v 0.1594 2.4471 0.5176
v 0.1224 2.4471 0.4806
v 0.1089 2.4471 0.4300
v 0.1224 2.4471 0.3794
v 0.1594 2.4471 0.3424
v 0.2100 2.4471 0.3289
v 0.2606 2.4471 0.3424
v 0.2976 2.4471 0.3794
v 0.3289 2.4106 0.4300
v 0.3130 2.4106 0.4894
v 0.2694 2.4106 0.5330
v 0.2100 2.4106 0.5489
v 0.1506 2.4106 0.5330
v 0.1070 2.4106 0.4894
v 0.0911 2.4106 0.4300
v 0.1070 2.4106 0.3706
v 0.1506 2.4106 0.3270
v 0.2100 2.4106 0.3111
v 0.2694 2.4106 0.3270
v 0.3130 2.4106 0.3706
v 0.3350 2.3700 0.4300
v 0.3183 2.3700 0.4925
v 0.2725 2.3700 0.5383
v 0.2100 2.3700 0.5550
v 0.1475 2.3700 0.5383
v 0.1017 2.3700 0.4925
v 0.0850 2.3700 0.4300
v 0.1017 2.3700 0.3675
v 0.1475 2.3700 0.3217
v 0.2100 2.3700 0.3050
v 0.2725 2.3700 0.3217
v 0.3183 2.3700 0.3675
v 0.3289 2.3294 0.4300
v 0.3130 2.3294 0.4894
v 0.2694 2.3294 0.5330
v 0.2100 2.3294 0.5489
v 0.1506 2.3294 0.5330
v 0.1070 2.3294 0.4894
v 0.0911 2.3294 0.4300
v 0.1070 2.3294 0.3706
v 0.1506 2.3294 0.3270
v 0.2100 2.3294 0.3111
v 0.2694 2.3294 0.3270
v 0.3130 2.3294 0.3706
v 0.3111 2.2929 0.4300
v 0.2976 2.2929 0.4806
v 0.2606 2.2929 0.5176
v 0.2100 2.2929 0.5311
v 0.1594 2.2929 0.5176
v 0.1224 2.2929 0.4806
v 0.1089 2.2929 0.4300
v 0.1224 2.2929 0.3794
v 0.1594 2.2929 0.3424
v 0.2100 2.2929 0.3289
v 0.2606 2.2929 0.3424
v 0.2976 2.2929 0.3794
v 0.2835 2.2638 0.4300
v 0.2736 2.2638 0.4667
v 0.2467 2.2638 0.4936
v 0.2100 2.2638 0.5035
v 0.1733 2.2638 0.4936
v 0.1464 2.2638 0.4667
v 0.1365 2.2638 0.4300
v 0.1464 2.2638 0.3933
v 0.1733 2.2638 0.3664
v 0.2100 2.2638 0.3565
v 0.2467 2.2638 0.3664
v 0.2736 2.2638 0.3933
v 0.2486 2.2452 0.4300
v 0.2435 2.2452 0.4493
v 0.2293 2.2452 0.4635
v 0.2100 2.2452 0.4686
v 0.1907 2.2452 0.4635
v 0.1765 2.2452 0.4493
v 0.1714 2.2452 0.4300
v 0.1765 2.2452 0.4107
v 0.1907 2.2452 0.3965
v 0.2100 2.2452 0.3914
v 0.2293 2.2452 0.3965
v 0.2435 2.2452 0.4107
v 0.2100 2.2388 0.4300
v 0.2100 2.2388 0.4300
v 0.2100 2.2388 0.4300
v 0.2100 2.2388 0.4300
v 0.2100 2.2388 0.4300
v 0.2100 2.2388 0.4300
v 0.2100 2.2388 0.4300
v 0.2100 2.2388 0.4300
v 0.2100 2.2388 0.4300
v 0.2100 2.2388 0.4300
v 0.2100 2.2388 0.4300
v 0.2100 2.2388 0.4300
v 0.2100 2.4350 0.4900
v 0.2100 2.4350 0.4900
v 0.2100 2.4350 0.4900
v 0.2100 2.4350 0.4900
v 0.2100 2.4350 0.4900
v 0.2100 2.4350 0.4900
v 0.2100 2.4350 0.4900
v 0.2100 2.4350 0.4900
v 0.2100 2.4350 0.4900
v 0.2100 2.4350 0.4900
v 0.2349 2.4301 0.4900
v 0.2301 2.4301 0.5046
v 0.2177 2.4301 0.5137
v 0.2023 2.4301 0.5137
v 0.1899 2.4301 0.5046
v 0.1851 2.4301 0.4900
v 0.1899 2.4301 0.4754
v 0.2023 2.4301 0.4663
v 0.2177 2.4301 0.4663
v 0.2301 2.4301 0.4754
v 0.2560 2.4160 0.4900
v 0.2472 2.4160 0.5170
v 0.2242 2.4160 0.5337
v 0.1958 2.4160 0.5337
v 0.1728 2.4160 0.5170
v 0.1640 2.4160 0.4900
v 0.1728 2.4160 0.4630
v 0.1958 2.4160 0.4463
v 0.2242 2.4160 0.4463
v 0.2472 2.4160 0.4630
v 0.2701 2.3949 0.4900
v 0.2586 2.3949 0.5253
v 0.2286 2.3949 0.5471
v 0.1914 2.3949 0.5471
v 0.1614 2.3949 0.5253
v 0.1499 2.3949 0.4900
v 0.1614 2.3949 0.4547
v 0.1914 2.3949 0.4329
v 0.2286 2.3949 0.4329
v 0.2586 2.3949 0.4547
v 0.2750 2.3700 0.4900
v 0.2626 2.3700 0.5282
v 0.2301 2.3700 0.5518
v 0.1899 2.3700 0.5518
v 0.1574 2.3700 0.5282
v 0.1450 2.3700 0.4900
v 0.1574 2.3700 0.4518
v 0.1899 2.3700 0.4282
v 0.2301 2.3700 0.4282
v 0.2626 2.3700 0.4518
v 0.2701 2.3451 0.4900
v 0.2586 2.3451 0.5253
v 0.2286 2.3451 0.5471
v 0.1914 2.3451 0.5471
v 0.1614 2.3451 0.5253
v 0.1499 2.3451 0.4900
v 0.1614 2.3451 0.4547
v 0.1914 2.3451 0.4329
v 0.2286 2.3451 0.4329
v 0.2586 2.3451 0.4547
v 0.2560 2.3240 0.4900
v 0.2472 2.3240 0.5170
v 0.2242 2.3240 0.5337
v 0.1958 2.3240 0.5337
v 0.1728 2.3240 0.5170
v 0.1640 2.3240 0.4900
v 0.1728 2.3240 0.4630
v 0.1958 2.3240 0.4463
v 0.2242 2.3240 0.4463
v 0.2472 2.3240 0.4630
v 0.2349 2.3099 0.4900
v 0.2301 2.3099 0.5046
v 0.2177 2.3099 0.5137
v 0.2023 2.3099 0.5137
v 0.1899 2.3099 0.5046
v 0.1851 2.3099 0.4900
v 0.1899 2.3099 0.4754
v 0.2023 2.3099 0.4663
v 0.2177 2.3099 0.4663
v 0.2301 2.3099 0.4754
v 0.2100 2.3050 0.4900
v 0.2100 2.3050 0.4900
v 0.2100 2.3050 0.4900
v 0.2100 2.3050 0.4900
v 0.2100 2.3050 0.4900
v 0.2100 2.3050 0.4900
v 0.2100 2.3050 0.4900
v 0.2100 2.3050 0.4900
v 0.2100 2.3050 0.4900
v 0.2100 2.3050 0.4900
v 0.2100 2.3980 0.5300
v 0.2100 2.3980 0.5300
v 0.2100 2.3980 0.5300
v 0.2100 2.3980 0.5300
v 0.2100 2.3980 0.5300
v 0.2100 2.3980 0.5300
v 0.2100 2.3980 0.5300
v 0.2100 2.3980 0.5300
v 0.2240 2.3942 0.5300
v 0.2199 2.3942 0.5399
v 0.2100 2.3942 0.5440
v 0.2001 2.3942 0.5399
v 0.1960 2.3942 0.5300
v 0.2001 2.3942 0.5201
v 0.2100 2.3942 0.5160
v 0.2199 2.3942 0.5201
v 0.2342 2.3840 0.5300
v 0.2271 2.3840 0.5471
v 0.2100 2.3840 0.5542
v 0.1929 2.3840 0.5471
v 0.1858 2.3840 0.5300
v 0.1929 2.3840 0.5129
v 0.2100 2.3840 0.5058
v 0.2271 2.3840 0.5129
v 0.2380 2.3700 0.5300
v 0.2298 2.3700 0.5498
v 0.2100 2.3700 0.5580
v 0.1902 2.3700 0.5498
v 0.1820 2.3700 0.5300
v 0.1902 2.3700 0.5102
v 0.2100 2.3700 0.5020
v 0.2298 2.3700 0.5102
v 0.2342 2.3560 0.5300
v 0.2271 2.3560 0.5471
v 0.2100 2.3560 0.5542
v 0.1929 2.3560 0.5471
v 0.1858 2.3560 0.5300
v 0.1929 2.3560 0.5129
v 0.2100 2.3560 0.5058
v 0.2271 2.3560 0.5129
v 0.2240 2.3458 0.5300
v 0.2199 2.3458 0.5399
v 0.2100 2.3458 0.5440
v 0.2001 2.3458 0.5399
v 0.1960 2.3458 0.5300
v 0.2001 2.3458 0.5201
v 0.2100 2.3458 0.5160
v 0.2199 2.3458 0.5201
v 0.2100 2.3420 0.5300
v 0.2100 2.3420 0.5300
v 0.2100 2.3420 0.5300
v 0.2100 2.3420 0.5300
v 0.2100 2.3420 0.5300
v 0.2100 2.3420 0.5300
v 0.2100 2.3420 0.5300
v 0.2100 2.3420 0.5300
v 0.3910 2.3700 0.4800
v 0.3834 2.3700 0.4984
v 0.3650 2.3700 0.5060
v 0.3466 2.3700 0.4984
v 0.3390 2.3700 0.4800
v 0.3466 2.3700 0.4616
v 0.3650 2.3700 0.4540
v 0.3834 2.3700 0.4616
v 0.3837 2.4210 0.4800
v 0.3764 2.4188 0.4984
v 0.3587 2.4137 0.5060
v 0.3411 2.4085 0.4984
v 0.3338 2.4063 0.4800
v 0.3411 2.4085 0.4616
v 0.3587 2.4137 0.4540
v 0.3764 2.4188 0.4616
v 0.3623 2.4679 0.4800
v 0.3559 2.4637 0.4984
v 0.3404 2.4538 0.5060
v 0.3249 2.4439 0.4984
v 0.3185 2.4397 0.4800
v 0.3249 2.4439 0.4616
v 0.3404 2.4538 0.4540
v 0.3559 2.4637 0.4616
v 0.3285 2.5068 0.4800
v 0.3235 2.5010 0.4984
v 0.3115 2.4871 0.5060
v 0.2995 2.4732 0.4984
v 0.2945 2.4675 0.4800
v 0.2995 2.4732 0.4616
v 0.3115 2.4871 0.4540
v 0.3235 2.5010 0.4616
v 0.2852 2.5346 0.4800
v 0.2820 2.5277 0.4984
v 0.2744 2.5110 0.5060
v 0.2668 2.4943 0.4984
v 0.2636 2.4873 0.4800
v 0.2668 2.4943 0.4616
v 0.2744 2.5110 0.4540
v 0.2820 2.5277 0.4616
v 0.2358 2.5492 0.4800
v 0.2347 2.5416 0.4984
v 0.2321 2.5234 0.5060
v 0.2294 2.5052 0.4984
v 0.2284 2.4977 0.4800
v 0.2294 2.5052 0.4616
v 0.2321 2.5234 0.4540
v 0.2347 2.5416 0.4616
v 0.1842 2.5492 0.4800
v 0.1853 2.5416 0.4984
v 0.1879 2.5234 0.5060
v 0.1906 2.5052 0.4984
v 0.1916 2.4977 0.4800
v 0.1906 2.5052 0.4616
v 0.1879 2.5234 0.4540
v 0.1853 2.5416 0.4616
v 0.1348 2.5346 0.4800
v 0.1380 2.5277 0.4984
v 0.1456 2.5110 0.5060
v 0.1532 2.4943 0.4984
v 0.1564 2.4873 0.4800
v 0.1532 2.4943 0.4616
v 0.1456 2.5110 0.4540
v 0.1380 2.5277 0.4616
v 0.0915 2.5068 0.4800
v 0.0965 2.5010 0.4984
v 0.1085 2.4871 0.5060
v 0.1205 2.4732 0.4984
v 0.1255 2.4675 0.4800
v 0.1205 2.4732 0.4616
v 0.1085 2.4871 0.4540
v 0.0965 2.5010 0.4616
v 0.0577 2.4679 0.4800
v 0.0641 2.4637 0.4984
v 0.0796 2.4538 0.5060
v 0.0951 2.4439 0.4984
v 0.1015 2.4397 0.4800
v 0.0951 2.4439 0.4616
v 0.0796 2.4538 0.4540
v 0.0641 2.4637 0.4616
v 0.0363 2.4210 0.4800
v 0.0436 2.4188 0.4984
v 0.0613 2.4137 0.5060
v 0.0789 2.4085 0.4984
v 0.0862 2.4063 0.4800
v 0.0789 2.4085 0.4616
v 0.0613 2.4137 0.4540
v 0.0436 2.4188 0.4616
v 0.0290 2.3700 0.4800
v 0.0366 2.3700 0.4984
v 0.0550 2.3700 0.5060
v 0.0734 2.3700 0.4984
v 0.0810 2.3700 0.4800
v 0.0734 2.3700 0.4616
v 0.0550 2.3700 0.4540
v 0.0366 2.3700 0.4616
v 0.0363 2.3190 0.4800
v 0.0436 2.3212 0.4984
v 0.0613 2.3263 0.5060
v 0.0789 2.3315 0.4984
v 0.0862 2.3337 0.4800
v 0.0789 2.3315 0.4616
v 0.0613 2.3263 0.4540
v 0.0436 2.3212 0.4616
v 0.0577 2.2721 0.4800
v 0.0641 2.2763 0.4984
v 0.0796 2.2862 0.5060
v 0.0951 2.2961 0.4984
v 0.1015 2.3003 0.4800
v 0.0951 2.2961 0.4616
v 0.0796 2.2862 0.4540
v 0.0641 2.2763 0.4616
v 0.0915 2.2332 0.4800
v 0.0965 2.2390 0.4984
v 0.1085 2.2529 0.5060
v 0.1205 2.2668 0.4984
v 0.1255 2.2725 0.4800
v 0.1205 2.2668 0.4616
v 0.1085 2.2529 0.4540
v 0.0965 2.2390 0.4616
v 0.1348 2.2054 0.4800
v 0.1380 2.2123 0.4984
v 0.1456 2.2290 0.5060
v 0.1532 2.2457 0.4984
v 0.1564 2.2527 0.4800
v 0.1532 2.2457 0.4616
v 0.1456 2.2290 0.4540
v 0.1380 2.2123 0.4616
v 0.1842 2.1908 0.4800
v 0.1853 2.1984 0.4984
v 0.1879 2.2166 0.5060
v 0.1906 2.2348 0.4984
v 0.1916 2.2423 0.4800
v 0.1906 2.2348 0.4616
v 0.1879 2.2166 0.4540
v 0.1853 2.1984 0.4616
v 0.2358 2.1908 0.4800
v 0.2347 2.1984 0.4984
v 0.2321 2.2166 0.5060
v 0.2294 2.2348 0.4984
v 0.2284 2.2423 0.4800
v 0.2294 2.2348 0.4616
v 0.2321 2.2166 0.4540
v 0.2347 2.1984 0.4616
v 0.2852 2.2054 0.4800
v 0.2820 2.2123 0.4984
v 0.2744 2.2290 0.5060
v 0.2668 2.2457 0.4984
v 0.2636 2.2527 0.4800
v 0.2668 2.2457 0.4616
v 0.2744 2.2290 0.4540
v 0.2820 2.2123 0.4616
v 0.3285 2.2332 0.4800
v 0.3235 2.2390 0.4984
v 0.3115 2.2529 0.5060
v 0.2995 2.2668 0.4984
v 0.2945 2.2725 0.4800
v 0.2995 2.2668 0.4616
v 0.3115 2.2529 0.4540
v 0.3235 2.2390 0.4616
v 0.3623 2.2721 0.4800
v 0.3559 2.2763 0.4984
v 0.3404 2.2862 0.5060
v 0.3249 2.2961 0.4984
v 0.3185 2.3003 0.4800
v 0.3249 2.2961 0.4616
v 0.3404 2.2862 0.4540
v 0.3559 2.2763 0.4616
v 0.3837 2.3190 0.4800
v 0.3764 2.3212 0.4984
v 0.3587 2.3263 0.5060
v 0.3411 2.3315 0.4984
v 0.3338 2.3337 0.4800
v 0.3411 2.3315 0.4616
v 0.3587 2.3263 0.4540
v 0.3764 2.3212 0.4616
v 0.2100 2.5575 0.4100
v 0.2100 2.5575 0.4100
v 0.2100 2.5575 0.4100
v 0.2100 2.5575 0.4100
v 0.2100 2.5575 0.4100
v 0.2100 2.5575 0.4100
v 0.2100 2.5575 0.4100
v 0.2100 2.5575 0.4100
v 0.2650 2.5522 0.4100
v 0.2489 2.5522 0.4237
v 0.2100 2.5522 0.4294
v 0.1711 2.5522 0.4237
v 0.1550 2.5522 0.4100
v 0.1711 2.5522 0.3963
v 0.2100 2.5522 0.3906
v 0.2489 2.5522 0.3963
v 0.2989 2.5385 0.4100
v 0.2729 2.5385 0.4322
v 0.2100 2.5385 0.4414
v 0.1471 2.5385 0.4322
v 0.1211 2.5385 0.4100
v 0.1471 2.5385 0.3878
v 0.2100 2.5385 0.3786
v 0.2729 2.5385 0.3878
v 0.2989 2.5215 0.4100
v 0.2729 2.5215 0.4322
v 0.2100 2.5215 0.4414
v 0.1471 2.5215 0.4322
v 0.1211 2.5215 0.4100
v 0.1471 2.5215 0.3878
v 0.2100 2.5215 0.3786
v 0.2729 2.5215 0.3878
v 0.2650 2.5078 0.4100
v 0.2489 2.5078 0.4237
v 0.2100 2.5078 0.4294
v 0.1711 2.5078 0.4237
v 0.1550 2.5078 0.4100
v 0.1711 2.5078 0.3963
v 0.2100 2.5078 0.3906
v 0.2489 2.5078 0.3963
v 0.2100 2.5025 0.4100
v 0.2100 2.5025 0.4100
v 0.2100 2.5025 0.4100
v 0.2100 2.5025 0.4100
v 0.2100 2.5025 0.4100
v 0.2100 2.5025 0.4100
v 0.2100 2.5025 0.4100
v 0.2100 2.5025 0.4100
v -0.0600 2.3700 0.4900
v -0.0600 2.3527 0.4800
v -0.0600 2.3527 0.4600
v -0.0600 2.3700 0.4500
v -0.0600 2.3873 0.4600
v -0.0600 2.3873 0.4800
v 0.0600 2.3700 0.4900
v 0.0600 2.3527 0.4800
v 0.0600 2.3527 0.4600
v 0.0600 2.3700 0.4500
v 0.0600 2.3873 0.4600
v 0.0600 2.3873 0.4800
v -0.0600 2.3700 0.4700
v 0.0600 2.3700 0.4700
v -0.3730 2.3900 0.4142
v -0.3818 2.3744 0.4162
v -0.3988 2.3744 0.4220
v -0.4070 2.3900 0.4258
v -0.3982 2.4056 0.4238
v -0.3812 2.4056 0.4180
v -0.5330 2.4200 -0.0558
v -0.5418 2.4044 -0.0538
v -0.5588 2.4044 -0.0480
v -0.5670 2.4200 -0.0442
v -0.5582 2.4356 -0.0462
v -0.5412 2.4356 -0.0520
v -0.3900 2.3900 0.4200
v -0.5500 2.4200 -0.0500
v 0.4070 2.3900 0.4258
v 0.3988 2.3744 0.4220
v 0.3818 2.3744 0.4162
v 0.3730 2.3900 0.4142
v 0.3812 2.4056 0.4180
v 0.3982 2.4056 0.4238
v 0.5670 2.4200 -0.0442
v 0.5588 2.4044 -0.0480
v 0.5418 2.4044 -0.0538
v 0.5330 2.4200 -0.0558
v 0.5412 2.4356 -0.0520
v 0.5582 2.4356 -0.0462
v 0.3900 2.3900 0.4200
v 0.5500 2.4200 -0.0500
v 0.0000 3.0200 0.0000
v 0.0000 3.0200 0.0000
v 0.0000 3.0200 0.0000
v 0.0000 3.0200 0.0000
v 0.0000 3.0200 0.0000
v 0.0000 3.0200 0.0000
v 0.0000 3.0200 0.0000
v 0.0000 3.0200 0.0000
v 0.0000 3.0200 0.0000
v 0.0000 3.0200 0.0000
v 0.0000 3.0200 0.0000
v 0.0000 3.0200 0.0000
v 0.0000 3.0200 0.0000
v 0.0000 3.0200 0.0000
v 0.0000 3.0200 0.0000
v 0.0000 3.0200 0.0000
v 0.0000 3.0200 0.0000
v 0.0000 3.0200 0.0000
v 0.0000 3.0200 0.0000
v 0.0000 3.0200 0.0000
v 0.0000 3.0200 0.0000
v 0.0000 3.0200 0.0000
v 0.0000 3.0200 0.0000
v 0.0000 3.0200 0.0000
v 0.0721 3.0157 0.0000
v 0.0696 3.0157 0.0187
v 0.0624 3.0157 0.0360
v 0.0510 3.0157 0.0510
v 0.0360 3.0157 0.0624
v 0.0187 3.0157 0.0696
v 0.0000 3.0157 0.0721
v -0.0187 3.0157 0.0696
v -0.0360 3.0157 0.0624
v -0.0510 3.0157 0.0510
v -0.0624 3.0157 0.0360
v -0.0696 3.0157 0.0187
v -0.0721 3.0157 0.0000
v -0.0696 3.0157 -0.0187
v -0.0624 3.0157 -0.0360
v -0.0510 3.0157 -0.0510
v -0.0360 3.0157 -0.0624
v -0.0187 3.0157 -0.0696
v -0.0000 3.0157 -0.0721
v 0.0187 3.0157 -0.0696
v 0.0360 3.0157 -0.0624
v 0.0510 3.0157 -0.0510
v 0.0624 3.0157 -0.0360
v 0.0696 3.0157 -0.0187
v 0.1431 3.0027 0.0000
v 0.1382 3.0027 0.0370
v 0.1239 3.0027 0.0716
v 0.1012 3.0027 0.1012
v 0.0716 3.0027 0.1239
v 0.0370 3.0027 0.1382
v 0.0000 3.0027 0.1431
v -0.0370 3.0027 0.1382
v -0.0716 3.0027 0.1239
v -0.1012 3.0027 0.1012
v -0.1239 3.0027 0.0716
v -0.1382 3.0027 0.0370
v -0.1431 3.0027 0.0000
v -0.1382 3.0027 -0.0370
v -0.1239 3.0027 -0.0716
v -0.1012 3.0027 -0.1012
v -0.0716 3.0027 -0.1239
v -0.0370 3.0027 -0.1382
v -0.0000 3.0027 -0.1431
v 0.0370 3.0027 -0.1382
v 0.0716 3.0027 -0.1239
v 0.1012 3.0027 -0.1012
v 0.1239 3.0027 -0.0716
v 0.1382 3.0027 -0.0370
v 0.2121 2.9813 0.0000
v 0.2049 2.9813 0.0549
v 0.1837 2.9813 0.1060
v 0.1500 2.9813 0.1500
v 0.1060 2.9813 0.1837
v 0.0549 2.9813 0.2049
v 0.0000 2.9813 0.2121
v -0.0549 2.9813 0.2049
v -0.1060 2.9813 0.1837
v -0.1500 2.9813 0.1500
v -0.1837 2.9813 0.1060
v -0.2049 2.9813 0.0549
v -0.2121 2.9813 0.0000
v -0.2049 2.9813 -0.0549
v -0.1837 2.9813 -0.1060
v -0.1500 2.9813 -0.1500
v -0.1060 2.9813 -0.1837
v -0.0549 2.9813 -0.2049
v -0.0000 2.9813 -0.2121
v 0.0549 2.9813 -0.2049
v 0.1060 2.9813 -0.1837
v 0.1500 2.9813 -0.1500
v 0.1837 2.9813 -0.1060
v 0.2049 2.9813 -0.0549
v 0.2780 2.9517 0.0000
v 0.2685 2.9517 0.0719
v 0.2407 2.9517 0.1390
v 0.1966 2.9517 0.1966
v 0.1390 2.9517 0.2407
v 0.0719 2.9517 0.2685
v 0.0000 2.9517 0.2780
v -0.0719 2.9517 0.2685
v -0.1390 2.9517 0.2407
v -0.1966 2.9517 0.1966
v -0.2407 2.9517 0.1390
v -0.2685 2.9517 0.0719
v -0.2780 2.9517 0.0000
v -0.2685 2.9517 -0.0719
v -0.2407 2.9517 -0.1390
v -0.1966 2.9517 -0.1966
v -0.1390 2.9517 -0.2407
v -0.0719 2.9517 -0.2685
v -0.0000 2.9517 -0.2780
v 0.0719 2.9517 -0.2685
v 0.1390 2.9517 -0.2407
v 0.1966 2.9517 -0.1966
v 0.2407 2.9517 -0.1390
v 0.2685 2.9517 -0.0719
v 0.3398 2.9145 0.0000
v 0.3283 2.9145 0.0880
v 0.2943 2.9145 0.1699
v 0.2403 2.9145 0.2403
v 0.1699 2.9145 0.2943
v 0.0880 2.9145 0.3283
v 0.0000 2.9145 0.3398
v -0.0880 2.9145 0.3283
v -0.1699 2.9145 0.2943
v -0.2403 2.9145 0.2403
v -0.2943 2.9145 0.1699
v -0.3283 2.9145 0.0880
v -0.3398 2.9145 0.0000
v -0.3283 2.9145 -0.0880
v -0.2943 2.9145 -0.1699
v -0.2403 2.9145 -0.2403
v -0.1699 2.9145 -0.2943
v -0.0880 2.9145 -0.3283
v -0.0000 2.9145 -0.3398
v 0.0880 2.9145 -0.3283
v 0.1699 2.9145 -0.2943
v 0.2403 2.9145 -0.2403
v 0.2943 2.9145 -0.1699
v 0.3283 2.9145 -0.0880
v 0.3968 2.8701 0.0000
v 0.3833 2.8701 0.1027
v 0.3436 2.8701 0.1984
v 0.2806 2.8701 0.2806
v 0.1984 2.8701 0.3436
v 0.1027 2.8701 0.3833
v 0.0000 2.8701 0.3968
v -0.1027 2.8701 0.3833
v -0.1984 2.8701 0.3436
v -0.2806 2.8701 0.2806
v -0.3436 2.8701 0.1984
v -0.3833 2.8701 0.1027
v -0.3968 2.8701 0.0000
v -0.3833 2.8701 -0.1027
v -0.3436 2.8701 -0.1984
v -0.2806 2.8701 -0.2806
v -0.1984 2.8701 -0.3436
v -0.1027 2.8701 -0.3833
v -0.0000 2.8701 -0.3968
v 0.1027 2.8701 -0.3833
v 0.1984 2.8701 -0.3436
v 0.2806 2.8701 -0.2806
v 0.3436 2.8701 -0.1984
v 0.3833 2.8701 -0.1027
v 0.4480 2.8191 0.0000
v 0.4327 2.8191 0.1159
v 0.3880 2.8191 0.2240
v 0.3168 2.8191 0.3168
v 0.2240 2.8191 0.3880
v 0.1159 2.8191 0.4327
v 0.0000 2.8191 0.4480
v -0.1159 2.8191 0.4327
v -0.2240 2.8191 0.3880
v -0.3168 2.8191 0.3168
v -0.3880 2.8191 0.2240
v -0.4327 2.8191 0.1159
v -0.4480 2.8191 0.0000
v -0.4327 2.8191 -0.1159
v -0.3880 2.8191 -0.2240
v -0.3168 2.8191 -0.3168
v -0.2240 2.8191 -0.3880
v -0.1159 2.8191 -0.4327
v -0.0000 2.8191 -0.4480
v 0.1159 2.8191 -0.4327
v 0.2240 2.8191 -0.3880
v 0.3168 2.8191 -0.3168
v 0.3880 2.8191 -0.2240
v 0.4327 2.8191 -0.1159
v 0.4927 2.7624 0.0000
v 0.4759 2.7624 0.1275
v 0.4267 2.7624 0.2463
v 0.3484 2.7624 0.3484
v 0.2463 2.7624 0.4267
v 0.1275 2.7624 0.4759
v 0.0000 2.7624 0.4927
v -0.1275 2.7624 0.4759
v -0.2463 2.7624 0.4267
v -0.3484 2.7624 0.3484
v -0.4267 2.7624 0.2463
v -0.4759 2.7624 0.1275
v -0.4927 2.7624 0.0000
v -0.4759 2.7624 -0.1275
v -0.4267 2.7624 -0.2463
v -0.3484 2.7624 -0.3484
v -0.2463 2.7624 -0.4267
v -0.1275 2.7624 -0.4759
v -0.0000 2.7624 -0.4927
v 0.1275 2.7624 -0.4759
v 0.2463 2.7624 -0.4267
v 0.3484 2.7624 -0.3484
v 0.4267 2.7624 -0.2463
v 0.4759 2.7624 -0.1275
v 0.5303 2.7008 0.0000
v 0.5122 2.7008 0.1372
v 0.4592 2.7008 0.2651
v 0.3750 2.7008 0.3750
v 0.2651 2.7008 0.4592
v 0.1372 2.7008 0.5122
v 0.0000 2.7008 0.5303
v -0.1372 2.7008 0.5122
v -0.2651 2.7008 0.4592
v -0.3750 2.7008 0.3750
v -0.4592 2.7008 0.2651
v -0.5122 2.7008 0.1372
v -0.5303 2.7008 0.0000
v -0.5122 2.7008 -0.1372
v -0.4592 2.7008 -0.2651
v -0.3750 2.7008 -0.3750
v -0.2651 2.7008 -0.4592
v -0.1372 2.7008 -0.5122
v -0.0000 2.7008 -0.5303
v 0.1372 2.7008 -0.5122
v 0.2651 2.7008 -0.4592
v 0.3750 2.7008 -0.3750
v 0.4592 2.7008 -0.2651
v 0.5122 2.7008 -0.1372
v 0.5601 2.6350 0.0000
v 0.5411 2.6350 0.1450
v 0.4851 2.6350 0.2801
v 0.3961 2.6350 0.3961
v 0.2801 2.6350 0.4851
v 0.1450 2.6350 0.5411
v 0.0000 2.6350 0.5601
v -0.1450 2.6350 0.5411
v -0.2801 2.6350 0.4851
v -0.3961 2.6350 0.3961
v -0.4851 2.6350 0.2801
v -0.5411 2.6350 0.1450
v -0.5601 2.6350 0.0000
v -0.5411 2.6350 -0.1450
v -0.4851 2.6350 -0.2801
v -0.3961 2.6350 -0.3961
v -0.2801 2.6350 -0.4851
v -0.1450 2.6350 -0.5411
v -0.0000 2.6350 -0.5601
v 0.1450 2.6350 -0.5411
v 0.2801 2.6350 -0.4851
v 0.3961 2.6350 -0.3961
v 0.4851 2.6350 -0.2801
v 0.5411 2.6350 -0.1450
v 0.5819 2.5662 0.0000
v 0.5621 2.5662 0.1506
v 0.5040 2.5662 0.2910
v 0.4115 2.5662 0.4115
v 0.2910 2.5662 0.5040
v 0.1506 2.5662 0.5621
v 0.0000 2.5662 0.5819
v -0.1506 2.5662 0.5621
v -0.2910 2.5662 0.5040
v -0.4115 2.5662 0.4115
v -0.5040 2.5662 0.2910
v -0.5621 2.5662 0.1506
v -0.5819 2.5662 0.0000
v -0.5621 2.5662 -0.1506
v -0.5040 2.5662 -0.2910
v -0.4115 2.5662 -0.4115
v -0.2910 2.5662 -0.5040
v -0.1506 2.5662 -0.5621
v -0.0000 2.5662 -0.5819
v 0.1506 2.5662 -0.5621
v 0.2910 2.5662 -0.5040
v 0.4115 2.5662 -0.4115
v 0.5040 2.5662 -0.2910
v 0.5621 2.5662 -0.1506
v 0.5953 2.4952 0.0000
v 0.5750 2.4952 0.1541
v 0.5155 2.4952 0.2976
v 0.4209 2.4952 0.4209
v 0.2976 2.4952 0.5155
v 0.1541 2.4952 0.5750
v 0.0000 2.4952 0.5953
v -0.1541 2.4952 0.5750
v -0.2976 2.4952 0.5155
v -0.4209 2.4952 0.4209
v -0.5155 2.4952 0.2976
v -0.5750 2.4952 0.1541
v -0.5953 2.4952 0.0000
v -0.5750 2.4952 -0.1541
v -0.5155 2.4952 -0.2976
v -0.4209 2.4952 -0.4209
v -0.2976 2.4952 -0.5155
v -0.1541 2.4952 -0.5750
v -0.0000 2.4952 -0.5953
v 0.1541 2.4952 -0.5750
v 0.2976 2.4952 -0.5155
v 0.4209 2.4952 -0.4209
v 0.5155 2.4952 -0.2976
v 0.5750 2.4952 -0.1541
v 0.0000 3.1170 0.1400
v 0.0000 3.1170 0.1400
v 0.0000 3.1170 0.1400
v 0.0000 3.1170 0.1400
v 0.0000 3.1170 0.1400
v 0.0000 3.1170 0.1400
v 0.0000 3.1170 0.1400
v 0.0000 3.1170 0.1400
v 0.0000 3.1170 0.1400
v 0.0000 3.1170 0.1400
v 0.0000 3.1170 0.1400
v 0.0000 3.1170 0.1400
v 0.0000 3.1170 0.1400
v 0.0000 3.1170 0.1400
v 0.0000 3.1170 0.1400
v 0.0000 3.1170 0.1400
v 0.1622 3.0995 0.1400
v 0.1499 3.0995 0.1797
v 0.1147 3.0995 0.2134
v 0.0621 3.0995 0.2359
v 0.0000 3.0995 0.2438
v -0.0621 3.0995 0.2359
v -0.1147 3.0995 0.2134
v -0.1499 3.0995 0.1797
v -0.1622 3.0995 0.1400
v -0.1499 3.0995 0.1003
v -0.1147 3.0995 0.0666
v -0.0621 3.0995 0.0441
v -0.0000 3.0995 0.0362
v 0.0621 3.0995 0.0441
v 0.1147 3.0995 0.0666
v 0.1499 3.0995 0.1003
v 0.3086 3.0488 0.1400
v 0.2851 3.0488 0.2156
v 0.2182 3.0488 0.2797
v 0.1181 3.0488 0.3225
v 0.0000 3.0488 0.3375
v -0.1181 3.0488 0.3225
v -0.2182 3.0488 0.2797
v -0.2851 3.0488 0.2156
v -0.3086 3.0488 0.1400
v -0.2851 3.0488 0.0644
v -0.2182 3.0488 0.0003
v -0.1181 3.0488 -0.0425
v -0.0000 3.0488 -0.0575
v 0.1181 3.0488 -0.0425
v 0.2182 3.0488 0.0003
v 0.2851 3.0488 0.0644
v 0.4247 2.9698 0.1400
v 0.3924 2.9698 0.2440
v 0.3003 2.9698 0.3322
v 0.1625 2.9698 0.3911
v 0.0000 2.9698 0.4118
v -0.1625 2.9698 0.3911
v -0.3003 2.9698 0.3322
v -0.3924 2.9698 0.2440
v -0.4247 2.9698 0.1400
v -0.3924 2.9698 0.0360
v -0.3003 2.9698 -0.0522
v -0.1625 2.9698 -0.1111
v -0.0000 2.9698 -0.1318
v 0.1625 2.9698 -0.1111
v 0.3003 2.9698 -0.0522
v 0.3924 2.9698 0.0360
v 0.4993 2.8703 0.1400
v 0.4613 2.8703 0.2623
v 0.3531 2.8703 0.3660
v 0.1911 2.8703 0.4352
v 0.0000 2.8703 0.4596
v -0.1911 2.8703 0.4352
v -0.3531 2.8703 0.3660
v -0.4613 2.8703 0.2623
v -0.4993 2.8703 0.1400
v -0.4613 2.8703 0.0177
v -0.3531 2.8703 -0.0860
v -0.1911 2.8703 -0.1552
v -0.0000 2.8703 -0.1796
v 0.1911 2.8703 -0.1552
v 0.3531 2.8703 -0.0860
v 0.4613 2.8703 0.0177
v 0.5250 2.7600 0.1400
v 0.4850 2.7600 0.2686
v 0.3712 2.7600 0.3776
v 0.2009 2.7600 0.4504
v 0.0000 2.7600 0.4760
v -0.2009 2.7600 0.4504
v -0.3712 2.7600 0.3776
v -0.4850 2.7600 0.2686
v -0.5250 2.7600 0.1400
v -0.4850 2.7600 0.0114
v -0.3712 2.7600 -0.0976
v -0.2009 2.7600 -0.1704
v -0.0000 2.7600 -0.1960
v 0.2009 2.7600 -0.1704
v 0.3712 2.7600 -0.0976
v 0.4850 2.7600 0.0114
v 0.4993 2.6497 0.1400
v 0.4613 2.6497 0.2623
v 0.3531 2.6497 0.3660
v 0.1911 2.6497 0.4352
v 0.0000 2.6497 0.4596
v -0.1911 2.6497 0.4352
v -0.3531 2.6497 0.3660
v -0.4613 2.6497 0.2623
v -0.4993 2.6497 0.1400
v -0.4613 2.6497 0.0177
v -0.3531 2.6497 -0.0860
v -0.1911 2.6497 -0.1552
v -0.0000 2.6497 -0.1796
v 0.1911 2.6497 -0.1552
v 0.3531 2.6497 -0.0860
v 0.4613 2.6497 0.0177
v 0.4247 2.5502 0.1400
v 0.3924 2.5502 0.2440
v 0.3003 2.5502 0.3322
v 0.1625 2.5502 0.3911
v 0.0000 2.5502 0.4118
v -0.1625 2.5502 0.3911
v -0.3003 2.5502 0.3322
v -0.3924 2.5502 0.2440
v -0.4247 2.5502 0.1400
v -0.3924 2.5502 0.0360
v -0.3003 2.5502 -0.0522
v -0.1625 2.5502 -0.1111
v -0.0000 2.5502 -0.1318
v 0.1625 2.5502 -0.1111
v 0.3003 2.5502 -0.0522
v 0.3924 2.5502 0.0360
v 0.3086 2.4712 0.1400
v 0.2851 2.4712 0.2156
v 0.2182 2.4712 0.2797
v 0.1181 2.4712 0.3225
v 0.0000 2.4712 0.3375
v -0.1181 2.4712 0.3225
v -0.2182 2.4712 0.2797
v -0.2851 2.4712 0.2156
v -0.3086 2.4712 0.1400
v -0.2851 2.4712 0.0644
v -0.2182 2.4712 0.0003
v -0.1181 2.4712 -0.0425
v -0.0000 2.4712 -0.0575
v 0.1181 2.4712 -0.0425
v 0.2182 2.4712 0.0003
v 0.2851 2.4712 0.0644
v 0.1622 2.4205 0.1400
v 0.1499 2.4205 0.1797
v 0.1147 2.4205 0.2134
v 0.0621 2.4205 0.2359
v 0.0000 2.4205 0.2438
v -0.0621 2.4205 0.2359
v -0.1147 2.4205 0.2134
v -0.1499 2.4205 0.1797
v -0.1622 2.4205 0.1400
v -0.1499 2.4205 0.1003
v -0.1147 2.4205 0.0666
v -0.0621 2.4205 0.0441
v -0.0000 2.4205 0.0362
v 0.0621 2.4205 0.0441
v 0.1147 2.4205 0.0666
v 0.1499 2.4205 0.1003
v 0.0000 2.4030 0.1400
v 0.0000 2.4030 0.1400
v 0.0000 2.4030 0.1400
v 0.0000 2.4030 0.1400
v 0.0000 2.4030 0.1400
v -0.0000 2.4030 0.1400
v -0.0000 2.4030 0.1400
v -0.0000 2.4030 0.1400
v -0.0000 2.4030 0.1400
v -0.0000 2.4030 0.1400
v -0.0000 2.4030 0.1400
v -0.0000 2.4030 0.1400
v -0.0000 2.4030 0.1400
v 0.0000 2.4030 0.1400
v 0.0000 2.4030 0.1400
v 0.0000 2.4030 0.1400
v 0.0000 3.0680 -0.1600
v 0.0000 3.0680 -0.1600
v 0.0000 3.0680 -0.1600
v 0.0000 3.0680 -0.1600
v 0.0000 3.0680 -0.1600
v 0.0000 3.0680 -0.1600
v 0.0000 3.0680 -0.1600
v 0.0000 3.0680 -0.1600
v 0.0000 3.0680 -0.1600
v 0.0000 3.0680 -0.1600
v 0.0000 3.0680 -0.1600
v 0.0000 3.0680 -0.1600
v 0.0000 3.0680 -0.1600
v 0.0000 3.0680 -0.1600
v 0.0000 3.0680 -0.1600
v 0.0000 3.0680 -0.1600
v 0.1848 3.0451 -0.1600
v 0.1707 3.0451 -0.1016
v 0.1307 3.0451 -0.0521
v 0.0707 3.0451 -0.0190
v 0.0000 3.0451 -0.0073
v -0.0707 3.0451 -0.0190
v -0.1307 3.0451 -0.0521
v -0.1707 3.0451 -0.1016
v -0.1848 3.0451 -0.1600
v -0.1707 3.0451 -0.2184
v -0.1307 3.0451 -0.2679
v -0.0707 3.0451 -0.3010
v -0.0000 3.0451 -0.3127
v 0.0707 3.0451 -0.3010
v 0.1307 3.0451 -0.2679
v 0.1707 3.0451 -0.2184
v 0.3515 2.9786 -0.1600
v 0.3247 2.9786 -0.0489
v 0.2485 2.9786 0.0453
v 0.1345 2.9786 0.1083
v 0.0000 2.9786 0.1304
v -0.1345 2.9786 0.1083
v -0.2485 2.9786 0.0453
v -0.3247 2.9786 -0.0489
v -0.3515 2.9786 -0.1600
v -0.3247 2.9786 -0.2711
v -0.2485 2.9786 -0.3653
v -0.1345 2.9786 -0.4283
v -0.0000 2.9786 -0.4504
v 0.1345 2.9786 -0.4283
v 0.2485 2.9786 -0.3653
v 0.3247 2.9786 -0.2711
v 0.4838 2.8751 -0.1600
v 0.4470 2.8751 -0.0071
v 0.3421 2.8751 0.1226
v 0.1851 2.8751 0.2092
v 0.0000 2.8751 0.2397
v -0.1851 2.8751 0.2092
v -0.3421 2.8751 0.1226
v -0.4470 2.8751 -0.0071
v -0.4838 2.8751 -0.1600
v -0.4470 2.8751 -0.3129
v -0.3421 2.8751 -0.4426
v -0.1851 2.8751 -0.5292
v -0.0000 2.8751 -0.5597
v 0.1851 2.8751 -0.5292
v 0.3421 2.8751 -0.4426
v 0.4470 2.8751 -0.3129
v 0.5687 2.7446 -0.1600
v 0.5254 2.7446 0.0198
v 0.4022 2.7446 0.1722
v 0.2176 2.7446 0.2741
v 0.0000 2.7446 0.3098
v -0.2176 2.7446 0.2741
v -0.4022 2.7446 0.1722
v -0.5254 2.7446 0.0198
v -0.5687 2.7446 -0.1600
v -0.5254 2.7446 -0.3398
v -0.4022 2.7446 -0.4922
v -0.2176 2.7446 -0.5941
v -0.0000 2.7446 -0.6298
v 0.2176 2.7446 -0.5941
v 0.4022 2.7446 -0.4922
v 0.5254 2.7446 -0.3398
v 0.5980 2.6000 -0.1600
v 0.5525 2.6000 0.0290
v 0.4228 2.6000 0.1893
v 0.2288 2.6000 0.2964
v 0.0000 2.6000 0.3340
v -0.2288 2.6000 0.2964
v -0.4228 2.6000 0.1893
v -0.5525 2.6000 0.0290
v -0.5980 2.6000 -0.1600
v -0.5525 2.6000 -0.3490
v -0.4228 2.6000 -0.5093
v -0.2288 2.6000 -0.6164
v -0.0000 2.6000 -0.6540
v 0.2288 2.6000 -0.6164
v 0.4228 2.6000 -0.5093
v 0.5525 2.6000 -0.3490
v 0.5687 2.4554 -0.1600
v 0.5254 2.4554 0.0198
v 0.4022 2.4554 0.1722
v 0.2176 2.4554 0.2741
v 0.0000 2.4554 0.3098
v -0.2176 2.4554 0.2741
v -0.4022 2.4554 0.1722
v -0.5254 2.4554 0.0198
v -0.5687 2.4554 -0.1600
v -0.5254 2.4554 -0.3398
v -0.4022 2.4554 -0.4922
v -0.2176 2.4554 -0.5941
v -0.0000 2.4554 -0.6298
v 0.2176 2.4554 -0.5941
v 0.4022 2.4554 -0.4922
v 0.5254 2.4554 -0.3398
v 0.4838 2.3249 -0.1600
v 0.4470 2.3249 -0.0071
v 0.3421 2.3249 0.1226
v 0.1851 2.3249 0.2092
v 0.0000 2.3249 0.2397
v -0.1851 2.3249 0.2092
v -0.3421 2.3249 0.1226
v -0.4470 2.3249 -0.0071
v -0.4838 2.3249 -0.1600
v -0.4470 2.3249 -0.3129
v -0.3421 2.3249 -0.4426
v -0.1851 2.3249 -0.5292
v -0.0000 2.3249 -0.5597
v 0.1851 2.3249 -0.5292
v 0.3421 2.3249 -0.4426
v 0.4470 2.3249 -0.3129
v 0.3515 2.2214 -0.1600
v 0.3247 2.2214 -0.0489
v 0.2485 2.2214 0.0453
v 0.1345 2.2214 0.1083
v 0.0000 2.2214 0.1304
v -0.1345 2.2214 0.1083
v -0.2485 2.2214 0.0453
v -0.3247 2.2214 -0.0489
v -0.3515 2.2214 -0.1600
v -0.3247 2.2214 -0.2711
v -0.2485 2.2214 -0.3653
v -0.1345 2.2214 -0.4283
v -0.0000 2.2214 -0.4504
v 0.1345 2.2214 -0.4283
v 0.2485 2.2214 -0.3653
v 0.3247 2.2214 -0.2711
v 0.1848 2.1549 -0.1600
v 0.1707 2.1549 -0.1016
v 0.1307 2.1549 -0.0521
v 0.0707 2.1549 -0.0190
v 0.0000 2.1549 -0.0073
v -0.0707 2.1549 -0.0190
v -0.1307 2.1549 -0.0521
v -0.1707 2.1549 -0.1016
v -0.1848 2.1549 -0.1600
v -0.1707 2.1549 -0.2184
v -0.1307 2.1549 -0.2679
v -0.0707 2.1549 -0.3010
v -0.0000 2.1549 -0.3127
v 0.0707 2.1549 -0.3010
v 0.1307 2.1549 -0.2679
v 0.1707 2.1549 -0.2184
v 0.0000 2.1320 -0.1600
v 0.0000 2.1320 -0.1600
v 0.0000 2.1320 -0.1600
v 0.0000 2.1320 -0.1600
v 0.0000 2.1320 -0.1600
v -0.0000 2.1320 -0.1600
v -0.0000 2.1320 -0.1600
v -0.0000 2.1320 -0.1600
v -0.0000 2.1320 -0.1600
v -0.0000 2.1320 -0.1600
v -0.0000 2.1320 -0.1600
v -0.0000 2.1320 -0.1600
v -0.0000 2.1320 -0.1600
v 0.0000 2.1320 -0.1600
v 0.0000 2.1320 -0.1600
v 0.0000 2.1320 -0.1600
v -0.4400 2.8020 0.0000
v -0.4400 2.8020 0.0000
v -0.4400 2.8020 0.0000
v -0.4400 2.8020 0.0000
v -0.4400 2.8020 0.0000
v -0.4400 2.8020 0.0000
v -0.4400 2.8020 0.0000
v -0.4400 2.8020 0.0000
v -0.4400 2.8020 0.0000
v -0.4400 2.8020 0.0000
v -0.3596 2.7775 0.0000
v -0.3750 2.7775 0.0598
v -0.4152 2.7775 0.0968
v -0.4648 2.7775 0.0968
v -0.5050 2.7775 0.0598
v -0.5204 2.7775 0.0000
v -0.5050 2.7775 -0.0598
v -0.4648 2.7775 -0.0968
v -0.4152 2.7775 -0.0968
v -0.3750 2.7775 -0.0598
v -0.2915 2.7077 0.0000
v -0.3199 2.7077 0.1106
v -0.3941 2.7077 0.1789
v -0.4859 2.7077 0.1789
v -0.5601 2.7077 0.1106
v -0.5885 2.7077 0.0000
v -0.5601 2.7077 -0.1106
v -0.4859 2.7077 -0.1789
v -0.3941 2.7077 -0.1789
v -0.3199 2.7077 -0.1106
v -0.2460 2.6032 0.0000
v -0.2830 2.6032 0.1444
v -0.3800 2.6032 0.2337
v -0.5000 2.6032 0.2337
v -0.5970 2.6032 0.1444
v -0.6340 2.6032 0.0000
v -0.5970 2.6032 -0.1444
v -0.5000 2.6032 -0.2337
v -0.3800 2.6032 -0.2337
v -0.2830 2.6032 -0.1444
v -0.2300 2.4800 0.0000
v -0.2701 2.4800 0.1564
v -0.3751 2.4800 0.2530
v -0.5049 2.4800 0.2530
v -0.6099 2.4800 0.1564
v -0.6500 2.4800 0.0000
v -0.6099 2.4800 -0.1564
v -0.5049 2.4800 -0.2530
v -0.3751 2.4800 -0.2530
v -0.2701 2.4800 -0.1564
v -0.2460 2.3568 0.0000
v -0.2830 2.3568 0.1444
v -0.3800 2.3568 0.2337
v -0.5000 2.3568 0.2337
v -0.5970 2.3568 0.1444
v -0.6340 2.3568 0.0000
v -0.5970 2.3568 -0.1444
v -0.5000 2.3568 -0.2337
v -0.3800 2.3568 -0.2337
v -0.2830 2.3568 -0.1444
v -0.2915 2.2523 0.0000
v -0.3199 2.2523 0.1106
v -0.3941 2.2523 0.1789
v -0.4859 2.2523 0.1789
v -0.5601 2.2523 0.1106
v -0.5885 2.2523 0.0000
v -0.5601 2.2523 -0.1106
v -0.4859 2.2523 -0.1789
v -0.3941 2.2523 -0.1789
v -0.3199 2.2523 -0.1106
v -0.3596 2.1825 0.0000
v -0.3750 2.1825 0.0598
v -0.4152 2.1825 0.0968
v -0.4648 2.1825 0.0968
v -0.5050 2.1825 0.0598
v -0.5204 2.1825 0.0000
v -0.5050 2.1825 -0.0598
v -0.4648 2.1825 -0.0968
v -0.4152 2.1825 -0.0968
v -0.3750 2.1825 -0.0598
v -0.4400 2.1580 0.0000
v -0.4400 2.1580 0.0000
v -0.4400 2.1580 0.0000
v -0.4400 2.1580 0.0000
v -0.4400 2.1580 0.0000
v -0.4400 2.1580 0.0000
v -0.4400 2.1580 -0.0000
v -0.4400 2.1580 -0.0000
v -0.4400 2.1580 -0.0000
v -0.4400 2.1580 -0.0000
v 0.4400 2.8020 0.0000
v 0.4400 2.8020 0.0000
v 0.4400 2.8020 0.0000
v 0.4400 2.8020 0.0000
v 0.4400 2.8020 0.0000
v 0.4400 2.8020 0.0000
v 0.4400 2.8020 0.0000
v 0.4400 2.8020 0.0000
v 0.4400 2.8020 0.0000
v 0.4400 2.8020 0.0000
v 0.5204 2.7775 0.0000
v 0.5050 2.7775 0.0598
v 0.4648 2.7775 0.0968
v 0.4152 2.7775 0.0968
v 0.3750 2.7775 0.0598
v 0.3596 2.7775 0.0000
v 0.3750 2.7775 -0.0598
v 0.4152 2.7775 -0.0968
v 0.4648 2.7775 -0.0968
v 0.5050 2.7775 -0.0598
v 0.5885 2.7077 0.0000
v 0.5601 2.7077 0.1106
v 0.4859 2.7077 0.1789
v 0.3941 2.7077 0.1789
v 0.3199 2.7077 0.1106
v 0.2915 2.7077 0.0000
v 0.3199 2.7077 -0.1106
v 0.3941 2.7077 -0.1789
v 0.4859 2.7077 -0.1789
v 0.5601 2.7077 -0.1106
v 0.6340 2.6032 0.0000
v 0.5970 2.6032 0.1444
v 0.5000 2.6032 0.2337
v 0.3800 2.6032 0.2337
v 0.2830 2.6032 0.1444
v 0.2460 2.6032 0.0000
v 0.2830 2.6032 -0.1444
v 0.3800 2.6032 -0.2337
v 0.5000 2.6032 -0.2337
v 0.5970 2.6032 -0.1444
v 0.6500 2.4800 0.0000
v 0.6099 2.4800 0.1564
v 0.5049 2.4800 0.2530
v 0.3751 2.4800 0.2530
v 0.2701 2.4800 0.1564
v 0.2300 2.4800 0.0000
v 0.2701 2.4800 -0.1564
v 0.3751 2.4800 -0.2530
v 0.5049 2.4800 -0.2530
v 0.6099 2.4800 -0.1564
v 0.6340 2.3568 0.0000
v 0.5970 2.3568 0.1444
v 0.5000 2.3568 0.2337
v 0.3800 2.3568 0.2337
v 0.2830 2.3568 0.1444
v 0.2460 2.3568 0.0000
v 0.2830 2.3568 -0.1444
v 0.3800 2.3568 -0.2337
v 0.5000 2.3568 -0.2337
v 0.5970 2.3568 -0.1444
v 0.5885 2.2523 0.0000
v 0.5601 2.2523 0.1106
v 0.4859 2.2523 0.1789
v 0.3941 2.2523 0.1789
v 0.3199 2.2523 0.1106
v 0.2915 2.2523 0.0000
v 0.3199 2.2523 -0.1106
v 0.3941 2.2523 -0.1789
v 0.4859 2.2523 -0.1789
v 0.5601 2.2523 -0.1106
v 0.5204 2.1825 0.0000
v 0.5050 2.1825 0.0598
v 0.4648 2.1825 0.0968
v 0.4152 2.1825 0.0968
v 0.3750 2.1825 0.0598
v 0.3596 2.1825 0.0000
v 0.3750 2.1825 -0.0598
v 0.4152 2.1825 -0.0968
v 0.4648 2.1825 -0.0968
v 0.5050 2.1825 -0.0598
v 0.4400 2.1580 0.0000
v 0.4400 2.1580 0.0000
v 0.4400 2.1580 0.0000
v 0.4400 2.1580 0.0000
v 0.4400 2.1580 0.0000
v 0.4400 2.1580 0.0000
v 0.4400 2.1580 -0.0000
v 0.4400 2.1580 -0.0000
v 0.4400 2.1580 -0.0000
v 0.4400 2.1580 -0.0000
v 0.0000 2.8630 -0.3600
v 0.0000 2.8630 -0.3600
v 0.0000 2.8630 -0.3600
v 0.0000 2.8630 -0.3600
v 0.0000 2.8630 -0.3600
v 0.0000 2.8630 -0.3600
v 0.0000 2.8630 -0.3600
v 0.0000 2.8630 -0.3600
v 0.0000 2.8630 -0.3600
v 0.0000 2.8630 -0.3600
v 0.0000 2.8630 -0.3600
v 0.0000 2.8630 -0.3600
v 0.0000 2.8630 -0.3600
v 0.0000 2.8630 -0.3600
v 0.1421 2.8394 -0.3600
v 0.1281 2.8394 -0.3076
v 0.0886 2.8394 -0.2655
v 0.0316 2.8394 -0.2422
v -0.0316 2.8394 -0.2422
v -0.0886 2.8394 -0.2655
v -0.1281 2.8394 -0.3076
v -0.1421 2.8394 -0.3600
v -0.1281 2.8394 -0.4124
v -0.0886 2.8394 -0.4545
v -0.0316 2.8394 -0.4778
v 0.0316 2.8394 -0.4778
v 0.0886 2.8394 -0.4545
v 0.1281 2.8394 -0.4124
v 0.2704 2.7708 -0.3600
v 0.2436 2.7708 -0.2603
v 0.1686 2.7708 -0.1803
v 0.0602 2.7708 -0.1359
v -0.0602 2.7708 -0.1359
v -0.1686 2.7708 -0.1803
v -0.2436 2.7708 -0.2603
v -0.2704 2.7708 -0.3600
v -0.2436 2.7708 -0.4597
v -0.1686 2.7708 -0.5397
v -0.0602 2.7708 -0.5841
v 0.0602 2.7708 -0.5841
v 0.1686 2.7708 -0.5397
v 0.2436 2.7708 -0.4597
v 0.3721 2.6639 -0.3600
v 0.3353 2.6639 -0.2228
v 0.2320 2.6639 -0.1127
v 0.0828 2.6639 -0.0516
v -0.0828 2.6639 -0.0516
v -0.2320 2.6639 -0.1127
v -0.3353 2.6639 -0.2228
v -0.3721 2.6639 -0.3600
v -0.3353 2.6639 -0.4972
v -0.2320 2.6639 -0.6073
v -0.0828 2.6639 -0.6684
v 0.0828 2.6639 -0.6684
v 0.2320 2.6639 -0.6073
v 0.3353 2.6639 -0.4972
v 0.4375 2.5293 -0.3600
v 0.3942 2.5293 -0.1987
v 0.2728 2.5293 -0.0693
v 0.0973 2.5293 0.0025
v -0.0973 2.5293 0.0025
v -0.2728 2.5293 -0.0693
v -0.3942 2.5293 -0.1987
v -0.4375 2.5293 -0.3600
v -0.3942 2.5293 -0.5213
v -0.2728 2.5293 -0.6507
v -0.0973 2.5293 -0.7225
v 0.0973 2.5293 -0.7225
v 0.2728 2.5293 -0.6507
v 0.3942 2.5293 -0.5213
v 0.4600 2.3800 -0.3600
v 0.4144 2.3800 -0.1904
v 0.2868 2.3800 -0.0543
v 0.1024 2.3800 0.0212
v -0.1024 2.3800 0.0212
v -0.2868 2.3800 -0.0543
v -0.4144 2.3800 -0.1904
v -0.4600 2.3800 -0.3600
v -0.4144 2.3800 -0.5296
v -0.2868 2.3800 -0.6657
v -0.1024 2.3800 -0.7412
v 0.1024 2.3800 -0.7412
v 0.2868 2.3800 -0.6657
v 0.4144 2.3800 -0.5296
v 0.4375 2.2307 -0.3600
v 0.3942 2.2307 -0.1987
v 0.2728 2.2307 -0.0693
v 0.0973 2.2307 0.0025
v -0.0973 2.2307 0.0025
v -0.2728 2.2307 -0.0693
v -0.3942 2.2307 -0.1987
v -0.4375 2.2307 -0.3600
v -0.3942 2.2307 -0.5213
v -0.2728 2.2307 -0.6507
v -0.0973 2.2307 -0.7225
v 0.0973 2.2307 -0.7225
v 0.2728 2.2307 -0.6507
v 0.3942 2.2307 -0.5213
v 0.3721 2.0961 -0.3600
v 0.3353 2.0961 -0.2228
v 0.2320 2.0961 -0.1127
v 0.0828 2.0961 -0.0516
v -0.0828 2.0961 -0.0516
v -0.2320 2.0961 -0.1127
v -0.3353 2.0961 -0.2228
v -0.3721 2.0961 -0.3600
v -0.3353 2.0961 -0.4972
v -0.2320 2.0961 -0.6073
v -0.0828 2.0961 -0.6684
v 0.0828 2.0961 -0.6684
v 0.2320 2.0961 -0.6073
v 0.3353 2.0961 -0.4972
v 0.2704 1.9892 -0.3600
v 0.2436 1.9892 -0.2603
v 0.1686 1.9892 -0.1803
v 0.0602 1.9892 -0.1359
v -0.0602 1.9892 -0.1359
v -0.1686 1.9892 -0.1803
v -0.2436 1.9892 -0.2603
v -0.2704 1.9892 -0.3600
v -0.2436 1.9892 -0.4597
v -0.1686 1.9892 -0.5397
v -0.0602 1.9892 -0.5841
v 0.0602 1.9892 -0.5841
v 0.1686 1.9892 -0.5397
v 0.2436 1.9892 -0.4597
v 0.1421 1.9206 -0.3600
v 0.1281 1.9206 -0.3076
v 0.0886 1.9206 -0.2655
v 0.0316 1.9206 -0.2422
v -0.0316 1.9206 -0.2422
v -0.0886 1.9206 -0.2655
v -0.1281 1.9206 -0.3076
v -0.1421 1.9206 -0.3600
v -0.1281 1.9206 -0.4124
v -0.0886 1.9206 -0.4545
v -0.0316 1.9206 -0.4778
v 0.0316 1.9206 -0.4778
v 0.0886 1.9206 -0.4545
v 0.1281 1.9206 -0.4124
v 0.0000 1.8970 -0.3600
v 0.0000 1.8970 -0.3600
v 0.0000 1.8970 -0.3600
v 0.0000 1.8970 -0.3600
v -0.0000 1.8970 -0.3600
v -0.0000 1.8970 -0.3600
v -0.0000 1.8970 -0.3600
v -0.0000 1.8970 -0.3600
v -0.0000 1.8970 -0.3600
v -0.0000 1.8970 -0.3600
v -0.0000 1.8970 -0.3600
v 0.0000 1.8970 -0.3600
v 0.0000 1.8970 -0.3600
v 0.0000 1.8970 -0.3600
v 0.0000 2.8200 -0.4200
v 0.0000 2.8200 -0.4200
v 0.0000 2.8200 -0.4200
v 0.0000 2.8200 -0.4200
v 0.0000 2.8200 -0.4200
v 0.0000 2.8200 -0.4200
v 0.0000 2.8200 -0.4200
v 0.0000 2.8200 -0.4200
v 0.0000 2.8200 -0.4200
v 0.0000 2.8200 -0.4200
v 0.0000 2.8200 -0.4200
v 0.0000 2.8200 -0.4200
v 0.0918 2.8017 -0.4200
v 0.0795 2.8017 -0.3741
v 0.0459 2.8017 -0.3405
v 0.0000 2.8017 -0.3282
v -0.0459 2.8017 -0.3405
v -0.0795 2.8017 -0.3741
v -0.0918 2.8017 -0.4200
v -0.0795 2.8017 -0.4659
v -0.0459 2.8017 -0.4995
v -0.0000 2.8017 -0.5118
v 0.0459 2.8017 -0.4995
v 0.0795 2.8017 -0.4659
v 0.1697 2.7497 -0.4200
v 0.1470 2.7497 -0.3351
v 0.0849 2.7497 -0.2730
v 0.0000 2.7497 -0.2503
v -0.0849 2.7497 -0.2730
v -0.1470 2.7497 -0.3351
v -0.1697 2.7497 -0.4200
v -0.1470 2.7497 -0.5049
v -0.0849 2.7497 -0.5670
v -0.0000 2.7497 -0.5897
v 0.0849 2.7497 -0.5670
v 0.1470 2.7497 -0.5049
v 0.2217 2.6718 -0.4200
v 0.1920 2.6718 -0.3091
v 0.1109 2.6718 -0.2280
v 0.0000 2.6718 -0.1983
v -0.1109 2.6718 -0.2280
v -0.1920 2.6718 -0.3091
v -0.2217 2.6718 -0.4200
v -0.1920 2.6718 -0.5309
v -0.1109 2.6718 -0.6120
v -0.0000 2.6718 -0.6417
v 0.1109 2.6718 -0.6120
v 0.1920 2.6718 -0.5309
v 0.2400 2.5800 -0.4200
v 0.2078 2.5800 -0.3000
v 0.1200 2.5800 -0.2122
v 0.0000 2.5800 -0.1800
v -0.1200 2.5800 -0.2122
v -0.2078 2.5800 -0.3000
v -0.2400 2.5800 -0.4200
v -0.2078 2.5800 -0.5400
v -0.1200 2.5800 -0.6278
v -0.0000 2.5800 -0.6600
v 0.1200 2.5800 -0.6278
v 0.2078 2.5800 -0.5400
v 0.2217 2.4882 -0.4200
v 0.1920 2.4882 -0.3091
v 0.1109 2.4882 -0.2280
v 0.0000 2.4882 -0.1983
v -0.1109 2.4882 -0.2280
v -0.1920 2.4882 -0.3091
v -0.2217 2.4882 -0.4200
v -0.1920 2.4882 -0.5309
v -0.1109 2.4882 -0.6120
v -0.0000 2.4882 -0.6417
v 0.1109 2.4882 -0.6120
v 0.1920 2.4882 -0.5309
v 0.1697 2.4103 -0.4200
v 0.1470 2.4103 -0.3351
v 0.0849 2.4103 -0.2730
v 0.0000 2.4103 -0.2503
v -0.0849 2.4103 -0.2730
v -0.1470 2.4103 -0.3351
v -0.1697 2.4103 -0.4200
v -0.1470 2.4103 -0.5049
v -0.0849 2.4103 -0.5670
v -0.0000 2.4103 -0.5897
v 0.0849 2.4103 -0.5670
v 0.1470 2.4103 -0.5049
v 0.0918 2.3583 -0.4200
v 0.0795 2.3583 -0.3741
v 0.0459 2.3583 -0.3405
v 0.0000 2.3583 -0.3282
v -0.0459 2.3583 -0.3405
v -0.0795 2.3583 -0.3741
v -0.0918 2.3583 -0.4200
v -0.0795 2.3583 -0.4659
v -0.0459 2.3583 -0.4995
v -0.0000 2.3583 -0.5118
v 0.0459 2.3583 -0.4995
v 0.0795 2.3583 -0.4659
v 0.0000 2.3400 -0.4200
v 0.0000 2.3400 -0.4200
v 0.0000 2.3400 -0.4200
v 0.0000 2.3400 -0.4200
v -0.0000 2.3400 -0.4200
v -0.0000 2.3400 -0.4200
v -0.0000 2.3400 -0.4200
v -0.0000 2.3400 -0.4200
v -0.0000 2.3400 -0.4200
v -0.0000 2.3400 -0.4200
v 0.0000 2.3400 -0.4200
v 0.0000 2.3400 -0.4200
usemtl base_dark
f 1 25 26
f 26 25 1
f 1 26 2
f 2 26 1
f 2 26 27
f 27 26 2
f 2 27 3
f 3 27 2
f 3 27 28
f 28 27 3
f 3 28 4
f 4 28 3
f 4 28 29
f 29 28 4
f 4 29 5
f 5 29 4
f 5 29 30
f 30 29 5
f 5 30 6
f 6 30 5
f 6 30 31
f 31 30 6
f 6 31 7
f 7 31 6
f 7 31 32
f 32 31 7
f 7 32 8
f 8 32 7
f 8 32 33
f 33 32 8
f 8 33 9
f 9 33 8
f 9 33 34
f 34 33 9
f 9 34 10
f 10 34 9
f 10 34 35
f 35 34 10
f 10 35 11
f 11 35 10
f 11 35 36
f 36 35 11
f 11 36 12
f 12 36 11
f 12 36 37
f 37 36 12
f 12 37 13
f 13 37 12
f 13 37 38
f 38 37 13
f 13 38 14
f 14 38 13
f 14 38 39
f 39 38 14
f 14 39 15
f 15 39 14
f 15 39 40
f 40 39 15
f 15 40 16
f 16 40 15
f 16 40 41
f 41 40 16
f 16 41 17
f 17 41 16
f 17 41 42
f 42 41 17
f 17 42 18
f 18 42 17
f 18 42 43
f 43 42 18
f 18 43 19
f 19 43 18
f 19 43 44
f 44 43 19
f 19 44 20
f 20 44 19
f 20 44 45
f 45 44 20
f 20 45 21
f 21 45 20
f 21 45 46
f 46 45 21
f 21 46 22
f 22 46 21
f 22 46 47
f 47 46 22
f 22 47 23
f 23 47 22
f 23 47 48
f 48 47 23
f 23 48 24
f 24 48 23
f 24 48 25
f 25 48 24
f 24 25 1
f 1 25 24
f 49 2 1
f 1 2 49
f 49 3 2
f 2 3 49
f 49 4 3
f 3 4 49
f 49 5 4
f 4 5 49
f 49 6 5
f 5 6 49
f 49 7 6
f 6 7 49
f 49 8 7
f 7 8 49
f 49 9 8
f 8 9 49
f 49 10 9
f 9 10 49
f 49 11 10
f 10 11 49
f 49 12 11
f 11 12 49
f 49 13 12
f 12 13 49
f 49 14 13
f 13 14 49
f 49 15 14
f 14 15 49
f 49 16 15
f 15 16 49
f 49 17 16
f 16 17 49
f 49 18 17
f 17 18 49
f 49 19 18
f 18 19 49
f 49 20 19
f 19 20 49
f 49 21 20
f 20 21 49
f 49 22 21
f 21 22 49
f 49 23 22
f 22 23 49
f 49 24 23
f 23 24 49
f 49 1 24
f 24 1 49
f 50 25 26
f 26 25 50
f 50 26 27
f 27 26 50
f 50 27 28
f 28 27 50
f 50 28 29
f 29 28 50
f 50 29 30
f 30 29 50
f 50 30 31
f 31 30 50
f 50 31 32
f 32 31 50
f 50 32 33
f 33 32 50
f 50 33 34
f 34 33 50
f 50 34 35
f 35 34 50
f 50 35 36
f 36 35 50
f 50 36 37
f 37 36 50
f 50 37 38
f 38 37 50
f 50 38 39
f 39 38 50
f 50 39 40
f 40 39 50
f 50 40 41
f 41 40 50
f 50 41 42
f 42 41 50
f 50 42 43
f 43 42 50
f 50 43 44
f 44 43 50
f 50 44 45
f 45 44 50
f 50 45 46
f 46 45 50
f 50 46 47
f 47 46 50
f 50 47 48
f 48 47 50
f 50 48 25
f 25 48 50
usemtl dress
f 51 77 78
f 78 77 51
f 51 78 52
f 52 78 51
f 52 78 79
f 79 78 52
f 52 79 53
f 53 79 52
f 53 79 80
f 80 79 53
f 53 80 54
f 54 80 53
f 54 80 81
f 81 80 54
f 54 81 55
f 55 81 54
f 55 81 82
f 82 81 55
f 55 82 56
f 56 82 55
f 56 82 83
f 83 82 56
f 56 83 57
f 57 83 56
f 57 83 84
f 84 83 57
f 57 84 58
f 58 84 57
f 58 84 85
f 85 84 58
f 58 85 59
f 59 85 58
f 59 85 86
f 86 85 59
f 59 86 60
f 60 86 59
f 60 86 87
f 87 86 60
f 60 87 61
f 61 87 60
f 61 87 88
f 88 87 61
f 61 88 62
f 62 88 61
f 62 88 89
f 89 88 62
f 62 89 63
f 63 89 62
f 63 89 90
f 90 89 63
f 63 90 64
f 64 90 63
f 64 90 91
f 91 90 64
f 64 91 65
f 65 91 64
f 65 91 92
f 92 91 65
f 65 92 66
f 66 92 65
f 66 92 93
f 93 92 66
f 66 93 67
f 67 93 66
f 67 93 94
f 94 93 67
f 67 94 68
f 68 94 67
f 68 94 95
f 95 94 68
f 68 95 69
f 69 95 68
f 69 95 96
f 96 95 69
f 69 96 70
f 70 96 69
f 70 96 97
f 97 96 70
f 70 97 71
f 71 97 70
f 71 97 98
f 98 97 71
f 71 98 72
f 72 98 71
f 72 98 99
f 99 98 72
f 72 99 73
f 73 99 72
f 73 99 100
f 100 99 73
f 73 100 74
f 74 100 73
f 74 100 101
f 101 100 74
f 74 101 75
f 75 101 74
f 75 101 102
f 102 101 75
f 75 102 76
f 76 102 75
f 76 102 77
f 77 102 76
f 76 77 51
f 51 77 76
f 77 103 104
f 104 103 77
f 77 104 78
f 78 104 77
f 78 104 105
f 105 104 78
f 78 105 79
f 79 105 78
f 79 105 106
f 106 105 79
f 79 106 80
f 80 106 79
f 80 106 107
f 107 106 80
f 80 107 81
f 81 107 80
f 81 107 108
f 108 107 81
f 81 108 82
f 82 108 81
f 82 108 109
f 109 108 82
f 82 109 83
f 83 109 82
f 83 109 110
f 110 109 83
f 83 110 84
f 84 110 83
f 84 110 111
f 111 110 84
f 84 111 85
f 85 111 84
f 85 111 112
f 112 111 85
f 85 112 86
f 86 112 85
f 86 112 113
f 113 112 86
f 86 113 87
f 87 113 86
f 87 113 114
f 114 113 87
f 87 114 88
f 88 114 87
f 88 114 115
f 115 114 88
f 88 115 89
f 89 115 88
f 89 115 116
f 116 115 89
f 89 116 90
f 90 116 89
f 90 116 117
f 117 116 90
f 90 117 91
f 91 117 90
f 91 117 118
f 118 117 91
f 91 118 92
f 92 118 91
f 92 118 119
f 119 118 92
f 92 119 93
f 93 119 92
f 93 119 120
f 120 119 93
f 93 120 94
f 94 120 93
f 94 120 121
f 121 120 94
f 94 121 95
f 95 121 94
f 95 121 122
f 122 121 95
f 95 122 96
f 96 122 95
f 96 122 123
f 123 122 96
f 96 123 97
f 97 123 96
f 97 123 124
f 124 123 97
f 97 124 98
f 98 124 97
f 98 124 125
f 125 124 98
f 98 125 99
f 99 125 98
f 99 125 126
f 126 125 99
f 99 126 100
f 100 126 99
f 100 126 127
f 127 126 100
f 100 127 101
f 101 127 100
f 101 127 128
f 128 127 101
f 101 128 102
f 102 128 101
f 102 128 103
f 103 128 102
f 102 103 77
f 77 103 102
f 103 129 130
f 130 129 103
f 103 130 104
f 104 130 103
f 104 130 131
f 131 130 104
f 104 131 105
f 105 131 104
f 105 131 132
f 132 131 105
f 105 132 106
f 106 132 105
f 106 132 133
f 133 132 106
f 106 133 107
f 107 133 106
f 107 133 134
f 134 133 107
f 107 134 108
f 108 134 107
f 108 134 135
f 135 134 108
f 108 135 109
f 109 135 108
f 109 135 136
f 136 135 109
f 109 136 110
f 110 136 109
f 110 136 137
f 137 136 110
f 110 137 111
f 111 137 110
f 111 137 138
f 138 137 111
f 111 138 112
f 112 138 111
f 112 138 139
f 139 138 112
f 112 139 113
f 113 139 112
f 113 139 140
f 140 139 113
f 113 140 114
f 114 140 113
f 114 140 141
f 141 140 114
f 114 141 115
f 115 141 114
f 115 141 142
f 142 141 115
f 115 142 116
f 116 142 115
f 116 142 143
f 143 142 116
f 116 143 117
f 117 143 116
f 117 143 144
f 144 143 117
f 117 144 118
f 118 144 117
f 118 144 145
f 145 144 118
f 118 145 119
f 119 145 118
f 119 145 146
f 146 145 119
f 119 146 120
f 120 146 119
f 120 146 147
f 147 146 120
f 120 147 121
f 121 147 120
f 121 147 148
f 148 147 121
f 121 148 122
f 122 148 121
f 122 148 149
f 149 148 122
f 122 149 123
f 123 149 122
f 123 149 150
f 150 149 123
f 123 150 124
f 124 150 123
f 124 150 151
f 151 150 124
f 124 151 125
f 125 151 124
f 125 151 152
f 152 151 125
f 125 152 126
f 126 152 125
f 126 152 153
f 153 152 126
f 126 153 127
f 127 153 126
f 127 153 154
f 154 153 127
f 127 154 128
f 128 154 127
f 128 154 129
f 129 154 128
f 128 129 103
f 103 129 128
f 155 52 51
f 51 52 155
f 155 53 52
f 52 53 155
f 155 54 53
f 53 54 155
f 155 55 54
f 54 55 155
f 155 56 55
f 55 56 155
f 155 57 56
f 56 57 155
f 155 58 57
f 57 58 155
f 155 59 58
f 58 59 155
f 155 60 59
f 59 60 155
f 155 61 60
f 60 61 155
f 155 62 61
f 61 62 155
f 155 63 62
f 62 63 155
f 155 64 63
f 63 64 155
f 155 65 64
f 64 65 155
f 155 66 65
f 65 66 155
f 155 67 66
f 66 67 155
f 155 68 67
f 67 68 155
f 155 69 68
f 68 69 155
f 155 70 69
f 69 70 155
f 155 71 70
f 70 71 155
f 155 72 71
f 71 72 155
f 155 73 72
f 72 73 155
f 155 74 73
f 73 74 155
f 155 75 74
f 74 75 155
f 155 76 75
f 75 76 155
f 155 51 76
f 76 51 155
f 156 129 130
f 130 129 156
f 156 130 131
f 131 130 156
f 156 131 132
f 132 131 156
f 156 132 133
f 133 132 156
f 156 133 134
f 134 133 156
f 156 134 135
f 135 134 156
f 156 135 136
f 136 135 156
f 156 136 137
f 137 136 156
f 156 137 138
f 138 137 156
f 156 138 139
f 139 138 156
f 156 139 140
f 140 139 156
f 156 140 141
f 141 140 156
f 156 141 142
f 142 141 156
f 156 142 143
f 143 142 156
f 156 143 144
f 144 143 156
f 156 144 145
f 145 144 156
f 156 145 146
f 146 145 156
f 156 146 147
f 147 146 156
f 156 147 148
f 148 147 156
f 156 148 149
f 149 148 156
f 156 149 150
f 150 149 156
f 156 150 151
f 151 150 156
f 156 151 152
f 152 151 156
f 156 152 153
f 153 152 156
f 156 153 154
f 154 153 156
f 156 154 129
f 129 154 156
f 157 179 180
f 180 179 157
f 157 180 158
f 158 180 157
f 158 180 181
f 181 180 158
f 158 181 159
f 159 181 158
f 159 181 182
f 182 181 159
f 159 182 160
f 160 182 159
f 160 182 183
f 183 182 160
f 160 183 161
f 161 183 160
f 161 183 184
f 184 183 161
f 161 184 162
f 162 184 161
f 162 184 185
f 185 184 162
f 162 185 163
f 163 185 162
f 163 185 186
f 186 185 163
f 163 186 164
f 164 186 163
f 164 186 187
f 187 186 164
f 164 187 165
f 165 187 164
f 165 187 188
f 188 187 165
f 165 188 166
f 166 188 165
f 166 188 189
f 189 188 166
f 166 189 167
f 167 189 166
f 167 189 190
f 190 189 167
f 167 190 168
f 168 190 167
f 168 190 191
f 191 190 168
f 168 191 169
f 169 191 168
f 169 191 192
f 192 191 169
f 169 192 170
f 170 192 169
f 170 192 193
f 193 192 170
f 170 193 171
f 171 193 170
f 171 193 194
f 194 193 171
f 171 194 172
f 172 194 171
f 172 194 195
f 195 194 172
f 172 195 173
f 173 195 172
f 173 195 196
f 196 195 173
f 173 196 174
f 174 196 173
f 174 196 197
f 197 196 174
f 174 197 175
f 175 197 174
f 175 197 198
f 198 197 175
f 175 198 176
f 176 198 175
f 176 198 199
f 199 198 176
f 176 199 177
f 177 199 176
f 177 199 200
f 200 199 177
f 177 200 178
f 178 200 177
f 178 200 179
f 179 200 178
f 178 179 157
f 157 179 178
f 179 201 202
f 202 201 179
f 179 202 180
f 180 202 179
f 180 202 203
f 203 202 180
f 180 203 181
f 181 203 180
f 181 203 204
f 204 203 181
f 181 204 182
f 182 204 181
f 182 204 205
f 205 204 182
f 182 205 183
f 183 205 182
f 183 205 206
f 206 205 183
f 183 206 184
f 184 206 183
f 184 206 207
f 207 206 184
f 184 207 185
f 185 207 184
f 185 207 208
f 208 207 185
f 185 208 186
f 186 208 185
f 186 208 209
f 209 208 186
f 186 209 187
f 187 209 186
f 187 209 210
f 210 209 187
f 187 210 188
f 188 210 187
f 188 210 211
f 211 210 188
f 188 211 189
f 189 211 188
f 189 211 212
f 212 211 189
f 189 212 190
f 190 212 189
f 190 212 213
f 213 212 190
f 190 213 191
f 191 213 190
f 191 213 214
f 214 213 191
f 191 214 192
f 192 214 191
f 192 214 215
f 215 214 192
f 192 215 193
f 193 215 192
f 193 215 216
f 216 215 193
f 193 216 194
f 194 216 193
f 194 216 217
f 217 216 194
f 194 217 195
f 195 217 194
f 195 217 218
f 218 217 195
f 195 218 196
f 196 218 195
f 196 218 219
f 219 218 196
f 196 219 197
f 197 219 196
f 197 219 220
f 220 219 197
f 197 220 198
f 198 220 197
f 198 220 221
f 221 220 198
f 198 221 199
f 199 221 198
f 199 221 222
f 222 221 199
f 199 222 200
f 200 222 199
f 200 222 201
f 201 222 200
f 200 201 179
f 179 201 200
f 201 223 224
f 224 223 201
f 201 224 202
f 202 224 201
f 202 224 225
f 225 224 202
f 202 225 203
f 203 225 202
f 203 225 226
f 226 225 203
f 203 226 204
f 204 226 203
f 204 226 227
f 227 226 204
f 204 227 205
f 205 227 204
f 205 227 228
f 228 227 205
f 205 228 206
f 206 228 205
f 206 228 229
f 229 228 206
f 206 229 207
f 207 229 206
f 207 229 230
f 230 229 207
f 207 230 208
f 208 230 207
f 208 230 231
f 231 230 208
f 208 231 209
f 209 231 208
f 209 231 232
f 232 231 209
f 209 232 210
f 210 232 209
f 210 232 233
f 233 232 210
f 210 233 211
f 211 233 210
f 211 233 234
f 234 233 211
f 211 234 212
f 212 234 211
f 212 234 235
f 235 234 212
f 212 235 213
f 213 235 212
f 213 235 236
f 236 235 213
f 213 236 214
f 214 236 213
f 214 236 237
f 237 236 214
f 214 237 215
f 215 237 214
f 215 237 238
f 238 237 215
f 215 238 216
f 216 238 215
f 216 238 239
f 239 238 216
f 216 239 217
f 217 239 216
f 217 239 240
f 240 239 217
f 217 240 218
f 218 240 217
f 218 240 241
f 241 240 218
f 218 241 219
f 219 241 218
f 219 241 242
f 242 241 219
f 219 242 220
f 220 242 219
f 220 242 243
f 243 242 220
f 220 243 221
f 221 243 220
f 221 243 244
f 244 243 221
f 221 244 222
f 222 244 221
f 222 244 223
f 223 244 222
f 222 223 201
f 201 223 222
f 223 245 246
f 246 245 223
f 223 246 224
f 224 246 223
f 224 246 247
f 247 246 224
f 224 247 225
f 225 247 224
f 225 247 248
f 248 247 225
f 225 248 226
f 226 248 225
f 226 248 249
f 249 248 226
f 226 249 227
f 227 249 226
f 227 249 250
f 250 249 227
f 227 250 228
f 228 250 227
f 228 250 251
f 251 250 228
f 228 251 229
f 229 251 228
f 229 251 252
f 252 251 229
f 229 252 230
f 230 252 229
f 230 252 253
f 253 252 230
f 230 253 231
f 231 253 230
f 231 253 254
f 254 253 231
f 231 254 232
f 232 254 231
f 232 254 255
f 255 254 232
f 232 255 233
f 233 255 232
f 233 255 256
f 256 255 233
f 233 256 234
f 234 256 233
f 234 256 257
f 257 256 234
f 234 257 235
f 235 257 234
f 235 257 258
f 258 257 235
f 235 258 236
f 236 258 235
f 236 258 259
f 259 258 236
f 236 259 237
f 237 259 236
f 237 259 260
f 260 259 237
f 237 260 238
f 238 260 237
f 238 260 261
f 261 260 238
f 238 261 239
f 239 261 238
f 239 261 262
f 262 261 239
f 239 262 240
f 240 262 239
f 240 262 263
f 263 262 240
f 240 263 241
f 241 263 240
f 241 263 264
f 264 263 241
f 241 264 242
f 242 264 241
f 242 264 265
f 265 264 242
f 242 265 243
f 243 265 242
f 243 265 266
f 266 265 243
f 243 266 244
f 244 266 243
f 244 266 245
f 245 266 244
f 244 245 223
f 223 245 244
f 245 267 268
f 268 267 245
f 245 268 246
f 246 268 245
f 246 268 269
f 269 268 246
f 246 269 247
f 247 269 246
f 247 269 270
f 270 269 247
f 247 270 248
f 248 270 247
f 248 270 271
f 271 270 248
f 248 271 249
f 249 271 248
f 249 271 272
f 272 271 249
f 249 272 250
f 250 272 249
f 250 272 273
f 273 272 250
f 250 273 251
f 251 273 250
f 251 273 274
f 274 273 251
f 251 274 252
f 252 274 251
f 252 274 275
f 275 274 252
f 252 275 253
f 253 275 252
f 253 275 276
f 276 275 253
f 253 276 254
f 254 276 253
f 254 276 277
f 277 276 254
f 254 277 255
f 255 277 254
f 255 277 278
f 278 277 255
f 255 278 256
f 256 278 255
f 256 278 279
f 279 278 256
f 256 279 257
f 257 279 256
f 257 279 280
f 280 279 257
f 257 280 258
f 258 280 257
f 258 280 281
f 281 280 258
f 258 281 259
f 259 281 258
f 259 281 282
f 282 281 259
f 259 282 260
f 260 282 259
f 260 282 283
f 283 282 260
f 260 283 261
f 261 283 260
f 261 283 284
f 284 283 261
f 261 284 262
f 262 284 261
f 262 284 285
f 285 284 262
f 262 285 263
f 263 285 262
f 263 285 286
f 286 285 263
f 263 286 264
f 264 286 263
f 264 286 287
f 287 286 264
f 264 287 265
f 265 287 264
f 265 287 288
f 288 287 265
f 265 288 266
f 266 288 265
f 266 288 267
f 267 288 266
f 266 267 245
f 245 267 266
f 267 289 290
f 290 289 267
f 267 290 268
f 268 290 267
f 268 290 291
f 291 290 268
f 268 291 269
f 269 291 268
f 269 291 292
f 292 291 269
f 269 292 270
f 270 292 269
f 270 292 293
f 293 292 270
f 270 293 271
f 271 293 270
f 271 293 294
f 294 293 271
f 271 294 272
f 272 294 271
f 272 294 295
f 295 294 272
f 272 295 273
f 273 295 272
f 273 295 296
f 296 295 273
f 273 296 274
f 274 296 273
f 274 296 297
f 297 296 274
f 274 297 275
f 275 297 274
f 275 297 298
f 298 297 275
f 275 298 276
f 276 298 275
f 276 298 299
f 299 298 276
f 276 299 277
f 277 299 276
f 277 299 300
f 300 299 277
f 277 300 278
f 278 300 277
f 278 300 301
f 301 300 278
f 278 301 279
f 279 301 278
f 279 301 302
f 302 301 279
f 279 302 280
f 280 302 279
f 280 302 303
f 303 302 280
f 280 303 281
f 281 303 280
f 281 303 304
f 304 303 281
f 281 304 282
f 282 304 281
f 282 304 305
f 305 304 282
f 282 305 283
f 283 305 282
f 283 305 306
f 306 305 283
f 283 306 284
f 284 306 283
f 284 306 307
f 307 306 284
f 284 307 285
f 285 307 284
f 285 307 308
f 308 307 285
f 285 308 286
f 286 308 285
f 286 308 309
f 309 308 286
f 286 309 287
f 287 309 286
f 287 309 310
f 310 309 287
f 287 310 288
f 288 310 287
f 288 310 289
f 289 310 288
f 288 289 267
f 267 289 288
f 289 311 312
f 312 311 289
f 289 312 290
f 290 312 289
f 290 312 313
f 313 312 290
f 290 313 291
f 291 313 290
f 291 313 314
f 314 313 291
f 291 314 292
f 292 314 291
f 292 314 315
f 315 314 292
f 292 315 293
f 293 315 292
f 293 315 316
f 316 315 293
f 293 316 294
f 294 316 293
f 294 316 317
f 317 316 294
f 294 317 295
f 295 317 294
f 295 317 318
f 318 317 295
f 295 318 296
f 296 318 295
f 296 318 319
f 319 318 296
f 296 319 297
f 297 319 296
f 297 319 320
f 320 319 297
f 297 320 298
f 298 320 297
f 298 320 321
f 321 320 298
f 298 321 299
f 299 321 298
f 299 321 322
f 322 321 299
f 299 322 300
f 300 322 299
f 300 322 323
f 323 322 300
f 300 323 301
f 301 323 300
f 301 323 324
f 324 323 301
f 301 324 302
f 302 324 301
f 302 324 325
f 325 324 302
f 302 325 303
f 303 325 302
f 303 325 326
f 326 325 303
f 303 326 304
f 304 326 303
f 304 326 327
f 327 326 304
f 304 327 305
f 305 327 304
f 305 327 328
f 328 327 305
f 305 328 306
f 306 328 305
f 306 328 329
f 329 328 306
f 306 329 307
f 307 329 306
f 307 329 330
f 330 329 307
f 307 330 308
f 308 330 307
f 308 330 331
f 331 330 308
f 308 331 309
f 309 331 308
f 309 331 332
f 332 331 309
f 309 332 310
f 310 332 309
f 310 332 311
f 311 332 310
f 310 311 289
f 289 311 310
f 311 333 334
f 334 333 311
f 311 334 312
f 312 334 311
f 312 334 335
f 335 334 312
f 312 335 313
f 313 335 312
f 313 335 336
f 336 335 313
f 313 336 314
f 314 336 313
f 314 336 337
f 337 336 314
f 314 337 315
f 315 337 314
f 315 337 338
f 338 337 315
f 315 338 316
f 316 338 315
f 316 338 339
f 339 338 316
f 316 339 317
f 317 339 316
f 317 339 340
f 340 339 317
f 317 340 318
f 318 340 317
f 318 340 341
f 341 340 318
f 318 341 319
f 319 341 318
f 319 341 342
f 342 341 319
f 319 342 320
f 320 342 319
f 320 342 343
f 343 342 320
f 320 343 321
f 321 343 320
f 321 343 344
f 344 343 321
f 321 344 322
f 322 344 321
f 322 344 345
f 345 344 322
f 322 345 323
f 323 345 322
f 323 345 346
f 346 345 323
f 323 346 324
f 324 346 323
f 324 346 347
f 347 346 324
f 324 347 325
f 325 347 324
f 325 347 348
f 348 347 325
f 325 348 326
f 326 348 325
f 326 348 349
f 349 348 326
f 326 349 327
f 327 349 326
f 327 349 350
f 350 349 327
f 327 350 328
f 328 350 327
f 328 350 351
f 351 350 328
f 328 351 329
f 329 351 328
f 329 351 352
f 352 351 329
f 329 352 330
f 330 352 329
f 330 352 353
f 353 352 330
f 330 353 331
f 331 353 330
f 331 353 354
f 354 353 331
f 331 354 332
f 332 354 331
f 332 354 333
f 333 354 332
f 332 333 311
f 311 333 332
f 333 355 356
f 356 355 333
f 333 356 334
f 334 356 333
f 334 356 357
f 357 356 334
f 334 357 335
f 335 357 334
f 335 357 358
f 358 357 335
f 335 358 336
f 336 358 335
f 336 358 359
f 359 358 336
f 336 359 337
f 337 359 336
f 337 359 360
f 360 359 337
f 337 360 338
f 338 360 337
f 338 360 361
f 361 360 338
f 338 361 339
f 339 361 338
f 339 361 362
f 362 361 339
f 339 362 340
f 340 362 339
f 340 362 363
f 363 362 340
f 340 363 341
f 341 363 340
f 341 363 364
f 364 363 341
f 341 364 342
f 342 364 341
f 342 364 365
f 365 364 342
f 342 365 343
f 343 365 342
f 343 365 366
f 366 365 343
f 343 366 344
f 344 366 343
f 344 366 367
f 367 366 344
f 344 367 345
f 345 367 344
f 345 367 368
f 368 367 345
f 345 368 346
f 346 368 345
f 346 368 369
f 369 368 346
f 346 369 347
f 347 369 346
f 347 369 370
f 370 369 347
f 347 370 348
f 348 370 347
f 348 370 371
f 371 370 348
f 348 371 349
f 349 371 348
f 349 371 372
f 372 371 349
f 349 372 350
f 350 372 349
f 350 372 373
f 373 372 350
f 350 373 351
f 351 373 350
f 351 373 374
f 374 373 351
f 351 374 352
f 352 374 351
f 352 374 375
f 375 374 352
f 352 375 353
f 353 375 352
f 353 375 376
f 376 375 353
f 353 376 354
f 354 376 353
f 354 376 355
f 355 376 354
f 354 355 333
f 333 355 354
f 355 377 378
f 378 377 355
f 355 378 356
f 356 378 355
f 356 378 379
f 379 378 356
f 356 379 357
f 357 379 356
f 357 379 380
f 380 379 357
f 357 380 358
f 358 380 357
f 358 380 381
f 381 380 358
f 358 381 359
f 359 381 358
f 359 381 382
f 382 381 359
f 359 382 360
f 360 382 359
f 360 382 383
f 383 382 360
f 360 383 361
f 361 383 360
f 361 383 384
f 384 383 361
f 361 384 362
f 362 384 361
f 362 384 385
f 385 384 362
f 362 385 363
f 363 385 362
f 363 385 386
f 386 385 363
f 363 386 364
f 364 386 363
f 364 386 387
f 387 386 364
f 364 387 365
f 365 387 364
f 365 387 388
f 388 387 365
f 365 388 366
f 366 388 365
f 366 388 389
f 389 388 366
f 366 389 367
f 367 389 366
f 367 389 390
f 390 389 367
f 367 390 368
f 368 390 367
f 368 390 391
f 391 390 368
f 368 391 369
f 369 391 368
f 369 391 392
f 392 391 369
f 369 392 370
f 370 392 369
f 370 392 393
f 393 392 370
f 370 393 371
f 371 393 370
f 371 393 394
f 394 393 371
f 371 394 372
f 372 394 371
f 372 394 395
f 395 394 372
f 372 395 373
f 373 395 372
f 373 395 396
f 396 395 373
f 373 396 374
f 374 396 373
f 374 396 397
f 397 396 374
f 374 397 375
f 375 397 374
f 375 397 398
f 398 397 375
f 375 398 376
f 376 398 375
f 376 398 377
f 377 398 376
f 376 377 355
f 355 377 376
usemtl apron
f 399 418 419
f 419 418 399
f 399 419 400
f 400 419 399
f 400 419 420
f 420 419 400
f 400 420 401
f 401 420 400
f 401 420 421
f 421 420 401
f 401 421 402
f 402 421 401
f 402 421 422
f 422 421 402
f 402 422 403
f 403 422 402
f 403 422 423
f 423 422 403
f 403 423 404
f 404 423 403
f 404 423 424
f 424 423 404
f 404 424 405
f 405 424 404
f 405 424 425
f 425 424 405
f 405 425 406
f 406 425 405
f 406 425 426
f 426 425 406
f 406 426 407
f 407 426 406
f 407 426 427
f 427 426 407
f 407 427 408
f 408 427 407
f 408 427 428
f 428 427 408
f 408 428 409
f 409 428 408
f 409 428 429
f 429 428 409
f 409 429 410
f 410 429 409
f 410 429 430
f 430 429 410
f 410 430 411
f 411 430 410
f 411 430 431
f 431 430 411
f 411 431 412
f 412 431 411
f 412 431 432
f 432 431 412
f 412 432 413
f 413 432 412
f 413 432 433
f 433 432 413
f 413 433 414
f 414 433 413
f 414 433 434
f 434 433 414
f 414 434 415
f 415 434 414
f 415 434 435
f 435 434 415
f 415 435 416
f 416 435 415
f 416 435 436
f 436 435 416
f 416 436 417
f 417 436 416
f 437 450 451
f 451 450 437
f 437 451 438
f 438 451 437
f 438 451 452
f 452 451 438
f 438 452 439
f 439 452 438
f 439 452 453
f 453 452 439
f 439 453 440
f 440 453 439
f 440 453 454
f 454 453 440
f 440 454 441
f 441 454 440
f 441 454 455
f 455 454 441
f 441 455 442
f 442 455 441
f 442 455 456
f 456 455 442
f 442 456 443
f 443 456 442
f 443 456 457
f 457 456 443
f 443 457 444
f 444 457 443
f 444 457 458
f 458 457 444
f 444 458 445
f 445 458 444
f 445 458 459
f 459 458 445
f 445 459 446
f 446 459 445
f 446 459 460
f 460 459 446
f 446 460 447
f 447 460 446
f 447 460 461
f 461 460 447
f 447 461 448
f 448 461 447
f 448 461 462
f 462 461 448
f 448 462 449
f 449 462 448
f 463 471 472
f 472 471 463
f 463 472 464
f 464 472 463
f 464 472 473
f 473 472 464
f 464 473 465
f 465 473 464
f 465 473 474
f 474 473 465
f 465 474 466
f 466 474 465
f 466 474 475
f 475 474 466
f 466 475 467
f 467 475 466
f 467 475 476
f 476 475 467
f 467 476 468
f 468 476 467
f 468 476 477
f 477 476 468
f 468 477 469
f 469 477 468
f 469 477 478
f 478 477 469
f 469 478 470
f 470 478 469
f 470 478 471
f 471 478 470
f 470 471 463
f 463 471 470
f 479 464 463
f 463 464 479
f 479 465 464
f 464 465 479
f 479 466 465
f 465 466 479
f 479 467 466
f 466 467 479
f 479 468 467
f 467 468 479
f 479 469 468
f 468 469 479
f 479 470 469
f 469 470 479
f 479 463 470
f 470 463 479
f 480 471 472
f 472 471 480
f 480 472 473
f 473 472 480
f 480 473 474
f 474 473 480
f 480 474 475
f 475 474 480
f 480 475 476
f 476 475 480
f 480 476 477
f 477 476 480
f 480 477 478
f 478 477 480
f 480 478 471
f 471 478 480
f 481 489 490
f 490 489 481
f 481 490 482
f 482 490 481
f 482 490 491
f 491 490 482
f 482 491 483
f 483 491 482
f 483 491 492
f 492 491 483
f 483 492 484
f 484 492 483
f 484 492 493
f 493 492 484
f 484 493 485
f 485 493 484
f 485 493 494
f 494 493 485
f 485 494 486
f 486 494 485
f 486 494 495
f 495 494 486
f 486 495 487
f 487 495 486
f 487 495 496
f 496 495 487
f 487 496 488
f 488 496 487
f 488 496 489
f 489 496 488
f 488 489 481
f 481 489 488
f 497 482 481
f 481 482 497
f 497 483 482
f 482 483 497
f 497 484 483
f 483 484 497
f 497 485 484
f 484 485 497
f 497 486 485
f 485 486 497
f 497 487 486
f 486 487 497
f 497 488 487
f 487 488 497
f 497 481 488
f 488 481 497
f 498 489 490
f 490 489 498
f 498 490 491
f 491 490 498
f 498 491 492
f 492 491 498
f 498 492 493
f 493 492 498
f 498 493 494
f 494 493 498
f 498 494 495
f 495 494 498
f 498 495 496
f 496 495 498
f 498 496 489
f 489 496 498
usemtl dress_dark
f 499 511 512
f 512 511 499
f 499 512 500
f 500 512 499
f 500 512 513
f 513 512 500
f 500 513 501
f 501 513 500
f 501 513 514
f 514 513 501
f 501 514 502
f 502 514 501
f 502 514 515
f 515 514 502
f 502 515 503
f 503 515 502
f 503 515 516
f 516 515 503
f 503 516 504
f 504 516 503
f 504 516 517
f 517 516 504
f 504 517 505
f 505 517 504
f 505 517 518
f 518 517 505
f 505 518 506
f 506 518 505
f 506 518 519
f 519 518 506
f 506 519 507
f 507 519 506
f 507 519 520
f 520 519 507
f 507 520 508
f 508 520 507
f 508 520 521
f 521 520 508
f 508 521 509
f 509 521 508
f 509 521 522
f 522 521 509
f 509 522 510
f 510 522 509
f 510 522 511
f 511 522 510
f 510 511 499
f 499 511 510
f 511 523 524
f 524 523 511
f 511 524 512
f 512 524 511
f 512 524 525
f 525 524 512
f 512 525 513
f 513 525 512
f 513 525 526
f 526 525 513
f 513 526 514
f 514 526 513
f 514 526 527
f 527 526 514
f 514 527 515
f 515 527 514
f 515 527 528
f 528 527 515
f 515 528 516
f 516 528 515
f 516 528 529
f 529 528 516
f 516 529 517
f 517 529 516
f 517 529 530
f 530 529 517
f 517 530 518
f 518 530 517
f 518 530 531
f 531 530 518
f 518 531 519
f 519 531 518
f 519 531 532
f 532 531 519
f 519 532 520
f 520 532 519
f 520 532 533
f 533 532 520
f 520 533 521
f 521 533 520
f 521 533 534
f 534 533 521
f 521 534 522
f 522 534 521
f 522 534 523
f 523 534 522
f 522 523 511
f 511 523 522
f 535 500 499
f 499 500 535
f 535 501 500
f 500 501 535
f 535 502 501
f 501 502 535
f 535 503 502
f 502 503 535
f 535 504 503
f 503 504 535
f 535 505 504
f 504 505 535
f 535 506 505
f 505 506 535
f 535 507 506
f 506 507 535
f 535 508 507
f 507 508 535
f 535 509 508
f 508 509 535
f 535 510 509
f 509 510 535
f 535 499 510
f 510 499 535
f 536 523 524
f 524 523 536
f 536 524 525
f 525 524 536
f 536 525 526
f 526 525 536
f 536 526 527
f 527 526 536
f 536 527 528
f 528 527 536
f 536 528 529
f 529 528 536
f 536 529 530
f 530 529 536
f 536 530 531
f 531 530 536
f 536 531 532
f 532 531 536
f 536 532 533
f 533 532 536
f 536 533 534
f 534 533 536
f 536 534 523
f 523 534 536
f 627 639 640
f 640 639 627
f 627 640 628
f 628 640 627
f 628 640 641
f 641 640 628
f 628 641 629
f 629 641 628
f 629 641 642
f 642 641 629
f 629 642 630
f 630 642 629
f 630 642 643
f 643 642 630
f 630 643 631
f 631 643 630
f 631 643 644
f 644 643 631
f 631 644 632
f 632 644 631
f 632 644 645
f 645 644 632
f 632 645 633
f 633 645 632
f 633 645 646
f 646 645 633
f 633 646 634
f 634 646 633
f 634 646 647
f 647 646 634
f 634 647 635
f 635 647 634
f 635 647 648
f 648 647 635
f 635 648 636
f 636 648 635
f 636 648 649
f 649 648 636
f 636 649 637
f 637 649 636
f 637 649 650
f 650 649 637
f 637 650 638
f 638 650 637
f 638 650 639
f 639 650 638
f 638 639 627
f 627 639 638
f 639 651 652
f 652 651 639
f 639 652 640
f 640 652 639
f 640 652 653
f 653 652 640
f 640 653 641
f 641 653 640
f 641 653 654
f 654 653 641
f 641 654 642
f 642 654 641
f 642 654 655
f 655 654 642
f 642 655 643
f 643 655 642
f 643 655 656
f 656 655 643
f 643 656 644
f 644 656 643
f 644 656 657
f 657 656 644
f 644 657 645
f 645 657 644
f 645 657 658
f 658 657 645
f 645 658 646
f 646 658 645
f 646 658 659
f 659 658 646
f 646 659 647
f 647 659 646
f 647 659 660
f 660 659 647
f 647 660 648
f 648 660 647
f 648 660 661
f 661 660 648
f 648 661 649
f 649 661 648
f 649 661 662
f 662 661 649
f 649 662 650
f 650 662 649
f 650 662 651
f 651 662 650
f 650 651 639
f 639 651 650
f 663 628 627
f 627 628 663
f 663 629 628
f 628 629 663
f 663 630 629
f 629 630 663
f 663 631 630
f 630 631 663
f 663 632 631
f 631 632 663
f 663 633 632
f 632 633 663
f 663 634 633
f 633 634 663
f 663 635 634
f 634 635 663
f 663 636 635
f 635 636 663
f 663 637 636
f 636 637 663
f 663 638 637
f 637 638 663
f 663 627 638
f 638 627 663
f 664 651 652
f 652 651 664
f 664 652 653
f 653 652 664
f 664 653 654
f 654 653 664
f 664 654 655
f 655 654 664
f 664 655 656
f 656 655 664
f 664 656 657
f 657 656 664
f 664 657 658
f 658 657 664
f 664 658 659
f 659 658 664
f 664 659 660
f 660 659 664
f 664 660 661
f 661 660 664
f 664 661 662
f 662 661 664
f 664 662 651
f 651 662 664
usemtl skin
f 537 547 548
f 548 547 537
f 537 548 538
f 538 548 537
f 538 548 549
f 549 548 538
f 538 549 539
f 539 549 538
f 539 549 550
f 550 549 539
f 539 550 540
f 540 550 539
f 540 550 551
f 551 550 540
f 540 551 541
f 541 551 540
f 541 551 552
f 552 551 541
f 541 552 542
f 542 552 541
f 542 552 553
f 553 552 542
f 542 553 543
f 543 553 542
f 543 553 554
f 554 553 543
f 543 554 544
f 544 554 543
f 544 554 555
f 555 554 544
f 544 555 545
f 545 555 544
f 545 555 556
f 556 555 545
f 545 556 546
f 546 556 545
f 546 556 547
f 547 556 546
f 546 547 537
f 537 547 546
f 547 557 558
f 558 557 547
f 547 558 548
f 548 558 547
f 548 558 559
f 559 558 548
f 548 559 549
f 549 559 548
f 549 559 560
f 560 559 549
f 549 560 550
f 550 560 549
f 550 560 561
f 561 560 550
f 550 561 551
f 551 561 550
f 551 561 562
f 562 561 551
f 551 562 552
f 552 562 551
f 552 562 563
f 563 562 552
f 552 563 553
f 553 563 552
f 553 563 564
f 564 563 553
f 553 564 554
f 554 564 553
f 554 564 565
f 565 564 554
f 554 565 555
f 555 565 554
f 555 565 566
f 566 565 555
f 555 566 556
f 556 566 555
f 556 566 557
f 557 566 556
f 556 557 547
f 547 557 556
f 557 567 568
f 568 567 557
f 557 568 558
f 558 568 557
f 558 568 569
f 569 568 558
f 558 569 559
f 559 569 558
f 559 569 570
f 570 569 559
f 559 570 560
f 560 570 559
f 560 570 571
f 571 570 560
f 560 571 561
f 561 571 560
f 561 571 572
f 572 571 561
f 561 572 562
f 562 572 561
f 562 572 573
f 573 572 562
f 562 573 563
f 563 573 562
f 563 573 574
f 574 573 563
f 563 574 564
f 564 574 563
f 564 574 575
f 575 574 564
f 564 575 565
f 565 575 564
f 565 575 576
f 576 575 565
f 565 576 566
f 566 576 565
f 566 576 567
f 567 576 566
f 566 567 557
f 557 567 566
f 567 577 578
f 578 577 567
f 567 578 568
f 568 578 567
f 568 578 579
f 579 578 568
f 568 579 569
f 569 579 568
f 569 579 580
f 580 579 569
f 569 580 570
f 570 580 569
f 570 580 581
f 581 580 570
f 570 581 571
f 571 581 570
f 571 581 582
f 582 581 571
f 571 582 572
f 572 582 571
f 572 582 583
f 583 582 572
f 572 583 573
f 573 583 572
f 573 583 584
f 584 583 573
f 573 584 574
f 574 584 573
f 574 584 585
f 585 584 574
f 574 585 575
f 575 585 574
f 575 585 586
f 586 585 575
f 575 586 576
f 576 586 575
f 576 586 577
f 577 586 576
f 576 577 567
f 567 577 576
f 577 587 588
f 588 587 577
f 577 588 578
f 578 588 577
f 578 588 589
f 589 588 578
f 578 589 579
f 579 589 578
f 579 589 590
f 590 589 579
f 579 590 580
f 580 590 579
f 580 590 591
f 591 590 580
f 580 591 581
f 581 591 580
f 581 591 592
f 592 591 581
f 581 592 582
f 582 592 581
f 582 592 593
f 593 592 582
f 582 593 583
f 583 593 582
f 583 593 594
f 594 593 583
f 583 594 584
f 584 594 583
f 584 594 595
f 595 594 584
f 584 595 585
f 585 595 584
f 585 595 596
f 596 595 585
f 585 596 586
f 586 596 585
f 586 596 587
f 587 596 586
f 586 587 577
f 577 587 586
f 587 597 598
f 598 597 587
f 587 598 588
f 588 598 587
f 588 598 599
f 599 598 588
f 588 599 589
f 589 599 588
f 589 599 600
f 600 599 589
f 589 600 590
f 590 600 589
f 590 600 601
f 601 600 590
f 590 601 591
f 591 601 590
f 591 601 602
f 602 601 591
f 591 602 592
f 592 602 591
f 592 602 603
f 603 602 592
f 592 603 593
f 593 603 592
f 593 603 604
f 604 603 593
f 593 604 594
f 594 604 593
f 594 604 605
f 605 604 594
f 594 605 595
f 595 605 594
f 595 605 606
f 606 605 595
f 595 606 596
f 596 606 595
f 596 606 597
f 597 606 596
f 596 597 587
f 587 597 596
f 597 607 608
f 608 607 597
f 597 608 598
f 598 608 597
f 598 608 609
f 609 608 598
f 598 609 599
f 599 609 598
f 599 609 610
f 610 609 599
f 599 610 600
f 600 610 599
f 600 610 611
f 611 610 600
f 600 611 601
f 601 611 600
f 601 611 612
f 612 611 601
f 601 612 602
f 602 612 601
f 602 612 613
f 613 612 602
f 602 613 603
f 603 613 602
f 603 613 614
f 614 613 603
f 603 614 604
f 604 614 603
f 604 614 615
f 615 614 604
f 604 615 605
f 605 615 604
f 605 615 616
f 616 615 605
f 605 616 606
f 606 616 605
f 606 616 607
f 607 616 606
f 606 607 597
f 597 607 606
f 607 617 618
f 618 617 607
f 607 618 608
f 608 618 607
f 608 618 619
f 619 618 608
f 608 619 609
f 609 619 608
f 609 619 620
f 620 619 609
f 609 620 610
f 610 620 609
f 610 620 621
f 621 620 610
f 610 621 611
f 611 621 610
f 611 621 622
f 622 621 611
f 611 622 612
f 612 622 611
f 612 622 623
f 623 622 612
f 612 623 613
f 613 623 612
f 613 623 624
f 624 623 613
f 613 624 614
f 614 624 613
f 614 624 625
f 625 624 614
f 614 625 615
f 615 625 614
f 615 625 626
f 626 625 615
f 615 626 616
f 616 626 615
f 616 626 617
f 617 626 616
f 616 617 607
f 607 617 616
f 665 675 676
f 676 675 665
f 665 676 666
f 666 676 665
f 666 676 677
f 677 676 666
f 666 677 667
f 667 677 666
f 667 677 678
f 678 677 667
f 667 678 668
f 668 678 667
f 668 678 679
f 679 678 668
f 668 679 669
f 669 679 668
f 669 679 680
f 680 679 669
f 669 680 670
f 670 680 669
f 670 680 681
f 681 680 670
f 670 681 671
f 671 681 670
f 671 681 682
f 682 681 671
f 671 682 672
f 672 682 671
f 672 682 683
f 683 682 672
f 672 683 673
f 673 683 672
f 673 683 684
f 684 683 673
f 673 684 674
f 674 684 673
f 674 684 675
f 675 684 674
f 674 675 665
f 665 675 674
f 675 685 686
f 686 685 675
f 675 686 676
f 676 686 675
f 676 686 687
f 687 686 676
f 676 687 677
f 677 687 676
f 677 687 688
f 688 687 677
f 677 688 678
f 678 688 677
f 678 688 689
f 689 688 678
f 678 689 679
f 679 689 678
f 679 689 690
f 690 689 679
f 679 690 680
f 680 690 679
f 680 690 691
f 691 690 680
f 680 691 681
f 681 691 680
f 681 691 692
f 692 691 681
f 681 692 682
f 682 692 681
f 682 692 693
f 693 692 682
f 682 693 683
f 683 693 682
f 683 693 694
f 694 693 683
f 683 694 684
f 684 694 683
f 684 694 685
f 685 694 684
f 684 685 675
f 675 685 684
f 685 695 696
f 696 695 685
f 685 696 686
f 686 696 685
f 686 696 697
f 697 696 686
f 686 697 687
f 687 697 686
f 687 697 698
f 698 697 687
f 687 698 688
f 688 698 687
f 688 698 699
f 699 698 688
f 688 699 689
f 689 699 688
f 689 699 700
f 700 699 689
f 689 700 690
f 690 700 689
f 690 700 701
f 701 700 690
f 690 701 691
f 691 701 690
f 691 701 702
f 702 701 691
f 691 702 692
f 692 702 691
f 692 702 703
f 703 702 692
f 692 703 693
f 693 703 692
f 693 703 704
f 704 703 693
f 693 704 694
f 694 704 693
f 694 704 695
f 695 704 694
f 694 695 685
f 685 695 694
f 695 705 706
f 706 705 695
f 695 706 696
f 696 706 695
f 696 706 707
f 707 706 696
f 696 707 697
f 697 707 696
f 697 707 708
f 708 707 697
f 697 708 698
f 698 708 697
f 698 708 709
f 709 708 698
f 698 709 699
f 699 709 698
f 699 709 710
f 710 709 699
f 699 710 700
f 700 710 699
f 700 710 711
f 711 710 700
f 700 711 701
f 701 711 700
f 701 711 712
f 712 711 701
f 701 712 702
f 702 712 701
f 702 712 713
f 713 712 702
f 702 713 703
f 703 713 702
f 703 713 714
f 714 713 703
f 703 714 704
f 704 714 703
f 704 714 705
f 705 714 704
f 704 705 695
f 695 705 704
f 705 715 716
f 716 715 705
f 705 716 706
f 706 716 705
f 706 716 717
f 717 716 706
f 706 717 707
f 707 717 706
f 707 717 718
f 718 717 707
f 707 718 708
f 708 718 707
f 708 718 719
f 719 718 708
f 708 719 709
f 709 719 708
f 709 719 720
f 720 719 709
f 709 720 710
f 710 720 709
f 710 720 721
f 721 720 710
f 710 721 711
f 711 721 710
f 711 721 722
f 722 721 711
f 711 722 712
f 712 722 711
f 712 722 723
f 723 722 712
f 712 723 713
f 713 723 712
f 713 723 724
f 724 723 713
f 713 724 714
f 714 724 713
f 714 724 715
f 715 724 714
f 714 715 705
f 705 715 714
f 715 725 726
f 726 725 715
f 715 726 716
f 716 726 715
f 716 726 727
f 727 726 716
f 716 727 717
f 717 727 716
f 717 727 728
f 728 727 717
f 717 728 718
f 718 728 717
f 718 728 729
f 729 728 718
f 718 729 719
f 719 729 718
f 719 729 730
f 730 729 719
f 719 730 720
f 720 730 719
f 720 730 731
f 731 730 720
f 720 731 721
f 721 731 720
f 721 731 732
f 732 731 721
f 721 732 722
f 722 732 721
f 722 732 733
f 733 732 722
f 722 733 723
f 723 733 722
f 723 733 734
f 734 733 723
f 723 734 724
f 724 734 723
f 724 734 725
f 725 734 724
f 724 725 715
f 715 725 724
f 725 735 736
f 736 735 725
f 725 736 726
f 726 736 725
f 726 736 737
f 737 736 726
f 726 737 727
f 727 737 726
f 727 737 738
f 738 737 727
f 727 738 728
f 728 738 727
f 728 738 739
f 739 738 728
f 728 739 729
f 729 739 728
f 729 739 740
f 740 739 729
f 729 740 730
f 730 740 729
f 730 740 741
f 741 740 730
f 730 741 731
f 731 741 730
f 731 741 742
f 742 741 731
f 731 742 732
f 732 742 731
f 732 742 743
f 743 742 732
f 732 743 733
f 733 743 732
f 733 743 744
f 744 743 733
f 733 744 734
f 734 744 733
f 734 744 735
f 735 744 734
f 734 735 725
f 725 735 734
f 735 745 746
f 746 745 735
f 735 746 736
f 736 746 735
f 736 746 747
f 747 746 736
f 736 747 737
f 737 747 736
f 737 747 748
f 748 747 737
f 737 748 738
f 738 748 737
f 738 748 749
f 749 748 738
f 738 749 739
f 739 749 738
f 739 749 750
f 750 749 739
f 739 750 740
f 740 750 739
f 740 750 751
f 751 750 740
f 740 751 741
f 741 751 740
f 741 751 752
f 752 751 741
f 741 752 742
f 742 752 741
f 742 752 753
f 753 752 742
f 742 753 743
f 743 753 742
f 743 753 754
f 754 753 743
f 743 754 744
f 744 754 743
f 744 754 745
f 745 754 744
f 744 745 735
f 735 745 744
f 755 767 768
f 768 767 755
f 755 768 756
f 756 768 755
f 756 768 769
f 769 768 756
f 756 769 757
f 757 769 756
f 757 769 770
f 770 769 757
f 757 770 758
f 758 770 757
f 758 770 771
f 771 770 758
f 758 771 759
f 759 771 758
f 759 771 772
f 772 771 759
f 759 772 760
f 760 772 759
f 760 772 773
f 773 772 760
f 760 773 761
f 761 773 760
f 761 773 774
f 774 773 761
f 761 774 762
f 762 774 761
f 762 774 775
f 775 774 762
f 762 775 763
f 763 775 762
f 763 775 776
f 776 775 763
f 763 776 764
f 764 776 763
f 764 776 777
f 777 776 764
f 764 777 765
f 765 777 764
f 765 777 778
f 778 777 765
f 765 778 766
f 766 778 765
f 766 778 767
f 767 778 766
f 766 767 755
f 755 767 766
f 779 756 755
f 755 756 779
f 779 757 756
f 756 757 779
f 779 758 757
f 757 758 779
f 779 759 758
f 758 759 779
f 779 760 759
f 759 760 779
f 779 761 760
f 760 761 779
f 779 762 761
f 761 762 779
f 779 763 762
f 762 763 779
f 779 764 763
f 763 764 779
f 779 765 764
f 764 765 779
f 779 766 765
f 765 766 779
f 779 755 766
f 766 755 779
f 780 767 768
f 768 767 780
f 780 768 769
f 769 768 780
f 780 769 770
f 770 769 780
f 780 770 771
f 771 770 780
f 780 771 772
f 772 771 780
f 780 772 773
f 773 772 780
f 780 773 774
f 774 773 780
f 780 774 775
f 775 774 780
f 780 775 776
f 776 775 780
f 780 776 777
f 777 776 780
f 780 777 778
f 778 777 780
f 780 778 767
f 767 778 780
f 781 805 806
f 806 805 781
f 781 806 782
f 782 806 781
f 782 806 807
f 807 806 782
f 782 807 783
f 783 807 782
f 783 807 808
f 808 807 783
f 783 808 784
f 784 808 783
f 784 808 809
f 809 808 784
f 784 809 785
f 785 809 784
f 785 809 810
f 810 809 785
f 785 810 786
f 786 810 785
f 786 810 811
f 811 810 786
f 786 811 787
f 787 811 786
f 787 811 812
f 812 811 787
f 787 812 788
f 788 812 787
f 788 812 813
f 813 812 788
f 788 813 789
f 789 813 788
f 789 813 814
f 814 813 789
f 789 814 790
f 790 814 789
f 790 814 815
f 815 814 790
f 790 815 791
f 791 815 790
f 791 815 816
f 816 815 791
f 791 816 792
f 792 816 791
f 792 816 817
f 817 816 792
f 792 817 793
f 793 817 792
f 793 817 818
f 818 817 793
f 793 818 794
f 794 818 793
f 794 818 819
f 819 818 794
f 794 819 795
f 795 819 794
f 795 819 820
f 820 819 795
f 795 820 796
f 796 820 795
f 796 820 821
f 821 820 796
f 796 821 797
f 797 821 796
f 797 821 822
f 822 821 797
f 797 822 798
f 798 822 797
f 798 822 823
f 823 822 798
f 798 823 799
f 799 823 798
f 799 823 824
f 824 823 799
f 799 824 800
f 800 824 799
f 800 824 825
f 825 824 800
f 800 825 801
f 801 825 800
f 801 825 826
f 826 825 801
f 801 826 802
f 802 826 801
f 802 826 827
f 827 826 802
f 802 827 803
f 803 827 802
f 803 827 828
f 828 827 803
f 803 828 804
f 804 828 803
f 804 828 805
f 805 828 804
f 804 805 781
f 781 805 804
f 805 829 830
f 830 829 805
f 805 830 806
f 806 830 805
f 806 830 831
f 831 830 806
f 806 831 807
f 807 831 806
f 807 831 832
f 832 831 807
f 807 832 808
f 808 832 807
f 808 832 833
f 833 832 808
f 808 833 809
f 809 833 808
f 809 833 834
f 834 833 809
f 809 834 810
f 810 834 809
f 810 834 835
f 835 834 810
f 810 835 811
f 811 835 810
f 811 835 836
f 836 835 811
f 811 836 812
f 812 836 811
f 812 836 837
f 837 836 812
f 812 837 813
f 813 837 812
f 813 837 838
f 838 837 813
f 813 838 814
f 814 838 813
f 814 838 839
f 839 838 814
f 814 839 815
f 815 839 814
f 815 839 840
f 840 839 815
f 815 840 816
f 816 840 815
f 816 840 841
f 841 840 816
f 816 841 817
f 817 841 816
f 817 841 842
f 842 841 817
f 817 842 818
f 818 842 817
f 818 842 843
f 843 842 818
f 818 843 819
f 819 843 818
f 819 843 844
f 844 843 819
f 819 844 820
f 820 844 819
f 820 844 845
f 845 844 820
f 820 845 821
f 821 845 820
f 821 845 846
f 846 845 821
f 821 846 822
f 822 846 821
f 822 846 847
f 847 846 822
f 822 847 823
f 823 847 822
f 823 847 848
f 848 847 823
f 823 848 824
f 824 848 823
f 824 848 849
f 849 848 824
f 824 849 825
f 825 849 824
f 825 849 850
f 850 849 825
f 825 850 826
f 826 850 825
f 826 850 851
f 851 850 826
f 826 851 827
f 827 851 826
f 827 851 852
f 852 851 827
f 827 852 828
f 828 852 827
f 828 852 829
f 829 852 828
f 828 829 805
f 805 829 828
f 829 853 854
f 854 853 829
f 829 854 830
f 830 854 829
f 830 854 855
f 855 854 830
f 830 855 831
f 831 855 830
f 831 855 856
f 856 855 831
f 831 856 832
f 832 856 831
f 832 856 857
f 857 856 832
f 832 857 833
f 833 857 832
f 833 857 858
f 858 857 833
f 833 858 834
f 834 858 833
f 834 858 859
f 859 858 834
f 834 859 835
f 835 859 834
f 835 859 860
f 860 859 835
f 835 860 836
f 836 860 835
f 836 860 861
f 861 860 836
f 836 861 837
f 837 861 836
f 837 861 862
f 862 861 837
f 837 862 838
f 838 862 837
f 838 862 863
f 863 862 838
f 838 863 839
f 839 863 838
f 839 863 864
f 864 863 839
f 839 864 840
f 840 864 839
f 840 864 865
f 865 864 840
f 840 865 841
f 841 865 840
f 841 865 866
f 866 865 841
f 841 866 842
f 842 866 841
f 842 866 867
f 867 866 842
f 842 867 843
f 843 867 842
f 843 867 868
f 868 867 843
f 843 868 844
f 844 868 843
f 844 868 869
f 869 868 844
f 844 869 845
f 845 869 844
f 845 869 870
f 870 869 845
f 845 870 846
f 846 870 845
f 846 870 871
f 871 870 846
f 846 871 847
f 847 871 846
f 847 871 872
f 872 871 847
f 847 872 848
f 848 872 847
f 848 872 873
f 873 872 848
f 848 873 849
f 849 873 848
f 849 873 874
f 874 873 849
f 849 874 850
f 850 874 849
f 850 874 875
f 875 874 850
f 850 875 851
f 851 875 850
f 851 875 876
f 876 875 851
f 851 876 852
f 852 876 851
f 852 876 853
f 853 876 852
f 852 853 829
f 829 853 852
f 853 877 878
f 878 877 853
f 853 878 854
f 854 878 853
f 854 878 879
f 879 878 854
f 854 879 855
f 855 879 854
f 855 879 880
f 880 879 855
f 855 880 856
f 856 880 855
f 856 880 881
f 881 880 856
f 856 881 857
f 857 881 856
f 857 881 882
f 882 881 857
f 857 882 858
f 858 882 857
f 858 882 883
f 883 882 858
f 858 883 859
f 859 883 858
f 859 883 884
f 884 883 859
f 859 884 860
f 860 884 859
f 860 884 885
f 885 884 860
f 860 885 861
f 861 885 860
f 861 885 886
f 886 885 861
f 861 886 862
f 862 886 861
f 862 886 887
f 887 886 862
f 862 887 863
f 863 887 862
f 863 887 888
f 888 887 863
f 863 888 864
f 864 888 863
f 864 888 889
f 889 888 864
f 864 889 865
f 865 889 864
f 865 889 890
f 890 889 865
f 865 890 866
f 866 890 865
f 866 890 891
f 891 890 866
f 866 891 867
f 867 891 866
f 867 891 892
f 892 891 867
f 867 892 868
f 868 892 867
f 868 892 893
f 893 892 868
f 868 893 869
f 869 893 868
f 869 893 894
f 894 893 869
f 869 894 870
f 870 894 869
f 870 894 895
f 895 894 870
f 870 895 871
f 871 895 870
f 871 895 896
f 896 895 871
f 871 896 872
f 872 896 871
f 872 896 897
f 897 896 872
f 872 897 873
f 873 897 872
f 873 897 898
f 898 897 873
f 873 898 874
f 874 898 873
f 874 898 899
f 899 898 874
f 874 899 875
f 875 899 874
f 875 899 900
f 900 899 875
f 875 900 876
f 876 900 875
f 876 900 877
f 877 900 876
f 876 877 853
f 853 877 876
f 877 901 902
f 902 901 877
f 877 902 878
f 878 902 877
f 878 902 903
f 903 902 878
f 878 903 879
f 879 903 878
f 879 903 904
f 904 903 879
f 879 904 880
f 880 904 879
f 880 904 905
f 905 904 880
f 880 905 881
f 881 905 880
f 881 905 906
f 906 905 881
f 881 906 882
f 882 906 881
f 882 906 907
f 907 906 882
f 882 907 883
f 883 907 882
f 883 907 908
f 908 907 883
f 883 908 884
f 884 908 883
f 884 908 909
f 909 908 884
f 884 909 885
f 885 909 884
f 885 909 910
f 910 909 885
f 885 910 886
f 886 910 885
f 886 910 911
f 911 910 886
f 886 911 887
f 887 911 886
f 887 911 912
f 912 911 887
f 887 912 888
f 888 912 887
f 888 912 913
f 913 912 888
f 888 913 889
f 889 913 888
f 889 913 914
f 914 913 889
f 889 914 890
f 890 914 889
f 890 914 915
f 915 914 890
f 890 915 891
f 891 915 890
f 891 915 916
f 916 915 891
f 891 916 892
f 892 916 891
f 892 916 917
f 917 916 892
f 892 917 893
f 893 917 892
f 893 917 918
f 918 917 893
f 893 918 894
f 894 918 893
f 894 918 919
f 919 918 894
f 894 919 895
f 895 919 894
f 895 919 920
f 920 919 895
f 895 920 896
f 896 920 895
f 896 920 921
f 921 920 896
f 896 921 897
f 897 921 896
f 897 921 922
f 922 921 897
f 897 922 898
f 898 922 897
f 898 922 923
f 923 922 898
f 898 923 899
f 899 923 898
f 899 923 924
f 924 923 899
f 899 924 900
f 900 924 899
f 900 924 901
f 901 924 900
f 900 901 877
f 877 901 900
f 901 925 926
f 926 925 901
f 901 926 902
f 902 926 901
f 902 926 927
f 927 926 902
f 902 927 903
f 903 927 902
f 903 927 928
f 928 927 903
f 903 928 904
f 904 928 903
f 904 928 929
f 929 928 904
f 904 929 905
f 905 929 904
f 905 929 930
f 930 929 905
f 905 930 906
f 906 930 905
f 906 930 931
f 931 930 906
f 906 931 907
f 907 931 906
f 907 931 932
f 932 931 907
f 907 932 908
f 908 932 907
f 908 932 933
f 933 932 908
f 908 933 909
f 909 933 908
f 909 933 934
f 934 933 909
f 909 934 910
f 910 934 909
f 910 934 935
f 935 934 910
f 910 935 911
f 911 935 910
f 911 935 936
f 936 935 911
f 911 936 912
f 912 936 911
f 912 936 937
f 937 936 912
f 912 937 913
f 913 937 912
f 913 937 938
f 938 937 913
f 913 938 914
f 914 938 913
f 914 938 939
f 939 938 914
f 914 939 915
f 915 939 914
f 915 939 940
f 940 939 915
f 915 940 916
f 916 940 915
f 916 940 941
f 941 940 916
f 916 941 917
f 917 941 916
f 917 941 942
f 942 941 917
f 917 942 918
f 918 942 917
f 918 942 943
f 943 942 918
f 918 943 919
f 919 943 918
f 919 943 944
f 944 943 919
f 919 944 920
f 920 944 919
f 920 944 945
f 945 944 920
f 920 945 921
f 921 945 920
f 921 945 946
f 946 945 921
f 921 946 922
f 922 946 921
f 922 946 947
f 947 946 922
f 922 947 923
f 923 947 922
f 923 947 948
f 948 947 923
f 923 948 924
f 924 948 923
f 924 948 925
f 925 948 924
f 924 925 901
f 901 925 924
f 925 949 950
f 950 949 925
f 925 950 926
f 926 950 925
f 926 950 951
f 951 950 926
f 926 951 927
f 927 951 926
f 927 951 952
f 952 951 927
f 927 952 928
f 928 952 927
f 928 952 953
f 953 952 928
f 928 953 929
f 929 953 928
f 929 953 954
f 954 953 929
f 929 954 930
f 930 954 929
f 930 954 955
f 955 954 930
f 930 955 931
f 931 955 930
f 931 955 956
f 956 955 931
f 931 956 932
f 932 956 931
f 932 956 957
f 957 956 932
f 932 957 933
f 933 957 932
f 933 957 958
f 958 957 933
f 933 958 934
f 934 958 933
f 934 958 959
f 959 958 934
f 934 959 935
f 935 959 934
f 935 959 960
f 960 959 935
f 935 960 936
f 936 960 935
f 936 960 961
f 961 960 936
f 936 961 937
f 937 961 936
f 937 961 962
f 962 961 937
f 937 962 938
f 938 962 937
f 938 962 963
f 963 962 938
f 938 963 939
f 939 963 938
f 939 963 964
f 964 963 939
f 939 964 940
f 940 964 939
f 940 964 965
f 965 964 940
f 940 965 941
f 941 965 940
f 941 965 966
f 966 965 941
f 941 966 942
f 942 966 941
f 942 966 967
f 967 966 942
f 942 967 943
f 943 967 942
f 943 967 968
f 968 967 943
f 943 968 944
f 944 968 943
f 944 968 969
f 969 968 944
f 944 969 945
f 945 969 944
f 945 969 970
f 970 969 945
f 945 970 946
f 946 970 945
f 946 970 971
f 971 970 946
f 946 971 947
f 947 971 946
f 947 971 972
f 972 971 947
f 947 972 948
f 948 972 947
f 948 972 949
f 949 972 948
f 948 949 925
f 925 949 948
f 949 973 974
f 974 973 949
f 949 974 950
f 950 974 949
f 950 974 975
f 975 974 950
f 950 975 951
f 951 975 950
f 951 975 976
f 976 975 951
f 951 976 952
f 952 976 951
f 952 976 977
f 977 976 952
f 952 977 953
f 953 977 952
f 953 977 978
f 978 977 953
f 953 978 954
f 954 978 953
f 954 978 979
f 979 978 954
f 954 979 955
f 955 979 954
f 955 979 980
f 980 979 955
f 955 980 956
f 956 980 955
f 956 980 981
f 981 980 956
f 956 981 957
f 957 981 956
f 957 981 982
f 982 981 957
f 957 982 958
f 958 982 957
f 958 982 983
f 983 982 958
f 958 983 959
f 959 983 958
f 959 983 984
f 984 983 959
f 959 984 960
f 960 984 959
f 960 984 985
f 985 984 960
f 960 985 961
f 961 985 960
f 961 985 986
f 986 985 961
f 961 986 962
f 962 986 961
f 962 986 987
f 987 986 962
f 962 987 963
f 963 987 962
f 963 987 988
f 988 987 963
f 963 988 964
f 964 988 963
f 964 988 989
f 989 988 964
f 964 989 965
f 965 989 964
f 965 989 990
f 990 989 965
f 965 990 966
f 966 990 965
f 966 990 991
f 991 990 966
f 966 991 967
f 967 991 966
f 967 991 992
f 992 991 967
f 967 992 968
f 968 992 967
f 968 992 993
f 993 992 968
f 968 993 969
f 969 993 968
f 969 993 994
f 994 993 969
f 969 994 970
f 970 994 969
f 970 994 995
f 995 994 970
f 970 995 971
f 971 995 970
f 971 995 996
f 996 995 971
f 971 996 972
f 972 996 971
f 972 996 973
f 973 996 972
f 972 973 949
f 949 973 972
f 973 997 998
f 998 997 973
f 973 998 974
f 974 998 973
f 974 998 999
f 999 998 974
f 974 999 975
f 975 999 974
f 975 999 1000
f 1000 999 975
f 975 1000 976
f 976 1000 975
f 976 1000 1001
f 1001 1000 976
f 976 1001 977
f 977 1001 976
f 977 1001 1002
f 1002 1001 977
f 977 1002 978
f 978 1002 977
f 978 1002 1003
f 1003 1002 978
f 978 1003 979
f 979 1003 978
f 979 1003 1004
f 1004 1003 979
f 979 1004 980
f 980 1004 979
f 980 1004 1005
f 1005 1004 980
f 980 1005 981
f 981 1005 980
f 981 1005 1006
f 1006 1005 981
f 981 1006 982
f 982 1006 981
f 982 1006 1007
f 1007 1006 982
f 982 1007 983
f 983 1007 982
f 983 1007 1008
f 1008 1007 983
f 983 1008 984
f 984 1008 983
f 984 1008 1009
f 1009 1008 984
f 984 1009 985
f 985 1009 984
f 985 1009 1010
f 1010 1009 985
f 985 1010 986
f 986 1010 985
f 986 1010 1011
f 1011 1010 986
f 986 1011 987
f 987 1011 986
f 987 1011 1012
f 1012 1011 987
f 987 1012 988
f 988 1012 987
f 988 1012 1013
f 1013 1012 988
f 988 1013 989
f 989 1013 988
f 989 1013 1014
f 1014 1013 989
f 989 1014 990
f 990 1014 989
f 990 1014 1015
f 1015 1014 990
f 990 1015 991
f 991 1015 990
f 991 1015 1016
f 1016 1015 991
f 991 1016 992
f 992 1016 991
f 992 1016 1017
f 1017 1016 992
f 992 1017 993
f 993 1017 992
f 993 1017 1018
f 1018 1017 993
f 993 1018 994
f 994 1018 993
f 994 1018 1019
f 1019 1018 994
f 994 1019 995
f 995 1019 994
f 995 1019 1020
f 1020 1019 995
f 995 1020 996
f 996 1020 995
f 996 1020 997
f 997 1020 996
f 996 997 973
f 973 997 996
f 997 1021 1022
f 1022 1021 997
f 997 1022 998
f 998 1022 997
f 998 1022 1023
f 1023 1022 998
f 998 1023 999
f 999 1023 998
f 999 1023 1024
f 1024 1023 999
f 999 1024 1000
f 1000 1024 999
f 1000 1024 1025
f 1025 1024 1000
f 1000 1025 1001
f 1001 1025 1000
f 1001 1025 1026
f 1026 1025 1001
f 1001 1026 1002
f 1002 1026 1001
f 1002 1026 1027
f 1027 1026 1002
f 1002 1027 1003
f 1003 1027 1002
f 1003 1027 1028
f 1028 1027 1003
f 1003 1028 1004
f 1004 1028 1003
f 1004 1028 1029
f 1029 1028 1004
f 1004 1029 1005
f 1005 1029 1004
f 1005 1029 1030
f 1030 1029 1005
f 1005 1030 1006
f 1006 1030 1005
f 1006 1030 1031
f 1031 1030 1006
f 1006 1031 1007
f 1007 1031 1006
f 1007 1031 1032
f 1032 1031 1007
f 1007 1032 1008
f 1008 1032 1007
f 1008 1032 1033
f 1033 1032 1008
f 1008 1033 1009
f 1009 1033 1008
f 1009 1033 1034
f 1034 1033 1009
f 1009 1034 1010
f 1010 1034 1009
f 1010 1034 1035
f 1035 1034 1010
f 1010 1035 1011
f 1011 1035 1010
f 1011 1035 1036
f 1036 1035 1011
f 1011 1036 1012
f 1012 1036 1011
f 1012 1036 1037
f 1037 1036 1012
f 1012 1037 1013
f 1013 1037 1012
f 1013 1037 1038
f 1038 1037 1013
f 1013 1038 1014
f 1014 1038 1013
f 1014 1038 1039
f 1039 1038 1014
f 1014 1039 1015
f 1015 1039 1014
f 1015 1039 1040
f 1040 1039 1015
f 1015 1040 1016
f 1016 1040 1015
f 1016 1040 1041
f 1041 1040 1016
f 1016 1041 1017
f 1017 1041 1016
f 1017 1041 1042
f 1042 1041 1017
f 1017 1042 1018
f 1018 1042 1017
f 1018 1042 1043
f 1043 1042 1018
f 1018 1043 1019
f 1019 1043 1018
f 1019 1043 1044
f 1044 1043 1019
f 1019 1044 1020
f 1020 1044 1019
f 1020 1044 1021
f 1021 1044 1020
f 1020 1021 997
f 997 1021 1020
f 1021 1045 1046
f 1046 1045 1021
f 1021 1046 1022
f 1022 1046 1021
f 1022 1046 1047
f 1047 1046 1022
f 1022 1047 1023
f 1023 1047 1022
f 1023 1047 1048
f 1048 1047 1023
f 1023 1048 1024
f 1024 1048 1023
f 1024 1048 1049
f 1049 1048 1024
f 1024 1049 1025
f 1025 1049 1024
f 1025 1049 1050
f 1050 1049 1025
f 1025 1050 1026
f 1026 1050 1025
f 1026 1050 1051
f 1051 1050 1026
f 1026 1051 1027
f 1027 1051 1026
f 1027 1051 1052
f 1052 1051 1027
f 1027 1052 1028
f 1028 1052 1027
f 1028 1052 1053
f 1053 1052 1028
f 1028 1053 1029
f 1029 1053 1028
f 1029 1053 1054
f 1054 1053 1029
f 1029 1054 1030
f 1030 1054 1029
f 1030 1054 1055
f 1055 1054 1030
f 1030 1055 1031
f 1031 1055 1030
f 1031 1055 1056
f 1056 1055 1031
f 1031 1056 1032
f 1032 1056 1031
f 1032 1056 1057
f 1057 1056 1032
f 1032 1057 1033
f 1033 1057 1032
f 1033 1057 1058
f 1058 1057 1033
f 1033 1058 1034
f 1034 1058 1033
f 1034 1058 1059
f 1059 1058 1034
f 1034 1059 1035
f 1035 1059 1034
f 1035 1059 1060
f 1060 1059 1035
f 1035 1060 1036
f 1036 1060 1035
f 1036 1060 1061
f 1061 1060 1036
f 1036 1061 1037
f 1037 1061 1036
f 1037 1061 1062
f 1062 1061 1037
f 1037 1062 1038
f 1038 1062 1037
f 1038 1062 1063
f 1063 1062 1038
f 1038 1063 1039
f 1039 1063 1038
f 1039 1063 1064
f 1064 1063 1039
f 1039 1064 1040
f 1040 1064 1039
f 1040 1064 1065
f 1065 1064 1040
f 1040 1065 1041
f 1041 1065 1040
f 1041 1065 1066
f 1066 1065 1041
f 1041 1066 1042
f 1042 1066 1041
f 1042 1066 1067
f 1067 1066 1042
f 1042 1067 1043
f 1043 1067 1042
f 1043 1067 1068
f 1068 1067 1043
f 1043 1068 1044
f 1044 1068 1043
f 1044 1068 1045
f 1045 1068 1044
f 1044 1045 1021
f 1021 1045 1044
f 1045 1069 1070
f 1070 1069 1045
f 1045 1070 1046
f 1046 1070 1045
f 1046 1070 1071
f 1071 1070 1046
f 1046 1071 1047
f 1047 1071 1046
f 1047 1071 1072
f 1072 1071 1047
f 1047 1072 1048
f 1048 1072 1047
f 1048 1072 1073
f 1073 1072 1048
f 1048 1073 1049
f 1049 1073 1048
f 1049 1073 1074
f 1074 1073 1049
f 1049 1074 1050
f 1050 1074 1049
f 1050 1074 1075
f 1075 1074 1050
f 1050 1075 1051
f 1051 1075 1050
f 1051 1075 1076
f 1076 1075 1051
f 1051 1076 1052
f 1052 1076 1051
f 1052 1076 1077
f 1077 1076 1052
f 1052 1077 1053
f 1053 1077 1052
f 1053 1077 1078
f 1078 1077 1053
f 1053 1078 1054
f 1054 1078 1053
f 1054 1078 1079
f 1079 1078 1054
f 1054 1079 1055
f 1055 1079 1054
f 1055 1079 1080
f 1080 1079 1055
f 1055 1080 1056
f 1056 1080 1055
f 1056 1080 1081
f 1081 1080 1056
f 1056 1081 1057
f 1057 1081 1056
f 1057 1081 1082
f 1082 1081 1057
f 1057 1082 1058
f 1058 1082 1057
f 1058 1082 1083
f 1083 1082 1058
f 1058 1083 1059
f 1059 1083 1058
f 1059 1083 1084
f 1084 1083 1059
f 1059 1084 1060
f 1060 1084 1059
f 1060 1084 1085
f 1085 1084 1060
f 1060 1085 1061
f 1061 1085 1060
f 1061 1085 1086
f 1086 1085 1061
f 1061 1086 1062
f 1062 1086 1061
f 1062 1086 1087
f 1087 1086 1062
f 1062 1087 1063
f 1063 1087 1062
f 1063 1087 1088
f 1088 1087 1063
f 1063 1088 1064
f 1064 1088 1063
f 1064 1088 1089
f 1089 1088 1064
f 1064 1089 1065
f 1065 1089 1064
f 1065 1089 1090
f 1090 1089 1065
f 1065 1090 1066
f 1066 1090 1065
f 1066 1090 1091
f 1091 1090 1066
f 1066 1091 1067
f 1067 1091 1066
f 1067 1091 1092
f 1092 1091 1067
f 1067 1092 1068
f 1068 1092 1067
f 1068 1092 1069
f 1069 1092 1068
f 1068 1069 1045
f 1045 1069 1068
f 1069 1093 1094
f 1094 1093 1069
f 1069 1094 1070
f 1070 1094 1069
f 1070 1094 1095
f 1095 1094 1070
f 1070 1095 1071
f 1071 1095 1070
f 1071 1095 1096
f 1096 1095 1071
f 1071 1096 1072
f 1072 1096 1071
f 1072 1096 1097
f 1097 1096 1072
f 1072 1097 1073
f 1073 1097 1072
f 1073 1097 1098
f 1098 1097 1073
f 1073 1098 1074
f 1074 1098 1073
f 1074 1098 1099
f 1099 1098 1074
f 1074 1099 1075
f 1075 1099 1074
f 1075 1099 1100
f 1100 1099 1075
f 1075 1100 1076
f 1076 1100 1075
f 1076 1100 1101
f 1101 1100 1076
f 1076 1101 1077
f 1077 1101 1076
f 1077 1101 1102
f 1102 1101 1077
f 1077 1102 1078
f 1078 1102 1077
f 1078 1102 1103
f 1103 1102 1078
f 1078 1103 1079
f 1079 1103 1078
f 1079 1103 1104
f 1104 1103 1079
f 1079 1104 1080
f 1080 1104 1079
f 1080 1104 1105
f 1105 1104 1080
f 1080 1105 1081
f 1081 1105 1080
f 1081 1105 1106
f 1106 1105 1081
f 1081 1106 1082
f 1082 1106 1081
f 1082 1106 1107
f 1107 1106 1082
f 1082 1107 1083
f 1083 1107 1082
f 1083 1107 1108
f 1108 1107 1083
f 1083 1108 1084
f 1084 1108 1083
f 1084 1108 1109
f 1109 1108 1084
f 1084 1109 1085
f 1085 1109 1084
f 1085 1109 1110
f 1110 1109 1085
f 1085 1110 1086
f 1086 1110 1085
f 1086 1110 1111
f 1111 1110 1086
f 1086 1111 1087
f 1087 1111 1086
f 1087 1111 1112
f 1112 1111 1087
f 1087 1112 1088
f 1088 1112 1087
f 1088 1112 1113
f 1113 1112 1088
f 1088 1113 1089
f 1089 1113 1088
f 1089 1113 1114
f 1114 1113 1089
f 1089 1114 1090
f 1090 1114 1089
f 1090 1114 1115
f 1115 1114 1090
f 1090 1115 1091
f 1091 1115 1090
f 1091 1115 1116
f 1116 1115 1091
f 1091 1116 1092
f 1092 1116 1091
f 1092 1116 1093
f 1093 1116 1092
f 1092 1093 1069
f 1069 1093 1092
f 1093 1117 1118
f 1118 1117 1093
f 1093 1118 1094
f 1094 1118 1093
f 1094 1118 1119
f 1119 1118 1094
f 1094 1119 1095
f 1095 1119 1094
f 1095 1119 1120
f 1120 1119 1095
f 1095 1120 1096
f 1096 1120 1095
f 1096 1120 1121
f 1121 1120 1096
f 1096 1121 1097
f 1097 1121 1096
f 1097 1121 1122
f 1122 1121 1097
f 1097 1122 1098
f 1098 1122 1097
f 1098 1122 1123
f 1123 1122 1098
f 1098 1123 1099
f 1099 1123 1098
f 1099 1123 1124
f 1124 1123 1099
f 1099 1124 1100
f 1100 1124 1099
f 1100 1124 1125
f 1125 1124 1100
f 1100 1125 1101
f 1101 1125 1100
f 1101 1125 1126
f 1126 1125 1101
f 1101 1126 1102
f 1102 1126 1101
f 1102 1126 1127
f 1127 1126 1102
f 1102 1127 1103
f 1103 1127 1102
f 1103 1127 1128
f 1128 1127 1103
f 1103 1128 1104
f 1104 1128 1103
f 1104 1128 1129
f 1129 1128 1104
f 1104 1129 1105
f 1105 1129 1104
f 1105 1129 1130
f 1130 1129 1105
f 1105 1130 1106
f 1106 1130 1105
f 1106 1130 1131
f 1131 1130 1106
f 1106 1131 1107
f 1107 1131 1106
f 1107 1131 1132
f 1132 1131 1107
f 1107 1132 1108
f 1108 1132 1107
f 1108 1132 1133
f 1133 1132 1108
f 1108 1133 1109
f 1109 1133 1108
f 1109 1133 1134
f 1134 1133 1109
f 1109 1134 1110
f 1110 1134 1109
f 1110 1134 1135
f 1135 1134 1110
f 1110 1135 1111
f 1111 1135 1110
f 1111 1135 1136
f 1136 1135 1111
f 1111 1136 1112
f 1112 1136 1111
f 1112 1136 1137
f 1137 1136 1112
f 1112 1137 1113
f 1113 1137 1112
f 1113 1137 1138
f 1138 1137 1113
f 1113 1138 1114
f 1114 1138 1113
f 1114 1138 1139
f 1139 1138 1114
f 1114 1139 1115
f 1115 1139 1114
f 1115 1139 1140
f 1140 1139 1115
f 1115 1140 1116
f 1116 1140 1115
f 1116 1140 1117
f 1117 1140 1116
f 1116 1117 1093
f 1093 1117 1116
f 1117 1141 1142
f 1142 1141 1117
f 1117 1142 1118
f 1118 1142 1117
f 1118 1142 1143
f 1143 1142 1118
f 1118 1143 1119
f 1119 1143 1118
f 1119 1143 1144
f 1144 1143 1119
f 1119 1144 1120
f 1120 1144 1119
f 1120 1144 1145
f 1145 1144 1120
f 1120 1145 1121
f 1121 1145 1120
f 1121 1145 1146
f 1146 1145 1121
f 1121 1146 1122
f 1122 1146 1121
f 1122 1146 1147
f 1147 1146 1122
f 1122 1147 1123
f 1123 1147 1122
f 1123 1147 1148
f 1148 1147 1123
f 1123 1148 1124
f 1124 1148 1123
f 1124 1148 1149
f 1149 1148 1124
f 1124 1149 1125
f 1125 1149 1124
f 1125 1149 1150
f 1150 1149 1125
f 1125 1150 1126
f 1126 1150 1125
f 1126 1150 1151
f 1151 1150 1126
f 1126 1151 1127
f 1127 1151 1126
f 1127 1151 1152
f 1152 1151 1127
f 1127 1152 1128
f 1128 1152 1127
f 1128 1152 1153
f 1153 1152 1128
f 1128 1153 1129
f 1129 1153 1128
f 1129 1153 1154
f 1154 1153 1129
f 1129 1154 1130
f 1130 1154 1129
f 1130 1154 1155
f 1155 1154 1130
f 1130 1155 1131
f 1131 1155 1130
f 1131 1155 1156
f 1156 1155 1131
f 1131 1156 1132
f 1132 1156 1131
f 1132 1156 1157
f 1157 1156 1132
f 1132 1157 1133
f 1133 1157 1132
f 1133 1157 1158
f 1158 1157 1133
f 1133 1158 1134
f 1134 1158 1133
f 1134 1158 1159
f 1159 1158 1134
f 1134 1159 1135
f 1135 1159 1134
f 1135 1159 1160
f 1160 1159 1135
f 1135 1160 1136
f 1136 1160 1135
f 1136 1160 1161
f 1161 1160 1136
f 1136 1161 1137
f 1137 1161 1136
f 1137 1161 1162
f 1162 1161 1137
f 1137 1162 1138
f 1138 1162 1137
f 1138 1162 1163
f 1163 1162 1138
f 1138 1163 1139
f 1139 1163 1138
f 1139 1163 1164
f 1164 1163 1139
f 1139 1164 1140
f 1140 1164 1139
f 1140 1164 1141
f 1141 1164 1140
f 1140 1141 1117
f 1117 1141 1140
f 1141 1165 1166
f 1166 1165 1141
f 1141 1166 1142
f 1142 1166 1141
f 1142 1166 1167
f 1167 1166 1142
f 1142 1167 1143
f 1143 1167 1142
f 1143 1167 1168
f 1168 1167 1143
f 1143 1168 1144
f 1144 1168 1143
f 1144 1168 1169
f 1169 1168 1144
f 1144 1169 1145
f 1145 1169 1144
f 1145 1169 1170
f 1170 1169 1145
f 1145 1170 1146
f 1146 1170 1145
f 1146 1170 1171
f 1171 1170 1146
f 1146 1171 1147
f 1147 1171 1146
f 1147 1171 1172
f 1172 1171 1147
f 1147 1172 1148
f 1148 1172 1147
f 1148 1172 1173
f 1173 1172 1148
f 1148 1173 1149
f 1149 1173 1148
f 1149 1173 1174
f 1174 1173 1149
f 1149 1174 1150
f 1150 1174 1149
f 1150 1174 1175
f 1175 1174 1150
f 1150 1175 1151
f 1151 1175 1150
f 1151 1175 1176
f 1176 1175 1151
f 1151 1176 1152
f 1152 1176 1151
f 1152 1176 1177
f 1177 1176 1152
f 1152 1177 1153
f 1153 1177 1152
f 1153 1177 1178
f 1178 1177 1153
f 1153 1178 1154
f 1154 1178 1153
f 1154 1178 1179
f 1179 1178 1154
f 1154 1179 1155
f 1155 1179 1154
f 1155 1179 1180
f 1180 1179 1155
f 1155 1180 1156
f 1156 1180 1155
f 1156 1180 1181
f 1181 1180 1156
f 1156 1181 1157
f 1157 1181 1156
f 1157 1181 1182
f 1182 1181 1157
f 1157 1182 1158
f 1158 1182 1157
f 1158 1182 1183
f 1183 1182 1158
f 1158 1183 1159
f 1159 1183 1158
f 1159 1183 1184
f 1184 1183 1159
f 1159 1184 1160
f 1160 1184 1159
f 1160 1184 1185
f 1185 1184 1160
f 1160 1185 1161
f 1161 1185 1160
f 1161 1185 1186
f 1186 1185 1161
f 1161 1186 1162
f 1162 1186 1161
f 1162 1186 1187
f 1187 1186 1162
f 1162 1187 1163
f 1163 1187 1162
f 1163 1187 1188
f 1188 1187 1163
f 1163 1188 1164
f 1164 1188 1163
f 1164 1188 1165
f 1165 1188 1164
f 1164 1165 1141
f 1141 1165 1164
f 1165 1189 1190
f 1190 1189 1165
f 1165 1190 1166
f 1166 1190 1165
f 1166 1190 1191
f 1191 1190 1166
f 1166 1191 1167
f 1167 1191 1166
f 1167 1191 1192
f 1192 1191 1167
f 1167 1192 1168
f 1168 1192 1167
f 1168 1192 1193
f 1193 1192 1168
f 1168 1193 1169
f 1169 1193 1168
f 1169 1193 1194
f 1194 1193 1169
f 1169 1194 1170
f 1170 1194 1169
f 1170 1194 1195
f 1195 1194 1170
f 1170 1195 1171
f 1171 1195 1170
f 1171 1195 1196
f 1196 1195 1171
f 1171 1196 1172
f 1172 1196 1171
f 1172 1196 1197
f 1197 1196 1172
f 1172 1197 1173
f 1173 1197 1172
f 1173 1197 1198
f 1198 1197 1173
f 1173 1198 1174
f 1174 1198 1173
f 1174 1198 1199
f 1199 1198 1174
f 1174 1199 1175
f 1175 1199 1174
f 1175 1199 1200
f 1200 1199 1175
f 1175 1200 1176
f 1176 1200 1175
f 1176 1200 1201
f 1201 1200 1176
f 1176 1201 1177
f 1177 1201 1176
f 1177 1201 1202
f 1202 1201 1177
f 1177 1202 1178
f 1178 1202 1177
f 1178 1202 1203
f 1203 1202 1178
f 1178 1203 1179
f 1179 1203 1178
f 1179 1203 1204
f 1204 1203 1179
f 1179 1204 1180
f 1180 1204 1179
f 1180 1204 1205
f 1205 1204 1180
f 1180 1205 1181
f 1181 1205 1180
f 1181 1205 1206
f 1206 1205 1181
f 1181 1206 1182
f 1182 1206 1181
f 1182 1206 1207
f 1207 1206 1182
f 1182 1207 1183
f 1183 1207 1182
f 1183 1207 1208
f 1208 1207 1183
f 1183 1208 1184
f 1184 1208 1183
f 1184 1208 1209
f 1209 1208 1184
f 1184 1209 1185
f 1185 1209 1184
f 1185 1209 1210
f 1210 1209 1185
f 1185 1210 1186
f 1186 1210 1185
f 1186 1210 1211
f 1211 1210 1186
f 1186 1211 1187
f 1187 1211 1186
f 1187 1211 1212
f 1212 1211 1187
f 1187 1212 1188
f 1188 1212 1187
f 1188 1212 1189
f 1189 1212 1188
f 1188 1189 1165
f 1165 1189 1188
f 1189 1213 1214
f 1214 1213 1189
f 1189 1214 1190
f 1190 1214 1189
f 1190 1214 1215
f 1215 1214 1190
f 1190 1215 1191
f 1191 1215 1190
f 1191 1215 1216
f 1216 1215 1191
f 1191 1216 1192
f 1192 1216 1191
f 1192 1216 1217
f 1217 1216 1192
f 1192 1217 1193
f 1193 1217 1192
f 1193 1217 1218
f 1218 1217 1193
f 1193 1218 1194
f 1194 1218 1193
f 1194 1218 1219
f 1219 1218 1194
f 1194 1219 1195
f 1195 1219 1194
f 1195 1219 1220
f 1220 1219 1195
f 1195 1220 1196
f 1196 1220 1195
f 1196 1220 1221
f 1221 1220 1196
f 1196 1221 1197
f 1197 1221 1196
f 1197 1221 1222
f 1222 1221 1197
f 1197 1222 1198
f 1198 1222 1197
f 1198 1222 1223
f 1223 1222 1198
f 1198 1223 1199
f 1199 1223 1198
f 1199 1223 1224
f 1224 1223 1199
f 1199 1224 1200
f 1200 1224 1199
f 1200 1224 1225
f 1225 1224 1200
f 1200 1225 1201
f 1201 1225 1200
f 1201 1225 1226
f 1226 1225 1201
f 1201 1226 1202
f 1202 1226 1201
f 1202 1226 1227
f 1227 1226 1202
f 1202 1227 1203
f 1203 1227 1202
f 1203 1227 1228
f 1228 1227 1203
f 1203 1228 1204
f 1204 1228 1203
f 1204 1228 1229
f 1229 1228 1204
f 1204 1229 1205
f 1205 1229 1204
f 1205 1229 1230
f 1230 1229 1205
f 1205 1230 1206
f 1206 1230 1205
f 1206 1230 1231
f 1231 1230 1206
f 1206 1231 1207
f 1207 1231 1206
f 1207 1231 1232
f 1232 1231 1207
f 1207 1232 1208
f 1208 1232 1207
f 1208 1232 1233
f 1233 1232 1208
f 1208 1233 1209
f 1209 1233 1208
f 1209 1233 1234
f 1234 1233 1209
f 1209 1234 1210
f 1210 1234 1209
f 1210 1234 1235
f 1235 1234 1210
f 1210 1235 1211
f 1211 1235 1210
f 1211 1235 1236
f 1236 1235 1211
f 1211 1236 1212
f 1212 1236 1211
f 1212 1236 1213
f 1213 1236 1212
f 1212 1213 1189
f 1189 1213 1212
f 1237 1247 1248
f 1248 1247 1237
f 1237 1248 1238
f 1238 1248 1237
f 1238 1248 1249
f 1249 1248 1238
f 1238 1249 1239
f 1239 1249 1238
f 1239 1249 1250
f 1250 1249 1239
f 1239 1250 1240
f 1240 1250 1239
f 1240 1250 1251
f 1251 1250 1240
f 1240 1251 1241
f 1241 1251 1240
f 1241 1251 1252
f 1252 1251 1241
f 1241 1252 1242
f 1242 1252 1241
f 1242 1252 1253
f 1253 1252 1242
f 1242 1253 1243
f 1243 1253 1242
f 1243 1253 1254
f 1254 1253 1243
f 1243 1254 1244
f 1244 1254 1243
f 1244 1254 1255
f 1255 1254 1244
f 1244 1255 1245
f 1245 1255 1244
f 1245 1255 1256
f 1256 1255 1245
f 1245 1256 1246
f 1246 1256 1245
f 1246 1256 1247
f 1247 1256 1246
f 1246 1247 1237
f 1237 1247 1246
f 1247 1257 1258
f 1258 1257 1247
f 1247 1258 1248
f 1248 1258 1247
f 1248 1258 1259
f 1259 1258 1248
f 1248 1259 1249
f 1249 1259 1248
f 1249 1259 1260
f 1260 1259 1249
f 1249 1260 1250
f 1250 1260 1249
f 1250 1260 1261
f 1261 1260 1250
f 1250 1261 1251
f 1251 1261 1250
f 1251 1261 1262
f 1262 1261 1251
f 1251 1262 1252
f 1252 1262 1251
f 1252 1262 1263
f 1263 1262 1252
f 1252 1263 1253
f 1253 1263 1252
f 1253 1263 1264
f 1264 1263 1253
f 1253 1264 1254
f 1254 1264 1253
f 1254 1264 1265
f 1265 1264 1254
f 1254 1265 1255
f 1255 1265 1254
f 1255 1265 1266
f 1266 1265 1255
f 1255 1266 1256
f 1256 1266 1255
f 1256 1266 1257
f 1257 1266 1256
f 1256 1257 1247
f 1247 1257 1256
f 1257 1267 1268
f 1268 1267 1257
f 1257 1268 1258
f 1258 1268 1257
f 1258 1268 1269
f 1269 1268 1258
f 1258 1269 1259
f 1259 1269 1258
f 1259 1269 1270
f 1270 1269 1259
f 1259 1270 1260
f 1260 1270 1259
f 1260 1270 1271
f 1271 1270 1260
f 1260 1271 1261
f 1261 1271 1260
f 1261 1271 1272
f 1272 1271 1261
f 1261 1272 1262
f 1262 1272 1261
f 1262 1272 1273
f 1273 1272 1262
f 1262 1273 1263
f 1263 1273 1262
f 1263 1273 1274
f 1274 1273 1263
f 1263 1274 1264
f 1264 1274 1263
f 1264 1274 1275
f 1275 1274 1264
f 1264 1275 1265
f 1265 1275 1264
f 1265 1275 1276
f 1276 1275 1265
f 1265 1276 1266
f 1266 1276 1265
f 1266 1276 1267
f 1267 1276 1266
f 1266 1267 1257
f 1257 1267 1266
f 1267 1277 1278
f 1278 1277 1267
f 1267 1278 1268
f 1268 1278 1267
f 1268 1278 1279
f 1279 1278 1268
f 1268 1279 1269
f 1269 1279 1268
f 1269 1279 1280
f 1280 1279 1269
f 1269 1280 1270
f 1270 1280 1269
f 1270 1280 1281
f 1281 1280 1270
f 1270 1281 1271
f 1271 1281 1270
f 1271 1281 1282
f 1282 1281 1271
f 1271 1282 1272
f 1272 1282 1271
f 1272 1282 1283
f 1283 1282 1272
f 1272 1283 1273
f 1273 1283 1272
f 1273 1283 1284
f 1284 1283 1273
f 1273 1284 1274
f 1274 1284 1273
f 1274 1284 1285
f 1285 1284 1274
f 1274 1285 1275
f 1275 1285 1274
f 1275 1285 1286
f 1286 1285 1275
f 1275 1286 1276
f 1276 1286 1275
f 1276 1286 1277
f 1277 1286 1276
f 1276 1277 1267
f 1267 1277 1276
f 1277 1287 1288
f 1288 1287 1277
f 1277 1288 1278
f 1278 1288 1277
f 1278 1288 1289
f 1289 1288 1278
f 1278 1289 1279
f 1279 1289 1278
f 1279 1289 1290
f 1290 1289 1279
f 1279 1290 1280
f 1280 1290 1279
f 1280 1290 1291
f 1291 1290 1280
f 1280 1291 1281
f 1281 1291 1280
f 1281 1291 1292
f 1292 1291 1281
f 1281 1292 1282
f 1282 1292 1281
f 1282 1292 1293
f 1293 1292 1282
f 1282 1293 1283
f 1283 1293 1282
f 1283 1293 1294
f 1294 1293 1283
f 1283 1294 1284
f 1284 1294 1283
f 1284 1294 1295
f 1295 1294 1284
f 1284 1295 1285
f 1285 1295 1284
f 1285 1295 1296
f 1296 1295 1285
f 1285 1296 1286
f 1286 1296 1285
f 1286 1296 1287
f 1287 1296 1286
f 1286 1287 1277
f 1277 1287 1286
f 1287 1297 1298
f 1298 1297 1287
f 1287 1298 1288
f 1288 1298 1287
f 1288 1298 1299
f 1299 1298 1288
f 1288 1299 1289
f 1289 1299 1288
f 1289 1299 1300
f 1300 1299 1289
f 1289 1300 1290
f 1290 1300 1289
f 1290 1300 1301
f 1301 1300 1290
f 1290 1301 1291
f 1291 1301 1290
f 1291 1301 1302
f 1302 1301 1291
f 1291 1302 1292
f 1292 1302 1291
f 1292 1302 1303
f 1303 1302 1292
f 1292 1303 1293
f 1293 1303 1292
f 1293 1303 1304
f 1304 1303 1293
f 1293 1304 1294
f 1294 1304 1293
f 1294 1304 1305
f 1305 1304 1294
f 1294 1305 1295
f 1295 1305 1294
f 1295 1305 1306
f 1306 1305 1295
f 1295 1306 1296
f 1296 1306 1295
f 1296 1306 1297
f 1297 1306 1296
f 1296 1297 1287
f 1287 1297 1296
f 1297 1307 1308
f 1308 1307 1297
f 1297 1308 1298
f 1298 1308 1297
f 1298 1308 1309
f 1309 1308 1298
f 1298 1309 1299
f 1299 1309 1298
f 1299 1309 1310
f 1310 1309 1299
f 1299 1310 1300
f 1300 1310 1299
f 1300 1310 1311
f 1311 1310 1300
f 1300 1311 1301
f 1301 1311 1300
f 1301 1311 1312
f 1312 1311 1301
f 1301 1312 1302
f 1302 1312 1301
f 1302 1312 1313
f 1313 1312 1302
f 1302 1313 1303
f 1303 1313 1302
f 1303 1313 1314
f 1314 1313 1303
f 1303 1314 1304
f 1304 1314 1303
f 1304 1314 1315
f 1315 1314 1304
f 1304 1315 1305
f 1305 1315 1304
f 1305 1315 1316
f 1316 1315 1305
f 1305 1316 1306
f 1306 1316 1305
f 1306 1316 1307
f 1307 1316 1306
f 1306 1307 1297
f 1297 1307 1306
f 1307 1317 1318
f 1318 1317 1307
f 1307 1318 1308
f 1308 1318 1307
f 1308 1318 1319
f 1319 1318 1308
f 1308 1319 1309
f 1309 1319 1308
f 1309 1319 1320
f 1320 1319 1309
f 1309 1320 1310
f 1310 1320 1309
f 1310 1320 1321
f 1321 1320 1310
f 1310 1321 1311
f 1311 1321 1310
f 1311 1321 1322
f 1322 1321 1311
f 1311 1322 1312
f 1312 1322 1311
f 1312 1322 1323
f 1323 1322 1312
f 1312 1323 1313
f 1313 1323 1312
f 1313 1323 1324
f 1324 1323 1313
f 1313 1324 1314
f 1314 1324 1313
f 1314 1324 1325
f 1325 1324 1314
f 1314 1325 1315
f 1315 1325 1314
f 1315 1325 1326
f 1326 1325 1315
f 1315 1326 1316
f 1316 1326 1315
f 1316 1326 1317
f 1317 1326 1316
f 1316 1317 1307
f 1307 1317 1316
usemtl cheek
f 1327 1335 1336
f 1336 1335 1327
f 1327 1336 1328
f 1328 1336 1327
f 1328 1336 1337
f 1337 1336 1328
f 1328 1337 1329
f 1329 1337 1328
f 1329 1337 1338
f 1338 1337 1329
f 1329 1338 1330
f 1330 1338 1329
f 1330 1338 1339
f 1339 1338 1330
f 1330 1339 1331
f 1331 1339 1330
f 1331 1339 1340
f 1340 1339 1331
f 1331 1340 1332
f 1332 1340 1331
f 1332 1340 1341
f 1341 1340 1332
f 1332 1341 1333
f 1333 1341 1332
f 1333 1341 1342
f 1342 1341 1333
f 1333 1342 1334
f 1334 1342 1333
f 1334 1342 1335
f 1335 1342 1334
f 1334 1335 1327
f 1327 1335 1334
f 1335 1343 1344
f 1344 1343 1335
f 1335 1344 1336
f 1336 1344 1335
f 1336 1344 1345
f 1345 1344 1336
f 1336 1345 1337
f 1337 1345 1336
f 1337 1345 1346
f 1346 1345 1337
f 1337 1346 1338
f 1338 1346 1337
f 1338 1346 1347
f 1347 1346 1338
f 1338 1347 1339
f 1339 1347 1338
f 1339 1347 1348
f 1348 1347 1339
f 1339 1348 1340
f 1340 1348 1339
f 1340 1348 1349
f 1349 1348 1340
f 1340 1349 1341
f 1341 1349 1340
f 1341 1349 1350
f 1350 1349 1341
f 1341 1350 1342
f 1342 1350 1341
f 1342 1350 1343
f 1343 1350 1342
f 1342 1343 1335
f 1335 1343 1342
f 1343 1351 1352
f 1352 1351 1343
f 1343 1352 1344
f 1344 1352 1343
f 1344 1352 1353
f 1353 1352 1344
f 1344 1353 1345
f 1345 1353 1344
f 1345 1353 1354
f 1354 1353 1345
f 1345 1354 1346
f 1346 1354 1345
f 1346 1354 1355
f 1355 1354 1346
f 1346 1355 1347
f 1347 1355 1346
f 1347 1355 1356
f 1356 1355 1347
f 1347 1356 1348
f 1348 1356 1347
f 1348 1356 1357
f 1357 1356 1348
f 1348 1357 1349
f 1349 1357 1348
f 1349 1357 1358
f 1358 1357 1349
f 1349 1358 1350
f 1350 1358 1349
f 1350 1358 1351
f 1351 1358 1350
f 1350 1351 1343
f 1343 1351 1350
f 1351 1359 1360
f 1360 1359 1351
f 1351 1360 1352
f 1352 1360 1351
f 1352 1360 1361
f 1361 1360 1352
f 1352 1361 1353
f 1353 1361 1352
f 1353 1361 1362
f 1362 1361 1353
f 1353 1362 1354
f 1354 1362 1353
f 1354 1362 1363
f 1363 1362 1354
f 1354 1363 1355
f 1355 1363 1354
f 1355 1363 1364
f 1364 1363 1355
f 1355 1364 1356
f 1356 1364 1355
f 1356 1364 1365
f 1365 1364 1356
f 1356 1365 1357
f 1357 1365 1356
f 1357 1365 1366
f 1366 1365 1357
f 1357 1366 1358
f 1358 1366 1357
f 1358 1366 1359
f 1359 1366 1358
f 1358 1359 1351
f 1351 1359 1358
f 1359 1367 1368
f 1368 1367 1359
f 1359 1368 1360
f 1360 1368 1359
f 1360 1368 1369
f 1369 1368 1360
f 1360 1369 1361
f 1361 1369 1360
f 1361 1369 1370
f 1370 1369 1361
f 1361 1370 1362
f 1362 1370 1361
f 1362 1370 1371
f 1371 1370 1362
f 1362 1371 1363
f 1363 1371 1362
f 1363 1371 1372
f 1372 1371 1363
f 1363 1372 1364
f 1364 1372 1363
f 1364 1372 1373
f 1373 1372 1364
f 1364 1373 1365
f 1365 1373 1364
f 1365 1373 1374
f 1374 1373 1365
f 1365 1374 1366
f 1366 1374 1365
f 1366 1374 1367
f 1367 1374 1366
f 1366 1367 1359
f 1359 1367 1366
f 1367 1375 1376
f 1376 1375 1367
f 1367 1376 1368
f 1368 1376 1367
f 1368 1376 1377
f 1377 1376 1368
f 1368 1377 1369
f 1369 1377 1368
f 1369 1377 1378
f 1378 1377 1369
f 1369 1378 1370
f 1370 1378 1369
f 1370 1378 1379
f 1379 1378 1370
f 1370 1379 1371
f 1371 1379 1370
f 1371 1379 1380
f 1380 1379 1371
f 1371 1380 1372
f 1372 1380 1371
f 1372 1380 1381
f 1381 1380 1372
f 1372 1381 1373
f 1373 1381 1372
f 1373 1381 1382
f 1382 1381 1373
f 1373 1382 1374
f 1374 1382 1373
f 1374 1382 1375
f 1375 1382 1374
f 1374 1375 1367
f 1367 1375 1374
f 1383 1391 1392
f 1392 1391 1383
f 1383 1392 1384
f 1384 1392 1383
f 1384 1392 1393
f 1393 1392 1384
f 1384 1393 1385
f 1385 1393 1384
f 1385 1393 1394
f 1394 1393 1385
f 1385 1394 1386
f 1386 1394 1385
f 1386 1394 1395
f 1395 1394 1386
f 1386 1395 1387
f 1387 1395 1386
f 1387 1395 1396
f 1396 1395 1387
f 1387 1396 1388
f 1388 1396 1387
f 1388 1396 1397
f 1397 1396 1388
f 1388 1397 1389
f 1389 1397 1388
f 1389 1397 1398
f 1398 1397 1389
f 1389 1398 1390
f 1390 1398 1389
f 1390 1398 1391
f 1391 1398 1390
f 1390 1391 1383
f 1383 1391 1390
f 1391 1399 1400
f 1400 1399 1391
f 1391 1400 1392
f 1392 1400 1391
f 1392 1400 1401
f 1401 1400 1392
f 1392 1401 1393
f 1393 1401 1392
f 1393 1401 1402
f 1402 1401 1393
f 1393 1402 1394
f 1394 1402 1393
f 1394 1402 1403
f 1403 1402 1394
f 1394 1403 1395
f 1395 1403 1394
f 1395 1403 1404
f 1404 1403 1395
f 1395 1404 1396
f 1396 1404 1395
f 1396 1404 1405
f 1405 1404 1396
f 1396 1405 1397
f 1397 1405 1396
f 1397 1405 1406
f 1406 1405 1397
f 1397 1406 1398
f 1398 1406 1397
f 1398 1406 1399
f 1399 1406 1398
f 1398 1399 1391
f 1391 1399 1398
f 1399 1407 1408
f 1408 1407 1399
f 1399 1408 1400
f 1400 1408 1399
f 1400 1408 1409
f 1409 1408 1400
f 1400 1409 1401
f 1401 1409 1400
f 1401 1409 1410
f 1410 1409 1401
f 1401 1410 1402
f 1402 1410 1401
f 1402 1410 1411
f 1411 1410 1402
f 1402 1411 1403
f 1403 1411 1402
f 1403 1411 1412
f 1412 1411 1403
f 1403 1412 1404
f 1404 1412 1403
f 1404 1412 1413
f 1413 1412 1404
f 1404 1413 1405
f 1405 1413 1404
f 1405 1413 1414
f 1414 1413 1405
f 1405 1414 1406
f 1406 1414 1405
f 1406 1414 1407
f 1407 1414 1406
f 1406 1407 1399
f 1399 1407 1406
f 1407 1415 1416
f 1416 1415 1407
f 1407 1416 1408
f 1408 1416 1407
f 1408 1416 1417
f 1417 1416 1408
f 1408 1417 1409
f 1409 1417 1408
f 1409 1417 1418
f 1418 1417 1409
f 1409 1418 1410
f 1410 1418 1409
f 1410 1418 1419
f 1419 1418 1410
f 1410 1419 1411
f 1411 1419 1410
f 1411 1419 1420
f 1420 1419 1411
f 1411 1420 1412
f 1412 1420 1411
f 1412 1420 1421
f 1421 1420 1412
f 1412 1421 1413
f 1413 1421 1412
f 1413 1421 1422
f 1422 1421 1413
f 1413 1422 1414
f 1414 1422 1413
f 1414 1422 1415
f 1415 1422 1414
f 1414 1415 1407
f 1407 1415 1414
f 1415 1423 1424
f 1424 1423 1415
f 1415 1424 1416
f 1416 1424 1415
f 1416 1424 1425
f 1425 1424 1416
f 1416 1425 1417
f 1417 1425 1416
f 1417 1425 1426
f 1426 1425 1417
f 1417 1426 1418
f 1418 1426 1417
f 1418 1426 1427
f 1427 1426 1418
f 1418 1427 1419
f 1419 1427 1418
f 1419 1427 1428
f 1428 1427 1419
f 1419 1428 1420
f 1420 1428 1419
f 1420 1428 1429
f 1429 1428 1420
f 1420 1429 1421
f 1421 1429 1420
f 1421 1429 1430
f 1430 1429 1421
f 1421 1430 1422
f 1422 1430 1421
f 1422 1430 1423
f 1423 1430 1422
f 1422 1423 1415
f 1415 1423 1422
f 1423 1431 1432
f 1432 1431 1423
f 1423 1432 1424
f 1424 1432 1423
f 1424 1432 1433
f 1433 1432 1424
f 1424 1433 1425
f 1425 1433 1424
f 1425 1433 1434
f 1434 1433 1425
f 1425 1434 1426
f 1426 1434 1425
f 1426 1434 1435
f 1435 1434 1426
f 1426 1435 1427
f 1427 1435 1426
f 1427 1435 1436
f 1436 1435 1427
f 1427 1436 1428
f 1428 1436 1427
f 1428 1436 1437
f 1437 1436 1428
f 1428 1437 1429
f 1429 1437 1428
f 1429 1437 1438
f 1438 1437 1429
f 1429 1438 1430
f 1430 1438 1429
f 1430 1438 1431
f 1431 1438 1430
f 1430 1431 1423
f 1423 1431 1430
usemtl mouth
f 1439 1447 1448
f 1448 1447 1439
f 1439 1448 1440
f 1440 1448 1439
f 1440 1448 1449
f 1449 1448 1440
f 1440 1449 1441
f 1441 1449 1440
f 1441 1449 1450
f 1450 1449 1441
f 1441 1450 1442
f 1442 1450 1441
f 1442 1450 1451
f 1451 1450 1442
f 1442 1451 1443
f 1443 1451 1442
f 1443 1451 1452
f 1452 1451 1443
f 1443 1452 1444
f 1444 1452 1443
f 1444 1452 1453
f 1453 1452 1444
f 1444 1453 1445
f 1445 1453 1444
f 1445 1453 1454
f 1454 1453 1445
f 1445 1454 1446
f 1446 1454 1445
f 1446 1454 1447
f 1447 1454 1446
f 1446 1447 1439
f 1439 1447 1446
f 1447 1455 1456
f 1456 1455 1447
f 1447 1456 1448
f 1448 1456 1447
f 1448 1456 1457
f 1457 1456 1448
f 1448 1457 1449
f 1449 1457 1448
f 1449 1457 1458
f 1458 1457 1449
f 1449 1458 1450
f 1450 1458 1449
f 1450 1458 1459
f 1459 1458 1450
f 1450 1459 1451
f 1451 1459 1450
f 1451 1459 1460
f 1460 1459 1451
f 1451 1460 1452
f 1452 1460 1451
f 1452 1460 1461
f 1461 1460 1452
f 1452 1461 1453
f 1453 1461 1452
f 1453 1461 1462
f 1462 1461 1453
f 1453 1462 1454
f 1454 1462 1453
f 1454 1462 1455
f 1455 1462 1454
f 1454 1455 1447
f 1447 1455 1454
f 1455 1463 1464
f 1464 1463 1455
f 1455 1464 1456
f 1456 1464 1455
f 1456 1464 1465
f 1465 1464 1456
f 1456 1465 1457
f 1457 1465 1456
f 1457 1465 1466
f 1466 1465 1457
f 1457 1466 1458
f 1458 1466 1457
f 1458 1466 1467
f 1467 1466 1458
f 1458 1467 1459
f 1459 1467 1458
f 1459 1467 1468
f 1468 1467 1459
f 1459 1468 1460
f 1460 1468 1459
f 1460 1468 1469
f 1469 1468 1460
f 1460 1469 1461
f 1461 1469 1460
f 1461 1469 1470
f 1470 1469 1461
f 1461 1470 1462
f 1462 1470 1461
f 1462 1470 1463
f 1463 1470 1462
f 1462 1463 1455
f 1455 1463 1462
f 1463 1471 1472
f 1472 1471 1463
f 1463 1472 1464
f 1464 1472 1463
f 1464 1472 1473
f 1473 1472 1464
f 1464 1473 1465
f 1465 1473 1464
f 1465 1473 1474
f 1474 1473 1465
f 1465 1474 1466
f 1466 1474 1465
f 1466 1474 1475
f 1475 1474 1466
f 1466 1475 1467
f 1467 1475 1466
f 1467 1475 1476
f 1476 1475 1467
f 1467 1476 1468
f 1468 1476 1467
f 1468 1476 1477
f 1477 1476 1468
f 1468 1477 1469
f 1469 1477 1468
f 1469 1477 1478
f 1478 1477 1469
f 1469 1478 1470
f 1470 1478 1469
f 1470 1478 1471
f 1471 1478 1470
f 1470 1471 1463
f 1463 1471 1470
f 1471 1479 1480
f 1480 1479 1471
f 1471 1480 1472
f 1472 1480 1471
f 1472 1480 1481
f 1481 1480 1472
f 1472 1481 1473
f 1473 1481 1472
f 1473 1481 1482
f 1482 1481 1473
f 1473 1482 1474
f 1474 1482 1473
f 1474 1482 1483
f 1483 1482 1474
f 1474 1483 1475
f 1475 1483 1474
f 1475 1483 1484
f 1484 1483 1475
f 1475 1484 1476
f 1476 1484 1475
f 1476 1484 1485
f 1485 1484 1476
f 1476 1485 1477
f 1477 1485 1476
f 1477 1485 1486
f 1486 1485 1477
f 1477 1486 1478
f 1478 1486 1477
f 1478 1486 1479
f 1479 1486 1478
f 1478 1479 1471
f 1471 1479 1478
f 1479 1487 1488
f 1488 1487 1479
f 1479 1488 1480
f 1480 1488 1479
f 1480 1488 1489
f 1489 1488 1480
f 1480 1489 1481
f 1481 1489 1480
f 1481 1489 1490
f 1490 1489 1481
f 1481 1490 1482
f 1482 1490 1481
f 1482 1490 1491
f 1491 1490 1482
f 1482 1491 1483
f 1483 1491 1482
f 1483 1491 1492
f 1492 1491 1483
f 1483 1492 1484
f 1484 1492 1483
f 1484 1492 1493
f 1493 1492 1484
f 1484 1493 1485
f 1485 1493 1484
f 1485 1493 1494
f 1494 1493 1485
f 1485 1494 1486
f 1486 1494 1485
f 1486 1494 1487
f 1487 1494 1486
f 1486 1487 1479
f 1479 1487 1486
usemtl eye_white
f 1495 1507 1508
f 1508 1507 1495
f 1495 1508 1496
f 1496 1508 1495
f 1496 1508 1509
f 1509 1508 1496
f 1496 1509 1497
f 1497 1509 1496
f 1497 1509 1510
f 1510 1509 1497
f 1497 1510 1498
f 1498 1510 1497
f 1498 1510 1511
f 1511 1510 1498
f 1498 1511 1499
f 1499 1511 1498
f 1499 1511 1512
f 1512 1511 1499
f 1499 1512 1500
f 1500 1512 1499
f 1500 1512 1513
f 1513 1512 1500
f 1500 1513 1501
f 1501 1513 1500
f 1501 1513 1514
f 1514 1513 1501
f 1501 1514 1502
f 1502 1514 1501
f 1502 1514 1515
f 1515 1514 1502
f 1502 1515 1503
f 1503 1515 1502
f 1503 1515 1516
f 1516 1515 1503
f 1503 1516 1504
f 1504 1516 1503
f 1504 1516 1517
f 1517 1516 1504
f 1504 1517 1505
f 1505 1517 1504
f 1505 1517 1518
f 1518 1517 1505
f 1505 1518 1506
f 1506 1518 1505
f 1506 1518 1507
f 1507 1518 1506
f 1506 1507 1495
f 1495 1507 1506
f 1507 1519 1520
f 1520 1519 1507
f 1507 1520 1508
f 1508 1520 1507
f 1508 1520 1521
f 1521 1520 1508
f 1508 1521 1509
f 1509 1521 1508
f 1509 1521 1522
f 1522 1521 1509
f 1509 1522 1510
f 1510 1522 1509
f 1510 1522 1523
f 1523 1522 1510
f 1510 1523 1511
f 1511 1523 1510
f 1511 1523 1524
f 1524 1523 1511
f 1511 1524 1512
f 1512 1524 1511
f 1512 1524 1525
f 1525 1524 1512
f 1512 1525 1513
f 1513 1525 1512
f 1513 1525 1526
f 1526 1525 1513
f 1513 1526 1514
f 1514 1526 1513
f 1514 1526 1527
f 1527 1526 1514
f 1514 1527 1515
f 1515 1527 1514
f 1515 1527 1528
f 1528 1527 1515
f 1515 1528 1516
f 1516 1528 1515
f 1516 1528 1529
f 1529 1528 1516
f 1516 1529 1517
f 1517 1529 1516
f 1517 1529 1530
f 1530 1529 1517
f 1517 1530 1518
f 1518 1530 1517
f 1518 1530 1519
f 1519 1530 1518
f 1518 1519 1507
f 1507 1519 1518
f 1519 1531 1532
f 1532 1531 1519
f 1519 1532 1520
f 1520 1532 1519
f 1520 1532 1533
f 1533 1532 1520
f 1520 1533 1521
f 1521 1533 1520
f 1521 1533 1534
f 1534 1533 1521
f 1521 1534 1522
f 1522 1534 1521
f 1522 1534 1535
f 1535 1534 1522
f 1522 1535 1523
f 1523 1535 1522
f 1523 1535 1536
f 1536 1535 1523
f 1523 1536 1524
f 1524 1536 1523
f 1524 1536 1537
f 1537 1536 1524
f 1524 1537 1525
f 1525 1537 1524
f 1525 1537 1538
f 1538 1537 1525
f 1525 1538 1526
f 1526 1538 1525
f 1526 1538 1539
f 1539 1538 1526
f 1526 1539 1527
f 1527 1539 1526
f 1527 1539 1540
f 1540 1539 1527
f 1527 1540 1528
f 1528 1540 1527
f 1528 1540 1541
f 1541 1540 1528
f 1528 1541 1529
f 1529 1541 1528
f 1529 1541 1542
f 1542 1541 1529
f 1529 1542 1530
f 1530 1542 1529
f 1530 1542 1531
f 1531 1542 1530
f 1530 1531 1519
f 1519 1531 1530
f 1531 1543 1544
f 1544 1543 1531
f 1531 1544 1532
f 1532 1544 1531
f 1532 1544 1545
f 1545 1544 1532
f 1532 1545 1533
f 1533 1545 1532
f 1533 1545 1546
f 1546 1545 1533
f 1533 1546 1534
f 1534 1546 1533
f 1534 1546 1547
f 1547 1546 1534
f 1534 1547 1535
f 1535 1547 1534
f 1535 1547 1548
f 1548 1547 1535
f 1535 1548 1536
f 1536 1548 1535
f 1536 1548 1549
f 1549 1548 1536
f 1536 1549 1537
f 1537 1549 1536
f 1537 1549 1550
f 1550 1549 1537
f 1537 1550 1538
f 1538 1550 1537
f 1538 1550 1551
f 1551 1550 1538
f 1538 1551 1539
f 1539 1551 1538
f 1539 1551 1552
f 1552 1551 1539
f 1539 1552 1540
f 1540 1552 1539
f 1540 1552 1553
f 1553 1552 1540
f 1540 1553 1541
f 1541 1553 1540
f 1541 1553 1554
f 1554 1553 1541
f 1541 1554 1542
f 1542 1554 1541
f 1542 1554 1543
f 1543 1554 1542
f 1542 1543 1531
f 1531 1543 1542
f 1543 1555 1556
f 1556 1555 1543
f 1543 1556 1544
f 1544 1556 1543
f 1544 1556 1557
f 1557 1556 1544
f 1544 1557 1545
f 1545 1557 1544
f 1545 1557 1558
f 1558 1557 1545
f 1545 1558 1546
f 1546 1558 1545
f 1546 1558 1559
f 1559 1558 1546
f 1546 1559 1547
f 1547 1559 1546
f 1547 1559 1560
f 1560 1559 1547
f 1547 1560 1548
f 1548 1560 1547
f 1548 1560 1561
f 1561 1560 1548
f 1548 1561 1549
f 1549 1561 1548
f 1549 1561 1562
f 1562 1561 1549
f 1549 1562 1550
f 1550 1562 1549
f 1550 1562 1563
f 1563 1562 1550
f 1550 1563 1551
f 1551 1563 1550
f 1551 1563 1564
f 1564 1563 1551
f 1551 1564 1552
f 1552 1564 1551
f 1552 1564 1565
f 1565 1564 1552
f 1552 1565 1553
f 1553 1565 1552
f 1553 1565 1566
f 1566 1565 1553
f 1553 1566 1554
f 1554 1566 1553
f 1554 1566 1555
f 1555 1566 1554
f 1554 1555 1543
f 1543 1555 1554
f 1555 1567 1568
f 1568 1567 1555
f 1555 1568 1556
f 1556 1568 1555
f 1556 1568 1569
f 1569 1568 1556
f 1556 1569 1557
f 1557 1569 1556
f 1557 1569 1570
f 1570 1569 1557
f 1557 1570 1558
f 1558 1570 1557
f 1558 1570 1571
f 1571 1570 1558
f 1558 1571 1559
f 1559 1571 1558
f 1559 1571 1572
f 1572 1571 1559
f 1559 1572 1560
f 1560 1572 1559
f 1560 1572 1573
f 1573 1572 1560
f 1560 1573 1561
f 1561 1573 1560
f 1561 1573 1574
f 1574 1573 1561
f 1561 1574 1562
f 1562 1574 1561
f 1562 1574 1575
f 1575 1574 1562
f 1562 1575 1563
f 1563 1575 1562
f 1563 1575 1576
f 1576 1575 1563
f 1563 1576 1564
f 1564 1576 1563
f 1564 1576 1577
f 1577 1576 1564
f 1564 1577 1565
f 1565 1577 1564
f 1565 1577 1578
f 1578 1577 1565
f 1565 1578 1566
f 1566 1578 1565
f 1566 1578 1567
f 1567 1578 1566
f 1566 1567 1555
f 1555 1567 1566
f 1567 1579 1580
f 1580 1579 1567
f 1567 1580 1568
f 1568 1580 1567
f 1568 1580 1581
f 1581 1580 1568
f 1568 1581 1569
f 1569 1581 1568
f 1569 1581 1582
f 1582 1581 1569
f 1569 1582 1570
f 1570 1582 1569
f 1570 1582 1583
f 1583 1582 1570
f 1570 1583 1571
f 1571 1583 1570
f 1571 1583 1584
f 1584 1583 1571
f 1571 1584 1572
f 1572 1584 1571
f 1572 1584 1585
f 1585 1584 1572
f 1572 1585 1573
f 1573 1585 1572
f 1573 1585 1586
f 1586 1585 1573
f 1573 1586 1574
f 1574 1586 1573
f 1574 1586 1587
f 1587 1586 1574
f 1574 1587 1575
f 1575 1587 1574
f 1575 1587 1588
f 1588 1587 1575
f 1575 1588 1576
f 1576 1588 1575
f 1576 1588 1589
f 1589 1588 1576
f 1576 1589 1577
f 1577 1589 1576
f 1577 1589 1590
f 1590 1589 1577
f 1577 1590 1578
f 1578 1590 1577
f 1578 1590 1579
f 1579 1590 1578
f 1578 1579 1567
f 1567 1579 1578
f 1579 1591 1592
f 1592 1591 1579
f 1579 1592 1580
f 1580 1592 1579
f 1580 1592 1593
f 1593 1592 1580
f 1580 1593 1581
f 1581 1593 1580
f 1581 1593 1594
f 1594 1593 1581
f 1581 1594 1582
f 1582 1594 1581
f 1582 1594 1595
f 1595 1594 1582
f 1582 1595 1583
f 1583 1595 1582
f 1583 1595 1596
f 1596 1595 1583
f 1583 1596 1584
f 1584 1596 1583
f 1584 1596 1597
f 1597 1596 1584
f 1584 1597 1585
f 1585 1597 1584
f 1585 1597 1598
f 1598 1597 1585
f 1585 1598 1586
f 1586 1598 1585
f 1586 1598 1599
f 1599 1598 1586
f 1586 1599 1587
f 1587 1599 1586
f 1587 1599 1600
f 1600 1599 1587
f 1587 1600 1588
f 1588 1600 1587
f 1588 1600 1601
f 1601 1600 1588
f 1588 1601 1589
f 1589 1601 1588
f 1589 1601 1602
f 1602 1601 1589
f 1589 1602 1590
f 1590 1602 1589
f 1590 1602 1591
f 1591 1602 1590
f 1590 1591 1579
f 1579 1591 1590
f 1591 1603 1604
f 1604 1603 1591
f 1591 1604 1592
f 1592 1604 1591
f 1592 1604 1605
f 1605 1604 1592
f 1592 1605 1593
f 1593 1605 1592
f 1593 1605 1606
f 1606 1605 1593
f 1593 1606 1594
f 1594 1606 1593
f 1594 1606 1607
f 1607 1606 1594
f 1594 1607 1595
f 1595 1607 1594
f 1595 1607 1608
f 1608 1607 1595
f 1595 1608 1596
f 1596 1608 1595
f 1596 1608 1609
f 1609 1608 1596
f 1596 1609 1597
f 1597 1609 1596
f 1597 1609 1610
f 1610 1609 1597
f 1597 1610 1598
f 1598 1610 1597
f 1598 1610 1611
f 1611 1610 1598
f 1598 1611 1599
f 1599 1611 1598
f 1599 1611 1612
f 1612 1611 1599
f 1599 1612 1600
f 1600 1612 1599
f 1600 1612 1613
f 1613 1612 1600
f 1600 1613 1601
f 1601 1613 1600
f 1601 1613 1614
f 1614 1613 1601
f 1601 1614 1602
f 1602 1614 1601
f 1602 1614 1603
f 1603 1614 1602
f 1602 1603 1591
f 1591 1603 1602
f 1603 1615 1616
f 1616 1615 1603
f 1603 1616 1604
f 1604 1616 1603
f 1604 1616 1617
f 1617 1616 1604
f 1604 1617 1605
f 1605 1617 1604
f 1605 1617 1618
f 1618 1617 1605
f 1605 1618 1606
f 1606 1618 1605
f 1606 1618 1619
f 1619 1618 1606
f 1606 1619 1607
f 1607 1619 1606
f 1607 1619 1620
f 1620 1619 1607
f 1607 1620 1608
f 1608 1620 1607
f 1608 1620 1621
f 1621 1620 1608
f 1608 1621 1609
f 1609 1621 1608
f 1609 1621 1622
f 1622 1621 1609
f 1609 1622 1610
f 1610 1622 1609
f 1610 1622 1623
f 1623 1622 1610
f 1610 1623 1611
f 1611 1623 1610
f 1611 1623 1624
f 1624 1623 1611
f 1611 1624 1612
f 1612 1624 1611
f 1612 1624 1625
f 1625 1624 1612
f 1612 1625 1613
f 1613 1625 1612
f 1613 1625 1626
f 1626 1625 1613
f 1613 1626 1614
f 1614 1626 1613
f 1614 1626 1615
f 1615 1626 1614
f 1614 1615 1603
f 1603 1615 1614
f 1997 2009 2010
f 2010 2009 1997
f 1997 2010 1998
f 1998 2010 1997
f 1998 2010 2011
f 2011 2010 1998
f 1998 2011 1999
f 1999 2011 1998
f 1999 2011 2012
f 2012 2011 1999
f 1999 2012 2000
f 2000 2012 1999
f 2000 2012 2013
f 2013 2012 2000
f 2000 2013 2001
f 2001 2013 2000
f 2001 2013 2014
f 2014 2013 2001
f 2001 2014 2002
f 2002 2014 2001
f 2002 2014 2015
f 2015 2014 2002
f 2002 2015 2003
f 2003 2015 2002
f 2003 2015 2016
f 2016 2015 2003
f 2003 2016 2004
f 2004 2016 2003
f 2004 2016 2017
f 2017 2016 2004
f 2004 2017 2005
f 2005 2017 2004
f 2005 2017 2018
f 2018 2017 2005
f 2005 2018 2006
f 2006 2018 2005
f 2006 2018 2019
f 2019 2018 2006
f 2006 2019 2007
f 2007 2019 2006
f 2007 2019 2020
f 2020 2019 2007
f 2007 2020 2008
f 2008 2020 2007
f 2008 2020 2009
f 2009 2020 2008
f 2008 2009 1997
f 1997 2009 2008
f 2009 2021 2022
f 2022 2021 2009
f 2009 2022 2010
f 2010 2022 2009
f 2010 2022 2023
f 2023 2022 2010
f 2010 2023 2011
f 2011 2023 2010
f 2011 2023 2024
f 2024 2023 2011
f 2011 2024 2012
f 2012 2024 2011
f 2012 2024 2025
f 2025 2024 2012
f 2012 2025 2013
f 2013 2025 2012
f 2013 2025 2026
f 2026 2025 2013
f 2013 2026 2014
f 2014 2026 2013
f 2014 2026 2027
f 2027 2026 2014
f 2014 2027 2015
f 2015 2027 2014
f 2015 2027 2028
f 2028 2027 2015
f 2015 2028 2016
f 2016 2028 2015
f 2016 2028 2029
f 2029 2028 2016
f 2016 2029 2017
f 2017 2029 2016
f 2017 2029 2030
f 2030 2029 2017
f 2017 2030 2018
f 2018 2030 2017
f 2018 2030 2031
f 2031 2030 2018
f 2018 2031 2019
f 2019 2031 2018
f 2019 2031 2032
f 2032 2031 2019
f 2019 2032 2020
f 2020 2032 2019
f 2020 2032 2021
f 2021 2032 2020
f 2020 2021 2009
f 2009 2021 2020
f 2021 2033 2034
f 2034 2033 2021
f 2021 2034 2022
f 2022 2034 2021
f 2022 2034 2035
f 2035 2034 2022
f 2022 2035 2023
f 2023 2035 2022
f 2023 2035 2036
f 2036 2035 2023
f 2023 2036 2024
f 2024 2036 2023
f 2024 2036 2037
f 2037 2036 2024
f 2024 2037 2025
f 2025 2037 2024
f 2025 2037 2038
f 2038 2037 2025
f 2025 2038 2026
f 2026 2038 2025
f 2026 2038 2039
f 2039 2038 2026
f 2026 2039 2027
f 2027 2039 2026
f 2027 2039 2040
f 2040 2039 2027
f 2027 2040 2028
f 2028 2040 2027
f 2028 2040 2041
f 2041 2040 2028
f 2028 2041 2029
f 2029 2041 2028
f 2029 2041 2042
f 2042 2041 2029
f 2029 2042 2030
f 2030 2042 2029
f 2030 2042 2043
f 2043 2042 2030
f 2030 2043 2031
f 2031 2043 2030
f 2031 2043 2044
f 2044 2043 2031
f 2031 2044 2032
f 2032 2044 2031
f 2032 2044 2033
f 2033 2044 2032
f 2032 2033 2021
f 2021 2033 2032
f 2033 2045 2046
f 2046 2045 2033
f 2033 2046 2034
f 2034 2046 2033
f 2034 2046 2047
f 2047 2046 2034
f 2034 2047 2035
f 2035 2047 2034
f 2035 2047 2048
f 2048 2047 2035
f 2035 2048 2036
f 2036 2048 2035
f 2036 2048 2049
f 2049 2048 2036
f 2036 2049 2037
f 2037 2049 2036
f 2037 2049 2050
f 2050 2049 2037
f 2037 2050 2038
f 2038 2050 2037
f 2038 2050 2051
f 2051 2050 2038
f 2038 2051 2039
f 2039 2051 2038
f 2039 2051 2052
f 2052 2051 2039
f 2039 2052 2040
f 2040 2052 2039
f 2040 2052 2053
f 2053 2052 2040
f 2040 2053 2041
f 2041 2053 2040
f 2041 2053 2054
f 2054 2053 2041
f 2041 2054 2042
f 2042 2054 2041
f 2042 2054 2055
f 2055 2054 2042
f 2042 2055 2043
f 2043 2055 2042
f 2043 2055 2056
f 2056 2055 2043
f 2043 2056 2044
f 2044 2056 2043
f 2044 2056 2045
f 2045 2056 2044
f 2044 2045 2033
f 2033 2045 2044
f 2045 2057 2058
f 2058 2057 2045
f 2045 2058 2046
f 2046 2058 2045
f 2046 2058 2059
f 2059 2058 2046
f 2046 2059 2047
f 2047 2059 2046
f 2047 2059 2060
f 2060 2059 2047
f 2047 2060 2048
f 2048 2060 2047
f 2048 2060 2061
f 2061 2060 2048
f 2048 2061 2049
f 2049 2061 2048
f 2049 2061 2062
f 2062 2061 2049
f 2049 2062 2050
f 2050 2062 2049
f 2050 2062 2063
f 2063 2062 2050
f 2050 2063 2051
f 2051 2063 2050
f 2051 2063 2064
f 2064 2063 2051
f 2051 2064 2052
f 2052 2064 2051
f 2052 2064 2065
f 2065 2064 2052
f 2052 2065 2053
f 2053 2065 2052
f 2053 2065 2066
f 2066 2065 2053
f 2053 2066 2054
f 2054 2066 2053
f 2054 2066 2067
f 2067 2066 2054
f 2054 2067 2055
f 2055 2067 2054
f 2055 2067 2068
f 2068 2067 2055
f 2055 2068 2056
f 2056 2068 2055
f 2056 2068 2057
f 2057 2068 2056
f 2056 2057 2045
f 2045 2057 2056
f 2057 2069 2070
f 2070 2069 2057
f 2057 2070 2058
f 2058 2070 2057
f 2058 2070 2071
f 2071 2070 2058
f 2058 2071 2059
f 2059 2071 2058
f 2059 2071 2072
f 2072 2071 2059
f 2059 2072 2060
f 2060 2072 2059
f 2060 2072 2073
f 2073 2072 2060
f 2060 2073 2061
f 2061 2073 2060
f 2061 2073 2074
f 2074 2073 2061
f 2061 2074 2062
f 2062 2074 2061
f 2062 2074 2075
f 2075 2074 2062
f 2062 2075 2063
f 2063 2075 2062
f 2063 2075 2076
f 2076 2075 2063
f 2063 2076 2064
f 2064 2076 2063
f 2064 2076 2077
f 2077 2076 2064
f 2064 2077 2065
f 2065 2077 2064
f 2065 2077 2078
f 2078 2077 2065
f 2065 2078 2066
f 2066 2078 2065
f 2066 2078 2079
f 2079 2078 2066
f 2066 2079 2067
f 2067 2079 2066
f 2067 2079 2080
f 2080 2079 2067
f 2067 2080 2068
f 2068 2080 2067
f 2068 2080 2069
f 2069 2080 2068
f 2068 2069 2057
f 2057 2069 2068
f 2069 2081 2082
f 2082 2081 2069
f 2069 2082 2070
f 2070 2082 2069
f 2070 2082 2083
f 2083 2082 2070
f 2070 2083 2071
f 2071 2083 2070
f 2071 2083 2084
f 2084 2083 2071
f 2071 2084 2072
f 2072 2084 2071
f 2072 2084 2085
f 2085 2084 2072
f 2072 2085 2073
f 2073 2085 2072
f 2073 2085 2086
f 2086 2085 2073
f 2073 2086 2074
f 2074 2086 2073
f 2074 2086 2087
f 2087 2086 2074
f 2074 2087 2075
f 2075 2087 2074
f 2075 2087 2088
f 2088 2087 2075
f 2075 2088 2076
f 2076 2088 2075
f 2076 2088 2089
f 2089 2088 2076
f 2076 2089 2077
f 2077 2089 2076
f 2077 2089 2090
f 2090 2089 2077
f 2077 2090 2078
f 2078 2090 2077
f 2078 2090 2091
f 2091 2090 2078
f 2078 2091 2079
f 2079 2091 2078
f 2079 2091 2092
f 2092 2091 2079
f 2079 2092 2080
f 2080 2092 2079
f 2080 2092 2081
f 2081 2092 2080
f 2080 2081 2069
f 2069 2081 2080
f 2081 2093 2094
f 2094 2093 2081
f 2081 2094 2082
f 2082 2094 2081
f 2082 2094 2095
f 2095 2094 2082
f 2082 2095 2083
f 2083 2095 2082
f 2083 2095 2096
f 2096 2095 2083
f 2083 2096 2084
f 2084 2096 2083
f 2084 2096 2097
f 2097 2096 2084
f 2084 2097 2085
f 2085 2097 2084
f 2085 2097 2098
f 2098 2097 2085
f 2085 2098 2086
f 2086 2098 2085
f 2086 2098 2099
f 2099 2098 2086
f 2086 2099 2087
f 2087 2099 2086
f 2087 2099 2100
f 2100 2099 2087
f 2087 2100 2088
f 2088 2100 2087
f 2088 2100 2101
f 2101 2100 2088
f 2088 2101 2089
f 2089 2101 2088
f 2089 2101 2102
f 2102 2101 2089
f 2089 2102 2090
f 2090 2102 2089
f 2090 2102 2103
f 2103 2102 2090
f 2090 2103 2091
f 2091 2103 2090
f 2091 2103 2104
f 2104 2103 2091
f 2091 2104 2092
f 2092 2104 2091
f 2092 2104 2093
f 2093 2104 2092
f 2092 2093 2081
f 2081 2093 2092
f 2093 2105 2106
f 2106 2105 2093
f 2093 2106 2094
f 2094 2106 2093
f 2094 2106 2107
f 2107 2106 2094
f 2094 2107 2095
f 2095 2107 2094
f 2095 2107 2108
f 2108 2107 2095
f 2095 2108 2096
f 2096 2108 2095
f 2096 2108 2109
f 2109 2108 2096
f 2096 2109 2097
f 2097 2109 2096
f 2097 2109 2110
f 2110 2109 2097
f 2097 2110 2098
f 2098 2110 2097
f 2098 2110 2111
f 2111 2110 2098
f 2098 2111 2099
f 2099 2111 2098
f 2099 2111 2112
f 2112 2111 2099
f 2099 2112 2100
f 2100 2112 2099
f 2100 2112 2113
f 2113 2112 2100
f 2100 2113 2101
f 2101 2113 2100
f 2101 2113 2114
f 2114 2113 2101
f 2101 2114 2102
f 2102 2114 2101
f 2102 2114 2115
f 2115 2114 2102
f 2102 2115 2103
f 2103 2115 2102
f 2103 2115 2116
f 2116 2115 2103
f 2103 2116 2104
f 2104 2116 2103
f 2104 2116 2105
f 2105 2116 2104
f 2104 2105 2093
f 2093 2105 2104
f 2105 2117 2118
f 2118 2117 2105
f 2105 2118 2106
f 2106 2118 2105
f 2106 2118 2119
f 2119 2118 2106
f 2106 2119 2107
f 2107 2119 2106
f 2107 2119 2120
f 2120 2119 2107
f 2107 2120 2108
f 2108 2120 2107
f 2108 2120 2121
f 2121 2120 2108
f 2108 2121 2109
f 2109 2121 2108
f 2109 2121 2122
f 2122 2121 2109
f 2109 2122 2110
f 2110 2122 2109
f 2110 2122 2123
f 2123 2122 2110
f 2110 2123 2111
f 2111 2123 2110
f 2111 2123 2124
f 2124 2123 2111
f 2111 2124 2112
f 2112 2124 2111
f 2112 2124 2125
f 2125 2124 2112
f 2112 2125 2113
f 2113 2125 2112
f 2113 2125 2126
f 2126 2125 2113
f 2113 2126 2114
f 2114 2126 2113
f 2114 2126 2127
f 2127 2126 2114
f 2114 2127 2115
f 2115 2127 2114
f 2115 2127 2128
f 2128 2127 2115
f 2115 2128 2116
f 2116 2128 2115
f 2116 2128 2117
f 2117 2128 2116
f 2116 2117 2105
f 2105 2117 2116
usemtl eye_red
f 1627 1637 1638
f 1638 1637 1627
f 1627 1638 1628
f 1628 1638 1627
f 1628 1638 1639
f 1639 1638 1628
f 1628 1639 1629
f 1629 1639 1628
f 1629 1639 1640
f 1640 1639 1629
f 1629 1640 1630
f 1630 1640 1629
f 1630 1640 1641
f 1641 1640 1630
f 1630 1641 1631
f 1631 1641 1630
f 1631 1641 1642
f 1642 1641 1631
f 1631 1642 1632
f 1632 1642 1631
f 1632 1642 1643
f 1643 1642 1632
f 1632 1643 1633
f 1633 1643 1632
f 1633 1643 1644
f 1644 1643 1633
f 1633 1644 1634
f 1634 1644 1633
f 1634 1644 1645
f 1645 1644 1634
f 1634 1645 1635
f 1635 1645 1634
f 1635 1645 1646
f 1646 1645 1635
f 1635 1646 1636
f 1636 1646 1635
f 1636 1646 1637
f 1637 1646 1636
f 1636 1637 1627
f 1627 1637 1636
f 1637 1647 1648
f 1648 1647 1637
f 1637 1648 1638
f 1638 1648 1637
f 1638 1648 1649
f 1649 1648 1638
f 1638 1649 1639
f 1639 1649 1638
f 1639 1649 1650
f 1650 1649 1639
f 1639 1650 1640
f 1640 1650 1639
f 1640 1650 1651
f 1651 1650 1640
f 1640 1651 1641
f 1641 1651 1640
f 1641 1651 1652
f 1652 1651 1641
f 1641 1652 1642
f 1642 1652 1641
f 1642 1652 1653
f 1653 1652 1642
f 1642 1653 1643
f 1643 1653 1642
f 1643 1653 1654
f 1654 1653 1643
f 1643 1654 1644
f 1644 1654 1643
f 1644 1654 1655
f 1655 1654 1644
f 1644 1655 1645
f 1645 1655 1644
f 1645 1655 1656
f 1656 1655 1645
f 1645 1656 1646
f 1646 1656 1645
f 1646 1656 1647
f 1647 1656 1646
f 1646 1647 1637
f 1637 1647 1646
f 1647 1657 1658
f 1658 1657 1647
f 1647 1658 1648
f 1648 1658 1647
f 1648 1658 1659
f 1659 1658 1648
f 1648 1659 1649
f 1649 1659 1648
f 1649 1659 1660
f 1660 1659 1649
f 1649 1660 1650
f 1650 1660 1649
f 1650 1660 1661
f 1661 1660 1650
f 1650 1661 1651
f 1651 1661 1650
f 1651 1661 1662
f 1662 1661 1651
f 1651 1662 1652
f 1652 1662 1651
f 1652 1662 1663
f 1663 1662 1652
f 1652 1663 1653
f 1653 1663 1652
f 1653 1663 1664
f 1664 1663 1653
f 1653 1664 1654
f 1654 1664 1653
f 1654 1664 1665
f 1665 1664 1654
f 1654 1665 1655
f 1655 1665 1654
f 1655 1665 1666
f 1666 1665 1655
f 1655 1666 1656
f 1656 1666 1655
f 1656 1666 1657
f 1657 1666 1656
f 1656 1657 1647
f 1647 1657 1656
f 1657 1667 1668
f 1668 1667 1657
f 1657 1668 1658
f 1658 1668 1657
f 1658 1668 1669
f 1669 1668 1658
f 1658 1669 1659
f 1659 1669 1658
f 1659 1669 1670
f 1670 1669 1659
f 1659 1670 1660
f 1660 1670 1659
f 1660 1670 1671
f 1671 1670 1660
f 1660 1671 1661
f 1661 1671 1660
f 1661 1671 1672
f 1672 1671 1661
f 1661 1672 1662
f 1662 1672 1661
f 1662 1672 1673
f 1673 1672 1662
f 1662 1673 1663
f 1663 1673 1662
f 1663 1673 1674
f 1674 1673 1663
f 1663 1674 1664
f 1664 1674 1663
f 1664 1674 1675
f 1675 1674 1664
f 1664 1675 1665
f 1665 1675 1664
f 1665 1675 1676
f 1676 1675 1665
f 1665 1676 1666
f 1666 1676 1665
f 1666 1676 1667
f 1667 1676 1666
f 1666 1667 1657
f 1657 1667 1666
f 1667 1677 1678
f 1678 1677 1667
f 1667 1678 1668
f 1668 1678 1667
f 1668 1678 1679
f 1679 1678 1668
f 1668 1679 1669
f 1669 1679 1668
f 1669 1679 1680
f 1680 1679 1669
f 1669 1680 1670
f 1670 1680 1669
f 1670 1680 1681
f 1681 1680 1670
f 1670 1681 1671
f 1671 1681 1670
f 1671 1681 1682
f 1682 1681 1671
f 1671 1682 1672
f 1672 1682 1671
f 1672 1682 1683
f 1683 1682 1672
f 1672 1683 1673
f 1673 1683 1672
f 1673 1683 1684
f 1684 1683 1673
f 1673 1684 1674
f 1674 1684 1673
f 1674 1684 1685
f 1685 1684 1674
f 1674 1685 1675
f 1675 1685 1674
f 1675 1685 1686
f 1686 1685 1675
f 1675 1686 1676
f 1676 1686 1675
f 1676 1686 1677
f 1677 1686 1676
f 1676 1677 1667
f 1667 1677 1676
f 1677 1687 1688
f 1688 1687 1677
f 1677 1688 1678
f 1678 1688 1677
f 1678 1688 1689
f 1689 1688 1678
f 1678 1689 1679
f 1679 1689 1678
f 1679 1689 1690
f 1690 1689 1679
f 1679 1690 1680
f 1680 1690 1679
f 1680 1690 1691
f 1691 1690 1680
f 1680 1691 1681
f 1681 1691 1680
f 1681 1691 1692
f 1692 1691 1681
f 1681 1692 1682
f 1682 1692 1681
f 1682 1692 1693
f 1693 1692 1682
f 1682 1693 1683
f 1683 1693 1682
f 1683 1693 1694
f 1694 1693 1683
f 1683 1694 1684
f 1684 1694 1683
f 1684 1694 1695
f 1695 1694 1684
f 1684 1695 1685
f 1685 1695 1684
f 1685 1695 1696
f 1696 1695 1685
f 1685 1696 1686
f 1686 1696 1685
f 1686 1696 1687
f 1687 1696 1686
f 1686 1687 1677
f 1677 1687 1686
f 1687 1697 1698
f 1698 1697 1687
f 1687 1698 1688
f 1688 1698 1687
f 1688 1698 1699
f 1699 1698 1688
f 1688 1699 1689
f 1689 1699 1688
f 1689 1699 1700
f 1700 1699 1689
f 1689 1700 1690
f 1690 1700 1689
f 1690 1700 1701
f 1701 1700 1690
f 1690 1701 1691
f 1691 1701 1690
f 1691 1701 1702
f 1702 1701 1691
f 1691 1702 1692
f 1692 1702 1691
f 1692 1702 1703
f 1703 1702 1692
f 1692 1703 1693
f 1693 1703 1692
f 1693 1703 1704
f 1704 1703 1693
f 1693 1704 1694
f 1694 1704 1693
f 1694 1704 1705
f 1705 1704 1694
f 1694 1705 1695
f 1695 1705 1694
f 1695 1705 1706
f 1706 1705 1695
f 1695 1706 1696
f 1696 1706 1695
f 1696 1706 1697
f 1697 1706 1696
f 1696 1697 1687
f 1687 1697 1696
f 1697 1707 1708
f 1708 1707 1697
f 1697 1708 1698
f 1698 1708 1697
f 1698 1708 1709
f 1709 1708 1698
f 1698 1709 1699
f 1699 1709 1698
f 1699 1709 1710
f 1710 1709 1699
f 1699 1710 1700
f 1700 1710 1699
f 1700 1710 1711
f 1711 1710 1700
f 1700 1711 1701
f 1701 1711 1700
f 1701 1711 1712
f 1712 1711 1701
f 1701 1712 1702
f 1702 1712 1701
f 1702 1712 1713
f 1713 1712 1702
f 1702 1713 1703
f 1703 1713 1702
f 1703 1713 1714
f 1714 1713 1703
f 1703 1714 1704
f 1704 1714 1703
f 1704 1714 1715
f 1715 1714 1704
f 1704 1715 1705
f 1705 1715 1704
f 1705 1715 1716
f 1716 1715 1705
f 1705 1716 1706
f 1706 1716 1705
f 1706 1716 1707
f 1707 1716 1706
f 1706 1707 1697
f 1697 1707 1706
f 2129 2139 2140
f 2140 2139 2129
f 2129 2140 2130
f 2130 2140 2129
f 2130 2140 2141
f 2141 2140 2130
f 2130 2141 2131
f 2131 2141 2130
f 2131 2141 2142
f 2142 2141 2131
f 2131 2142 2132
f 2132 2142 2131
f 2132 2142 2143
f 2143 2142 2132
f 2132 2143 2133
f 2133 2143 2132
f 2133 2143 2144
f 2144 2143 2133
f 2133 2144 2134
f 2134 2144 2133
f 2134 2144 2145
f 2145 2144 2134
f 2134 2145 2135
f 2135 2145 2134
f 2135 2145 2146
f 2146 2145 2135
f 2135 2146 2136
f 2136 2146 2135
f 2136 2146 2147
f 2147 2146 2136
f 2136 2147 2137
f 2137 2147 2136
f 2137 2147 2148
f 2148 2147 2137
f 2137 2148 2138
f 2138 2148 2137
f 2138 2148 2139
f 2139 2148 2138
f 2138 2139 2129
f 2129 2139 2138
f 2139 2149 2150
f 2150 2149 2139
f 2139 2150 2140
f 2140 2150 2139
f 2140 2150 2151
f 2151 2150 2140
f 2140 2151 2141
f 2141 2151 2140
f 2141 2151 2152
f 2152 2151 2141
f 2141 2152 2142
f 2142 2152 2141
f 2142 2152 2153
f 2153 2152 2142
f 2142 2153 2143
f 2143 2153 2142
f 2143 2153 2154
f 2154 2153 2143
f 2143 2154 2144
f 2144 2154 2143
f 2144 2154 2155
f 2155 2154 2144
f 2144 2155 2145
f 2145 2155 2144
f 2145 2155 2156
f 2156 2155 2145
f 2145 2156 2146
f 2146 2156 2145
f 2146 2156 2157
f 2157 2156 2146
f 2146 2157 2147
f 2147 2157 2146
f 2147 2157 2158
f 2158 2157 2147
f 2147 2158 2148
f 2148 2158 2147
f 2148 2158 2149
f 2149 2158 2148
f 2148 2149 2139
f 2139 2149 2148
f 2149 2159 2160
f 2160 2159 2149
f 2149 2160 2150
f 2150 2160 2149
f 2150 2160 2161
f 2161 2160 2150
f 2150 2161 2151
f 2151 2161 2150
f 2151 2161 2162
f 2162 2161 2151
f 2151 2162 2152
f 2152 2162 2151
f 2152 2162 2163
f 2163 2162 2152
f 2152 2163 2153
f 2153 2163 2152
f 2153 2163 2164
f 2164 2163 2153
f 2153 2164 2154
f 2154 2164 2153
f 2154 2164 2165
f 2165 2164 2154
f 2154 2165 2155
f 2155 2165 2154
f 2155 2165 2166
f 2166 2165 2155
f 2155 2166 2156
f 2156 2166 2155
f 2156 2166 2167
f 2167 2166 2156
f 2156 2167 2157
f 2157 2167 2156
f 2157 2167 2168
f 2168 2167 2157
f 2157 2168 2158
f 2158 2168 2157
f 2158 2168 2159
f 2159 2168 2158
f 2158 2159 2149
f 2149 2159 2158
f 2159 2169 2170
f 2170 2169 2159
f 2159 2170 2160
f 2160 2170 2159
f 2160 2170 2171
f 2171 2170 2160
f 2160 2171 2161
f 2161 2171 2160
f 2161 2171 2172
f 2172 2171 2161
f 2161 2172 2162
f 2162 2172 2161
f 2162 2172 2173
f 2173 2172 2162
f 2162 2173 2163
f 2163 2173 2162
f 2163 2173 2174
f 2174 2173 2163
f 2163 2174 2164
f 2164 2174 2163
f 2164 2174 2175
f 2175 2174 2164
f 2164 2175 2165
f 2165 2175 2164
f 2165 2175 2176
f 2176 2175 2165
f 2165 2176 2166
f 2166 2176 2165
f 2166 2176 2177
f 2177 2176 2166
f 2166 2177 2167
f 2167 2177 2166
f 2167 2177 2178
f 2178 2177 2167
f 2167 2178 2168
f 2168 2178 2167
f 2168 2178 2169
f 2169 2178 2168
f 2168 2169 2159
f 2159 2169 2168
f 2169 2179 2180
f 2180 2179 2169
f 2169 2180 2170
f 2170 2180 2169
f 2170 2180 2181
f 2181 2180 2170
f 2170 2181 2171
f 2171 2181 2170
f 2171 2181 2182
f 2182 2181 2171
f 2171 2182 2172
f 2172 2182 2171
f 2172 2182 2183
f 2183 2182 2172
f 2172 2183 2173
f 2173 2183 2172
f 2173 2183 2184
f 2184 2183 2173
f 2173 2184 2174
f 2174 2184 2173
f 2174 2184 2185
f 2185 2184 2174
f 2174 2185 2175
f 2175 2185 2174
f 2175 2185 2186
f 2186 2185 2175
f 2175 2186 2176
f 2176 2186 2175
f 2176 2186 2187
f 2187 2186 2176
f 2176 2187 2177
f 2177 2187 2176
f 2177 2187 2188
f 2188 2187 2177
f 2177 2188 2178
f 2178 2188 2177
f 2178 2188 2179
f 2179 2188 2178
f 2178 2179 2169
f 2169 2179 2178
f 2179 2189 2190
f 2190 2189 2179
f 2179 2190 2180
f 2180 2190 2179
f 2180 2190 2191
f 2191 2190 2180
f 2180 2191 2181
f 2181 2191 2180
f 2181 2191 2192
f 2192 2191 2181
f 2181 2192 2182
f 2182 2192 2181
f 2182 2192 2193
f 2193 2192 2182
f 2182 2193 2183
f 2183 2193 2182
f 2183 2193 2194
f 2194 2193 2183
f 2183 2194 2184
f 2184 2194 2183
f 2184 2194 2195
f 2195 2194 2184
f 2184 2195 2185
f 2185 2195 2184
f 2185 2195 2196
f 2196 2195 2185
f 2185 2196 2186
f 2186 2196 2185
f 2186 2196 2197
f 2197 2196 2186
f 2186 2197 2187
f 2187 2197 2186
f 2187 2197 2198
f 2198 2197 2187
f 2187 2198 2188
f 2188 2198 2187
f 2188 2198 2189
f 2189 2198 2188
f 2188 2189 2179
f 2179 2189 2188
f 2189 2199 2200
f 2200 2199 2189
f 2189 2200 2190
f 2190 2200 2189
f 2190 2200 2201
f 2201 2200 2190
f 2190 2201 2191
f 2191 2201 2190
f 2191 2201 2202
f 2202 2201 2191
f 2191 2202 2192
f 2192 2202 2191
f 2192 2202 2203
f 2203 2202 2192
f 2192 2203 2193
f 2193 2203 2192
f 2193 2203 2204
f 2204 2203 2193
f 2193 2204 2194
f 2194 2204 2193
f 2194 2204 2205
f 2205 2204 2194
f 2194 2205 2195
f 2195 2205 2194
f 2195 2205 2206
f 2206 2205 2195
f 2195 2206 2196
f 2196 2206 2195
f 2196 2206 2207
f 2207 2206 2196
f 2196 2207 2197
f 2197 2207 2196
f 2197 2207 2208
f 2208 2207 2197
f 2197 2208 2198
f 2198 2208 2197
f 2198 2208 2199
f 2199 2208 2198
f 2198 2199 2189
f 2189 2199 2198
f 2199 2209 2210
f 2210 2209 2199
f 2199 2210 2200
f 2200 2210 2199
f 2200 2210 2211
f 2211 2210 2200
f 2200 2211 2201
f 2201 2211 2200
f 2201 2211 2212
f 2212 2211 2201
f 2201 2212 2202
f 2202 2212 2201
f 2202 2212 2213
f 2213 2212 2202
f 2202 2213 2203
f 2203 2213 2202
f 2203 2213 2214
f 2214 2213 2203
f 2203 2214 2204
f 2204 2214 2203
f 2204 2214 2215
f 2215 2214 2204
f 2204 2215 2205
f 2205 2215 2204
f 2205 2215 2216
f 2216 2215 2205
f 2205 2216 2206
f 2206 2216 2205
f 2206 2216 2217
f 2217 2216 2206
f 2206 2217 2207
f 2207 2217 2206
f 2207 2217 2218
f 2218 2217 2207
f 2207 2218 2208
f 2208 2218 2207
f 2208 2218 2209
f 2209 2218 2208
f 2208 2209 2199
f 2199 2209 2208
usemtl pupil
f 1717 1725 1726
f 1726 1725 1717
f 1717 1726 1718
f 1718 1726 1717
f 1718 1726 1727
f 1727 1726 1718
f 1718 1727 1719
f 1719 1727 1718
f 1719 1727 1728
f 1728 1727 1719
f 1719 1728 1720
f 1720 1728 1719
f 1720 1728 1729
f 1729 1728 1720
f 1720 1729 1721
f 1721 1729 1720
f 1721 1729 1730
f 1730 1729 1721
f 1721 1730 1722
f 1722 1730 1721
f 1722 1730 1731
f 1731 1730 1722
f 1722 1731 1723
f 1723 1731 1722
f 1723 1731 1732
f 1732 1731 1723
f 1723 1732 1724
f 1724 1732 1723
f 1724 1732 1725
f 1725 1732 1724
f 1724 1725 1717
f 1717 1725 1724
f 1725 1733 1734
f 1734 1733 1725
f 1725 1734 1726
f 1726 1734 1725
f 1726 1734 1735
f 1735 1734 1726
f 1726 1735 1727
f 1727 1735 1726
f 1727 1735 1736
f 1736 1735 1727
f 1727 1736 1728
f 1728 1736 1727
f 1728 1736 1737
f 1737 1736 1728
f 1728 1737 1729
f 1729 1737 1728
f 1729 1737 1738
f 1738 1737 1729
f 1729 1738 1730
f 1730 1738 1729
f 1730 1738 1739
f 1739 1738 1730
f 1730 1739 1731
f 1731 1739 1730
f 1731 1739 1740
f 1740 1739 1731
f 1731 1740 1732
f 1732 1740 1731
f 1732 1740 1733
f 1733 1740 1732
f 1732 1733 1725
f 1725 1733 1732
f 1733 1741 1742
f 1742 1741 1733
f 1733 1742 1734
f 1734 1742 1733
f 1734 1742 1743
f 1743 1742 1734
f 1734 1743 1735
f 1735 1743 1734
f 1735 1743 1744
f 1744 1743 1735
f 1735 1744 1736
f 1736 1744 1735
f 1736 1744 1745
f 1745 1744 1736
f 1736 1745 1737
f 1737 1745 1736
f 1737 1745 1746
f 1746 1745 1737
f 1737 1746 1738
f 1738 1746 1737
f 1738 1746 1747
f 1747 1746 1738
f 1738 1747 1739
f 1739 1747 1738
f 1739 1747 1748
f 1748 1747 1739
f 1739 1748 1740
f 1740 1748 1739
f 1740 1748 1741
f 1741 1748 1740
f 1740 1741 1733
f 1733 1741 1740
f 1741 1749 1750
f 1750 1749 1741
f 1741 1750 1742
f 1742 1750 1741
f 1742 1750 1751
f 1751 1750 1742
f 1742 1751 1743
f 1743 1751 1742
f 1743 1751 1752
f 1752 1751 1743
f 1743 1752 1744
f 1744 1752 1743
f 1744 1752 1753
f 1753 1752 1744
f 1744 1753 1745
f 1745 1753 1744
f 1745 1753 1754
f 1754 1753 1745
f 1745 1754 1746
f 1746 1754 1745
f 1746 1754 1755
f 1755 1754 1746
f 1746 1755 1747
f 1747 1755 1746
f 1747 1755 1756
f 1756 1755 1747
f 1747 1756 1748
f 1748 1756 1747
f 1748 1756 1749
f 1749 1756 1748
f 1748 1749 1741
f 1741 1749 1748
f 1749 1757 1758
f 1758 1757 1749
f 1749 1758 1750
f 1750 1758 1749
f 1750 1758 1759
f 1759 1758 1750
f 1750 1759 1751
f 1751 1759 1750
f 1751 1759 1760
f 1760 1759 1751
f 1751 1760 1752
f 1752 1760 1751
f 1752 1760 1761
f 1761 1760 1752
f 1752 1761 1753
f 1753 1761 1752
f 1753 1761 1762
f 1762 1761 1753
f 1753 1762 1754
f 1754 1762 1753
f 1754 1762 1763
f 1763 1762 1754
f 1754 1763 1755
f 1755 1763 1754
f 1755 1763 1764
f 1764 1763 1755
f 1755 1764 1756
f 1756 1764 1755
f 1756 1764 1757
f 1757 1764 1756
f 1756 1757 1749
f 1749 1757 1756
f 1757 1765 1766
f 1766 1765 1757
f 1757 1766 1758
f 1758 1766 1757
f 1758 1766 1767
f 1767 1766 1758
f 1758 1767 1759
f 1759 1767 1758
f 1759 1767 1768
f 1768 1767 1759
f 1759 1768 1760
f 1760 1768 1759
f 1760 1768 1769
f 1769 1768 1760
f 1760 1769 1761
f 1761 1769 1760
f 1761 1769 1770
f 1770 1769 1761
f 1761 1770 1762
f 1762 1770 1761
f 1762 1770 1771
f 1771 1770 1762
f 1762 1771 1763
f 1763 1771 1762
f 1763 1771 1772
f 1772 1771 1763
f 1763 1772 1764
f 1764 1772 1763
f 1764 1772 1765
f 1765 1772 1764
f 1764 1765 1757
f 1757 1765 1764
f 2219 2227 2228
f 2228 2227 2219
f 2219 2228 2220
f 2220 2228 2219
f 2220 2228 2229
f 2229 2228 2220
f 2220 2229 2221
f 2221 2229 2220
f 2221 2229 2230
f 2230 2229 2221
f 2221 2230 2222
f 2222 2230 2221
f 2222 2230 2231
f 2231 2230 2222
f 2222 2231 2223
f 2223 2231 2222
f 2223 2231 2232
f 2232 2231 2223
f 2223 2232 2224
f 2224 2232 2223
f 2224 2232 2233
f 2233 2232 2224
f 2224 2233 2225
f 2225 2233 2224
f 2225 2233 2234
f 2234 2233 2225
f 2225 2234 2226
f 2226 2234 2225
f 2226 2234 2227
f 2227 2234 2226
f 2226 2227 2219
f 2219 2227 2226
f 2227 2235 2236
f 2236 2235 2227
f 2227 2236 2228
f 2228 2236 2227
f 2228 2236 2237
f 2237 2236 2228
f 2228 2237 2229
f 2229 2237 2228
f 2229 2237 2238
f 2238 2237 2229
f 2229 2238 2230
f 2230 2238 2229
f 2230 2238 2239
f 2239 2238 2230
f 2230 2239 2231
f 2231 2239 2230
f 2231 2239 2240
f 2240 2239 2231
f 2231 2240 2232
f 2232 2240 2231
f 2232 2240 2241
f 2241 2240 2232
f 2232 2241 2233
f 2233 2241 2232
f 2233 2241 2242
f 2242 2241 2233
f 2233 2242 2234
f 2234 2242 2233
f 2234 2242 2235
f 2235 2242 2234
f 2234 2235 2227
f 2227 2235 2234
f 2235 2243 2244
f 2244 2243 2235
f 2235 2244 2236
f 2236 2244 2235
f 2236 2244 2245
f 2245 2244 2236
f 2236 2245 2237
f 2237 2245 2236
f 2237 2245 2246
f 2246 2245 2237
f 2237 2246 2238
f 2238 2246 2237
f 2238 2246 2247
f 2247 2246 2238
f 2238 2247 2239
f 2239 2247 2238
f 2239 2247 2248
f 2248 2247 2239
f 2239 2248 2240
f 2240 2248 2239
f 2240 2248 2249
f 2249 2248 2240
f 2240 2249 2241
f 2241 2249 2240
f 2241 2249 2250
f 2250 2249 2241
f 2241 2250 2242
f 2242 2250 2241
f 2242 2250 2243
f 2243 2250 2242
f 2242 2243 2235
f 2235 2243 2242
f 2243 2251 2252
f 2252 2251 2243
f 2243 2252 2244
f 2244 2252 2243
f 2244 2252 2253
f 2253 2252 2244
f 2244 2253 2245
f 2245 2253 2244
f 2245 2253 2254
f 2254 2253 2245
f 2245 2254 2246
f 2246 2254 2245
f 2246 2254 2255
f 2255 2254 2246
f 2246 2255 2247
f 2247 2255 2246
f 2247 2255 2256
f 2256 2255 2247
f 2247 2256 2248
f 2248 2256 2247
f 2248 2256 2257
f 2257 2256 2248
f 2248 2257 2249
f 2249 2257 2248
f 2249 2257 2258
f 2258 2257 2249
f 2249 2258 2250
f 2250 2258 2249
f 2250 2258 2251
f 2251 2258 2250
f 2250 2251 2243
f 2243 2251 2250
f 2251 2259 2260
f 2260 2259 2251
f 2251 2260 2252
f 2252 2260 2251
f 2252 2260 2261
f 2261 2260 2252
f 2252 2261 2253
f 2253 2261 2252
f 2253 2261 2262
f 2262 2261 2253
f 2253 2262 2254
f 2254 2262 2253
f 2254 2262 2263
f 2263 2262 2254
f 2254 2263 2255
f 2255 2263 2254
f 2255 2263 2264
f 2264 2263 2255
f 2255 2264 2256
f 2256 2264 2255
f 2256 2264 2265
f 2265 2264 2256
f 2256 2265 2257
f 2257 2265 2256
f 2257 2265 2266
f 2266 2265 2257
f 2257 2266 2258
f 2258 2266 2257
f 2258 2266 2259
f 2259 2266 2258
f 2258 2259 2251
f 2251 2259 2258
f 2259 2267 2268
f 2268 2267 2259
f 2259 2268 2260
f 2260 2268 2259
f 2260 2268 2269
f 2269 2268 2260
f 2260 2269 2261
f 2261 2269 2260
f 2261 2269 2270
f 2270 2269 2261
f 2261 2270 2262
f 2262 2270 2261
f 2262 2270 2271
f 2271 2270 2262
f 2262 2271 2263
f 2263 2271 2262
f 2263 2271 2272
f 2272 2271 2263
f 2263 2272 2264
f 2264 2272 2263
f 2264 2272 2273
f 2273 2272 2264
f 2264 2273 2265
f 2265 2273 2264
f 2265 2273 2274
f 2274 2273 2265
f 2265 2274 2266
f 2266 2274 2265
f 2266 2274 2267
f 2267 2274 2266
f 2266 2267 2259
f 2259 2267 2266
usemtl glass
f 1773 1781 1782
f 1782 1781 1773
f 1773 1782 1774
f 1774 1782 1773
f 1774 1782 1783
f 1783 1782 1774
f 1774 1783 1775
f 1775 1783 1774
f 1775 1783 1784
f 1784 1783 1775
f 1775 1784 1776
f 1776 1784 1775
f 1776 1784 1785
f 1785 1784 1776
f 1776 1785 1777
f 1777 1785 1776
f 1777 1785 1786
f 1786 1785 1777
f 1777 1786 1778
f 1778 1786 1777
f 1778 1786 1787
f 1787 1786 1778
f 1778 1787 1779
f 1779 1787 1778
f 1779 1787 1788
f 1788 1787 1779
f 1779 1788 1780
f 1780 1788 1779
f 1780 1788 1781
f 1781 1788 1780
f 1780 1781 1773
f 1773 1781 1780
f 1781 1789 1790
f 1790 1789 1781
f 1781 1790 1782
f 1782 1790 1781
f 1782 1790 1791
f 1791 1790 1782
f 1782 1791 1783
f 1783 1791 1782
f 1783 1791 1792
f 1792 1791 1783
f 1783 1792 1784
f 1784 1792 1783
f 1784 1792 1793
f 1793 1792 1784
f 1784 1793 1785
f 1785 1793 1784
f 1785 1793 1794
f 1794 1793 1785
f 1785 1794 1786
f 1786 1794 1785
f 1786 1794 1795
f 1795 1794 1786
f 1786 1795 1787
f 1787 1795 1786
f 1787 1795 1796
f 1796 1795 1787
f 1787 1796 1788
f 1788 1796 1787
f 1788 1796 1789
f 1789 1796 1788
f 1788 1789 1781
f 1781 1789 1788
f 1789 1797 1798
f 1798 1797 1789
f 1789 1798 1790
f 1790 1798 1789
f 1790 1798 1799
f 1799 1798 1790
f 1790 1799 1791
f 1791 1799 1790
f 1791 1799 1800
f 1800 1799 1791
f 1791 1800 1792
f 1792 1800 1791
f 1792 1800 1801
f 1801 1800 1792
f 1792 1801 1793
f 1793 1801 1792
f 1793 1801 1802
f 1802 1801 1793
f 1793 1802 1794
f 1794 1802 1793
f 1794 1802 1803
f 1803 1802 1794
f 1794 1803 1795
f 1795 1803 1794
f 1795 1803 1804
f 1804 1803 1795
f 1795 1804 1796
f 1796 1804 1795
f 1796 1804 1797
f 1797 1804 1796
f 1796 1797 1789
f 1789 1797 1796
f 1797 1805 1806
f 1806 1805 1797
f 1797 1806 1798
f 1798 1806 1797
f 1798 1806 1807
f 1807 1806 1798
f 1798 1807 1799
f 1799 1807 1798
f 1799 1807 1808
f 1808 1807 1799
f 1799 1808 1800
f 1800 1808 1799
f 1800 1808 1809
f 1809 1808 1800
f 1800 1809 1801
f 1801 1809 1800
f 1801 1809 1810
f 1810 1809 1801
f 1801 1810 1802
f 1802 1810 1801
f 1802 1810 1811
f 1811 1810 1802
f 1802 1811 1803
f 1803 1811 1802
f 1803 1811 1812
f 1812 1811 1803
f 1803 1812 1804
f 1804 1812 1803
f 1804 1812 1805
f 1805 1812 1804
f 1804 1805 1797
f 1797 1805 1804
f 1805 1813 1814
f 1814 1813 1805
f 1805 1814 1806
f 1806 1814 1805
f 1806 1814 1815
f 1815 1814 1806
f 1806 1815 1807
f 1807 1815 1806
f 1807 1815 1816
f 1816 1815 1807
f 1807 1816 1808
f 1808 1816 1807
f 1808 1816 1817
f 1817 1816 1808
f 1808 1817 1809
f 1809 1817 1808
f 1809 1817 1818
f 1818 1817 1809
f 1809 1818 1810
f 1810 1818 1809
f 1810 1818 1819
f 1819 1818 1810
f 1810 1819 1811
f 1811 1819 1810
f 1811 1819 1820
f 1820 1819 1811
f 1811 1820 1812
f 1812 1820 1811
f 1812 1820 1813
f 1813 1820 1812
f 1812 1813 1805
f 1805 1813 1812
f 1813 1821 1822
f 1822 1821 1813
f 1813 1822 1814
f 1814 1822 1813
f 1814 1822 1823
f 1823 1822 1814
f 1814 1823 1815
f 1815 1823 1814
f 1815 1823 1824
f 1824 1823 1815
f 1815 1824 1816
f 1816 1824 1815
f 1816 1824 1825
f 1825 1824 1816
f 1816 1825 1817
f 1817 1825 1816
f 1817 1825 1826
f 1826 1825 1817
f 1817 1826 1818
f 1818 1826 1817
f 1818 1826 1827
f 1827 1826 1818
f 1818 1827 1819
f 1819 1827 1818
f 1819 1827 1828
f 1828 1827 1819
f 1819 1828 1820
f 1820 1828 1819
f 1820 1828 1821
f 1821 1828 1820
f 1820 1821 1813
f 1813 1821 1820
f 1821 1829 1830
f 1830 1829 1821
f 1821 1830 1822
f 1822 1830 1821
f 1822 1830 1831
f 1831 1830 1822
f 1822 1831 1823
f 1823 1831 1822
f 1823 1831 1832
f 1832 1831 1823
f 1823 1832 1824
f 1824 1832 1823
f 1824 1832 1833
f 1833 1832 1824
f 1824 1833 1825
f 1825 1833 1824
f 1825 1833 1834
f 1834 1833 1825
f 1825 1834 1826
f 1826 1834 1825
f 1826 1834 1835
f 1835 1834 1826
f 1826 1835 1827
f 1827 1835 1826
f 1827 1835 1836
f 1836 1835 1827
f 1827 1836 1828
f 1828 1836 1827
f 1828 1836 1829
f 1829 1836 1828
f 1828 1829 1821
f 1821 1829 1828
f 1829 1837 1838
f 1838 1837 1829
f 1829 1838 1830
f 1830 1838 1829
f 1830 1838 1839
f 1839 1838 1830
f 1830 1839 1831
f 1831 1839 1830
f 1831 1839 1840
f 1840 1839 1831
f 1831 1840 1832
f 1832 1840 1831
f 1832 1840 1841
f 1841 1840 1832
f 1832 1841 1833
f 1833 1841 1832
f 1833 1841 1842
f 1842 1841 1833
f 1833 1842 1834
f 1834 1842 1833
f 1834 1842 1843
f 1843 1842 1834
f 1834 1843 1835
f 1835 1843 1834
f 1835 1843 1844
f 1844 1843 1835
f 1835 1844 1836
f 1836 1844 1835
f 1836 1844 1837
f 1837 1844 1836
f 1836 1837 1829
f 1829 1837 1836
f 1837 1845 1846
f 1846 1845 1837
f 1837 1846 1838
f 1838 1846 1837
f 1838 1846 1847
f 1847 1846 1838
f 1838 1847 1839
f 1839 1847 1838
f 1839 1847 1848
f 1848 1847 1839
f 1839 1848 1840
f 1840 1848 1839
f 1840 1848 1849
f 1849 1848 1840
f 1840 1849 1841
f 1841 1849 1840
f 1841 1849 1850
f 1850 1849 1841
f 1841 1850 1842
f 1842 1850 1841
f 1842 1850 1851
f 1851 1850 1842
f 1842 1851 1843
f 1843 1851 1842
f 1843 1851 1852
f 1852 1851 1843
f 1843 1852 1844
f 1844 1852 1843
f 1844 1852 1845
f 1845 1852 1844
f 1844 1845 1837
f 1837 1845 1844
f 1845 1853 1854
f 1854 1853 1845
f 1845 1854 1846
f 1846 1854 1845
f 1846 1854 1855
f 1855 1854 1846
f 1846 1855 1847
f 1847 1855 1846
f 1847 1855 1856
f 1856 1855 1847
f 1847 1856 1848
f 1848 1856 1847
f 1848 1856 1857
f 1857 1856 1848
f 1848 1857 1849
f 1849 1857 1848
f 1849 1857 1858
f 1858 1857 1849
f 1849 1858 1850
f 1850 1858 1849
f 1850 1858 1859
f 1859 1858 1850
f 1850 1859 1851
f 1851 1859 1850
f 1851 1859 1860
f 1860 1859 1851
f 1851 1860 1852
f 1852 1860 1851
f 1852 1860 1853
f 1853 1860 1852
f 1852 1853 1845
f 1845 1853 1852
f 1853 1861 1862
f 1862 1861 1853
f 1853 1862 1854
f 1854 1862 1853
f 1854 1862 1863
f 1863 1862 1854
f 1854 1863 1855
f 1855 1863 1854
f 1855 1863 1864
f 1864 1863 1855
f 1855 1864 1856
f 1856 1864 1855
f 1856 1864 1865
f 1865 1864 1856
f 1856 1865 1857
f 1857 1865 1856
f 1857 1865 1866
f 1866 1865 1857
f 1857 1866 1858
f 1858 1866 1857
f 1858 1866 1867
f 1867 1866 1858
f 1858 1867 1859
f 1859 1867 1858
f 1859 1867 1868
f 1868 1867 1859
f 1859 1868 1860
f 1860 1868 1859
f 1860 1868 1861
f 1861 1868 1860
f 1860 1861 1853
f 1853 1861 1860
f 1861 1869 1870
f 1870 1869 1861
f 1861 1870 1862
f 1862 1870 1861
f 1862 1870 1871
f 1871 1870 1862
f 1862 1871 1863
f 1863 1871 1862
f 1863 1871 1872
f 1872 1871 1863
f 1863 1872 1864
f 1864 1872 1863
f 1864 1872 1873
f 1873 1872 1864
f 1864 1873 1865
f 1865 1873 1864
f 1865 1873 1874
f 1874 1873 1865
f 1865 1874 1866
f 1866 1874 1865
f 1866 1874 1875
f 1875 1874 1866
f 1866 1875 1867
f 1867 1875 1866
f 1867 1875 1876
f 1876 1875 1867
f 1867 1876 1868
f 1868 1876 1867
f 1868 1876 1869
f 1869 1876 1868
f 1868 1869 1861
f 1861 1869 1868
f 1869 1877 1878
f 1878 1877 1869
f 1869 1878 1870
f 1870 1878 1869
f 1870 1878 1879
f 1879 1878 1870
f 1870 1879 1871
f 1871 1879 1870
f 1871 1879 1880
f 1880 1879 1871
f 1871 1880 1872
f 1872 1880 1871
f 1872 1880 1881
f 1881 1880 1872
f 1872 1881 1873
f 1873 1881 1872
f 1873 1881 1882
f 1882 1881 1873
f 1873 1882 1874
f 1874 1882 1873
f 1874 1882 1883
f 1883 1882 1874
f 1874 1883 1875
f 1875 1883 1874
f 1875 1883 1884
f 1884 1883 1875
f 1875 1884 1876
f 1876 1884 1875
f 1876 1884 1877
f 1877 1884 1876
f 1876 1877 1869
f 1869 1877 1876
f 1877 1885 1886
f 1886 1885 1877
f 1877 1886 1878
f 1878 1886 1877
f 1878 1886 1887
f 1887 1886 1878
f 1878 1887 1879
f 1879 1887 1878
f 1879 1887 1888
f 1888 1887 1879
f 1879 1888 1880
f 1880 1888 1879
f 1880 1888 1889
f 1889 1888 1880
f 1880 1889 1881
f 1881 1889 1880
f 1881 1889 1890
f 1890 1889 1881
f 1881 1890 1882
f 1882 1890 1881
f 1882 1890 1891
f 1891 1890 1882
f 1882 1891 1883
f 1883 1891 1882
f 1883 1891 1892
f 1892 1891 1883
f 1883 1892 1884
f 1884 1892 1883
f 1884 1892 1885
f 1885 1892 1884
f 1884 1885 1877
f 1877 1885 1884
f 1885 1893 1894
f 1894 1893 1885
f 1885 1894 1886
f 1886 1894 1885
f 1886 1894 1895
f 1895 1894 1886
f 1886 1895 1887
f 1887 1895 1886
f 1887 1895 1896
f 1896 1895 1887
f 1887 1896 1888
f 1888 1896 1887
f 1888 1896 1897
f 1897 1896 1888
f 1888 1897 1889
f 1889 1897 1888
f 1889 1897 1898
f 1898 1897 1889
f 1889 1898 1890
f 1890 1898 1889
f 1890 1898 1899
f 1899 1898 1890
f 1890 1899 1891
f 1891 1899 1890
f 1891 1899 1900
f 1900 1899 1891
f 1891 1900 1892
f 1892 1900 1891
f 1892 1900 1893
f 1893 1900 1892
f 1892 1893 1885
f 1885 1893 1892
f 1893 1901 1902
f 1902 1901 1893
f 1893 1902 1894
f 1894 1902 1893
f 1894 1902 1903
f 1903 1902 1894
f 1894 1903 1895
f 1895 1903 1894
f 1895 1903 1904
f 1904 1903 1895
f 1895 1904 1896
f 1896 1904 1895
f 1896 1904 1905
f 1905 1904 1896
f 1896 1905 1897
f 1897 1905 1896
f 1897 1905 1906
f 1906 1905 1897
f 1897 1906 1898
f 1898 1906 1897
f 1898 1906 1907
f 1907 1906 1898
f 1898 1907 1899
f 1899 1907 1898
f 1899 1907 1908
f 1908 1907 1899
f 1899 1908 1900
f 1900 1908 1899
f 1900 1908 1901
f 1901 1908 1900
f 1900 1901 1893
f 1893 1901 1900
f 1901 1909 1910
f 1910 1909 1901
f 1901 1910 1902
f 1902 1910 1901
f 1902 1910 1911
f 1911 1910 1902
f 1902 1911 1903
f 1903 1911 1902
f 1903 1911 1912
f 1912 1911 1903
f 1903 1912 1904
f 1904 1912 1903
f 1904 1912 1913
f 1913 1912 1904
f 1904 1913 1905
f 1905 1913 1904
f 1905 1913 1914
f 1914 1913 1905
f 1905 1914 1906
f 1906 1914 1905
f 1906 1914 1915
f 1915 1914 1906
f 1906 1915 1907
f 1907 1915 1906
f 1907 1915 1916
f 1916 1915 1907
f 1907 1916 1908
f 1908 1916 1907
f 1908 1916 1909
f 1909 1916 1908
f 1908 1909 1901
f 1901 1909 1908
f 1909 1917 1918
f 1918 1917 1909
f 1909 1918 1910
f 1910 1918 1909
f 1910 1918 1919
f 1919 1918 1910
f 1910 1919 1911
f 1911 1919 1910
f 1911 1919 1920
f 1920 1919 1911
f 1911 1920 1912
f 1912 1920 1911
f 1912 1920 1921
f 1921 1920 1912
f 1912 1921 1913
f 1913 1921 1912
f 1913 1921 1922
f 1922 1921 1913
f 1913 1922 1914
f 1914 1922 1913
f 1914 1922 1923
f 1923 1922 1914
f 1914 1923 1915
f 1915 1923 1914
f 1915 1923 1924
f 1924 1923 1915
f 1915 1924 1916
f 1916 1924 1915
f 1916 1924 1917
f 1917 1924 1916
f 1916 1917 1909
f 1909 1917 1916
f 1917 1925 1926
f 1926 1925 1917
f 1917 1926 1918
f 1918 1926 1917
f 1918 1926 1927
f 1927 1926 1918
f 1918 1927 1919
f 1919 1927 1918
f 1919 1927 1928
f 1928 1927 1919
f 1919 1928 1920
f 1920 1928 1919
f 1920 1928 1929
f 1929 1928 1920
f 1920 1929 1921
f 1921 1929 1920
f 1921 1929 1930
f 1930 1929 1921
f 1921 1930 1922
f 1922 1930 1921
f 1922 1930 1931
f 1931 1930 1922
f 1922 1931 1923
f 1923 1931 1922
f 1923 1931 1932
f 1932 1931 1923
f 1923 1932 1924
f 1924 1932 1923
f 1924 1932 1925
f 1925 1932 1924
f 1924 1925 1917
f 1917 1925 1924
f 1925 1933 1934
f 1934 1933 1925
f 1925 1934 1926
f 1926 1934 1925
f 1926 1934 1935
f 1935 1934 1926
f 1926 1935 1927
f 1927 1935 1926
f 1927 1935 1936
f 1936 1935 1927
f 1927 1936 1928
f 1928 1936 1927
f 1928 1936 1937
f 1937 1936 1928
f 1928 1937 1929
f 1929 1937 1928
f 1929 1937 1938
f 1938 1937 1929
f 1929 1938 1930
f 1930 1938 1929
f 1930 1938 1939
f 1939 1938 1930
f 1930 1939 1931
f 1931 1939 1930
f 1931 1939 1940
f 1940 1939 1931
f 1931 1940 1932
f 1932 1940 1931
f 1932 1940 1933
f 1933 1940 1932
f 1932 1933 1925
f 1925 1933 1932
f 1933 1941 1942
f 1942 1941 1933
f 1933 1942 1934
f 1934 1942 1933
f 1934 1942 1943
f 1943 1942 1934
f 1934 1943 1935
f 1935 1943 1934
f 1935 1943 1944
f 1944 1943 1935
f 1935 1944 1936
f 1936 1944 1935
f 1936 1944 1945
f 1945 1944 1936
f 1936 1945 1937
f 1937 1945 1936
f 1937 1945 1946
f 1946 1945 1937
f 1937 1946 1938
f 1938 1946 1937
f 1938 1946 1947
f 1947 1946 1938
f 1938 1947 1939
f 1939 1947 1938
f 1939 1947 1948
f 1948 1947 1939
f 1939 1948 1940
f 1940 1948 1939
f 1940 1948 1941
f 1941 1948 1940
f 1940 1941 1933
f 1933 1941 1940
f 1941 1773 1774
f 1774 1773 1941
f 1941 1774 1942
f 1942 1774 1941
f 1942 1774 1775
f 1775 1774 1942
f 1942 1775 1943
f 1943 1775 1942
f 1943 1775 1776
f 1776 1775 1943
f 1943 1776 1944
f 1944 1776 1943
f 1944 1776 1777
f 1777 1776 1944
f 1944 1777 1945
f 1945 1777 1944
f 1945 1777 1778
f 1778 1777 1945
f 1945 1778 1946
f 1946 1778 1945
f 1946 1778 1779
f 1779 1778 1946
f 1946 1779 1947
f 1947 1779 1946
f 1947 1779 1780
f 1780 1779 1947
f 1947 1780 1948
f 1948 1780 1947
f 1948 1780 1773
f 1773 1780 1948
f 1948 1773 1941
f 1941 1773 1948
f 2275 2283 2284
f 2284 2283 2275
f 2275 2284 2276
f 2276 2284 2275
f 2276 2284 2285
f 2285 2284 2276
f 2276 2285 2277
f 2277 2285 2276
f 2277 2285 2286
f 2286 2285 2277
f 2277 2286 2278
f 2278 2286 2277
f 2278 2286 2287
f 2287 2286 2278
f 2278 2287 2279
f 2279 2287 2278
f 2279 2287 2288
f 2288 2287 2279
f 2279 2288 2280
f 2280 2288 2279
f 2280 2288 2289
f 2289 2288 2280
f 2280 2289 2281
f 2281 2289 2280
f 2281 2289 2290
f 2290 2289 2281
f 2281 2290 2282
f 2282 2290 2281
f 2282 2290 2283
f 2283 2290 2282
f 2282 2283 2275
f 2275 2283 2282
f 2283 2291 2292
f 2292 2291 2283
f 2283 2292 2284
f 2284 2292 2283
f 2284 2292 2293
f 2293 2292 2284
f 2284 2293 2285
f 2285 2293 2284
f 2285 2293 2294
f 2294 2293 2285
f 2285 2294 2286
f 2286 2294 2285
f 2286 2294 2295
f 2295 2294 2286
f 2286 2295 2287
f 2287 2295 2286
f 2287 2295 2296
f 2296 2295 2287
f 2287 2296 2288
f 2288 2296 2287
f 2288 2296 2297
f 2297 2296 2288
f 2288 2297 2289
f 2289 2297 2288
f 2289 2297 2298
f 2298 2297 2289
f 2289 2298 2290
f 2290 2298 2289
f 2290 2298 2291
f 2291 2298 2290
f 2290 2291 2283
f 2283 2291 2290
f 2291 2299 2300
f 2300 2299 2291
f 2291 2300 2292
f 2292 2300 2291
f 2292 2300 2301
f 2301 2300 2292
f 2292 2301 2293
f 2293 2301 2292
f 2293 2301 2302
f 2302 2301 2293
f 2293 2302 2294
f 2294 2302 2293
f 2294 2302 2303
f 2303 2302 2294
f 2294 2303 2295
f 2295 2303 2294
f 2295 2303 2304
f 2304 2303 2295
f 2295 2304 2296
f 2296 2304 2295
f 2296 2304 2305
f 2305 2304 2296
f 2296 2305 2297
f 2297 2305 2296
f 2297 2305 2306
f 2306 2305 2297
f 2297 2306 2298
f 2298 2306 2297
f 2298 2306 2299
f 2299 2306 2298
f 2298 2299 2291
f 2291 2299 2298
f 2299 2307 2308
f 2308 2307 2299
f 2299 2308 2300
f 2300 2308 2299
f 2300 2308 2309
f 2309 2308 2300
f 2300 2309 2301
f 2301 2309 2300
f 2301 2309 2310
f 2310 2309 2301
f 2301 2310 2302
f 2302 2310 2301
f 2302 2310 2311
f 2311 2310 2302
f 2302 2311 2303
f 2303 2311 2302
f 2303 2311 2312
f 2312 2311 2303
f 2303 2312 2304
f 2304 2312 2303
f 2304 2312 2313
f 2313 2312 2304
f 2304 2313 2305
f 2305 2313 2304
f 2305 2313 2314
f 2314 2313 2305
f 2305 2314 2306
f 2306 2314 2305
f 2306 2314 2307
f 2307 2314 2306
f 2306 2307 2299
f 2299 2307 2306
f 2307 2315 2316
f 2316 2315 2307
f 2307 2316 2308
f 2308 2316 2307
f 2308 2316 2317
f 2317 2316 2308
f 2308 2317 2309
f 2309 2317 2308
f 2309 2317 2318
f 2318 2317 2309
f 2309 2318 2310
f 2310 2318 2309
f 2310 2318 2319
f 2319 2318 2310
f 2310 2319 2311
f 2311 2319 2310
f 2311 2319 2320
f 2320 2319 2311
f 2311 2320 2312
f 2312 2320 2311
f 2312 2320 2321
f 2321 2320 2312
f 2312 2321 2313
f 2313 2321 2312
f 2313 2321 2322
f 2322 2321 2313
f 2313 2322 2314
f 2314 2322 2313
f 2314 2322 2315
f 2315 2322 2314
f 2314 2315 2307
f 2307 2315 2314
f 2315 2323 2324
f 2324 2323 2315
f 2315 2324 2316
f 2316 2324 2315
f 2316 2324 2325
f 2325 2324 2316
f 2316 2325 2317
f 2317 2325 2316
f 2317 2325 2326
f 2326 2325 2317
f 2317 2326 2318
f 2318 2326 2317
f 2318 2326 2327
f 2327 2326 2318
f 2318 2327 2319
f 2319 2327 2318
f 2319 2327 2328
f 2328 2327 2319
f 2319 2328 2320
f 2320 2328 2319
f 2320 2328 2329
f 2329 2328 2320
f 2320 2329 2321
f 2321 2329 2320
f 2321 2329 2330
f 2330 2329 2321
f 2321 2330 2322
f 2322 2330 2321
f 2322 2330 2323
f 2323 2330 2322
f 2322 2323 2315
f 2315 2323 2322
f 2323 2331 2332
f 2332 2331 2323
f 2323 2332 2324
f 2324 2332 2323
f 2324 2332 2333
f 2333 2332 2324
f 2324 2333 2325
f 2325 2333 2324
f 2325 2333 2334
f 2334 2333 2325
f 2325 2334 2326
f 2326 2334 2325
f 2326 2334 2335
f 2335 2334 2326
f 2326 2335 2327
f 2327 2335 2326
f 2327 2335 2336
f 2336 2335 2327
f 2327 2336 2328
f 2328 2336 2327
f 2328 2336 2337
f 2337 2336 2328
f 2328 2337 2329
f 2329 2337 2328
f 2329 2337 2338
f 2338 2337 2329
f 2329 2338 2330
f 2330 2338 2329
f 2330 2338 2331
f 2331 2338 2330
f 2330 2331 2323
f 2323 2331 2330
f 2331 2339 2340
f 2340 2339 2331
f 2331 2340 2332
f 2332 2340 2331
f 2332 2340 2341
f 2341 2340 2332
f 2332 2341 2333
f 2333 2341 2332
f 2333 2341 2342
f 2342 2341 2333
f 2333 2342 2334
f 2334 2342 2333
f 2334 2342 2343
f 2343 2342 2334
f 2334 2343 2335
f 2335 2343 2334
f 2335 2343 2344
f 2344 2343 2335
f 2335 2344 2336
f 2336 2344 2335
f 2336 2344 2345
f 2345 2344 2336
f 2336 2345 2337
f 2337 2345 2336
f 2337 2345 2346
f 2346 2345 2337
f 2337 2346 2338
f 2338 2346 2337
f 2338 2346 2339
f 2339 2346 2338
f 2338 2339 2331
f 2331 2339 2338
f 2339 2347 2348
f 2348 2347 2339
f 2339 2348 2340
f 2340 2348 2339
f 2340 2348 2349
f 2349 2348 2340
f 2340 2349 2341
f 2341 2349 2340
f 2341 2349 2350
f 2350 2349 2341
f 2341 2350 2342
f 2342 2350 2341
f 2342 2350 2351
f 2351 2350 2342
f 2342 2351 2343
f 2343 2351 2342
f 2343 2351 2352
f 2352 2351 2343
f 2343 2352 2344
f 2344 2352 2343
f 2344 2352 2353
f 2353 2352 2344
f 2344 2353 2345
f 2345 2353 2344
f 2345 2353 2354
f 2354 2353 2345
f 2345 2354 2346
f 2346 2354 2345
f 2346 2354 2347
f 2347 2354 2346
f 2346 2347 2339
f 2339 2347 2346
f 2347 2355 2356
f 2356 2355 2347
f 2347 2356 2348
f 2348 2356 2347
f 2348 2356 2357
f 2357 2356 2348
f 2348 2357 2349
f 2349 2357 2348
f 2349 2357 2358
f 2358 2357 2349
f 2349 2358 2350
f 2350 2358 2349
f 2350 2358 2359
f 2359 2358 2350
f 2350 2359 2351
f 2351 2359 2350
f 2351 2359 2360
f 2360 2359 2351
f 2351 2360 2352
f 2352 2360 2351
f 2352 2360 2361
f 2361 2360 2352
f 2352 2361 2353
f 2353 2361 2352
f 2353 2361 2362
f 2362 2361 2353
f 2353 2362 2354
f 2354 2362 2353
f 2354 2362 2355
f 2355 2362 2354
f 2354 2355 2347
f 2347 2355 2354
f 2355 2363 2364
f 2364 2363 2355
f 2355 2364 2356
f 2356 2364 2355
f 2356 2364 2365
f 2365 2364 2356
f 2356 2365 2357
f 2357 2365 2356
f 2357 2365 2366
f 2366 2365 2357
f 2357 2366 2358
f 2358 2366 2357
f 2358 2366 2367
f 2367 2366 2358
f 2358 2367 2359
f 2359 2367 2358
f 2359 2367 2368
f 2368 2367 2359
f 2359 2368 2360
f 2360 2368 2359
f 2360 2368 2369
f 2369 2368 2360
f 2360 2369 2361
f 2361 2369 2360
f 2361 2369 2370
f 2370 2369 2361
f 2361 2370 2362
f 2362 2370 2361
f 2362 2370 2363
f 2363 2370 2362
f 2362 2363 2355
f 2355 2363 2362
f 2363 2371 2372
f 2372 2371 2363
f 2363 2372 2364
f 2364 2372 2363
f 2364 2372 2373
f 2373 2372 2364
f 2364 2373 2365
f 2365 2373 2364
f 2365 2373 2374
f 2374 2373 2365
f 2365 2374 2366
f 2366 2374 2365
f 2366 2374 2375
f 2375 2374 2366
f 2366 2375 2367
f 2367 2375 2366
f 2367 2375 2376
f 2376 2375 2367
f 2367 2376 2368
f 2368 2376 2367
f 2368 2376 2377
f 2377 2376 2368
f 2368 2377 2369
f 2369 2377 2368
f 2369 2377 2378
f 2378 2377 2369
f 2369 2378 2370
f 2370 2378 2369
f 2370 2378 2371
f 2371 2378 2370
f 2370 2371 2363
f 2363 2371 2370
f 2371 2379 2380
f 2380 2379 2371
f 2371 2380 2372
f 2372 2380 2371
f 2372 2380 2381
f 2381 2380 2372
f 2372 2381 2373
f 2373 2381 2372
f 2373 2381 2382
f 2382 2381 2373
f 2373 2382 2374
f 2374 2382 2373
f 2374 2382 2383
f 2383 2382 2374
f 2374 2383 2375
f 2375 2383 2374
f 2375 2383 2384
f 2384 2383 2375
f 2375 2384 2376
f 2376 2384 2375
f 2376 2384 2385
f 2385 2384 2376
f 2376 2385 2377
f 2377 2385 2376
f 2377 2385 2386
f 2386 2385 2377
f 2377 2386 2378
f 2378 2386 2377
f 2378 2386 2379
f 2379 2386 2378
f 2378 2379 2371
f 2371 2379 2378
f 2379 2387 2388
f 2388 2387 2379
f 2379 2388 2380
f 2380 2388 2379
f 2380 2388 2389
f 2389 2388 2380
f 2380 2389 2381
f 2381 2389 2380
f 2381 2389 2390
f 2390 2389 2381
f 2381 2390 2382
f 2382 2390 2381
f 2382 2390 2391
f 2391 2390 2382
f 2382 2391 2383
f 2383 2391 2382
f 2383 2391 2392
f 2392 2391 2383
f 2383 2392 2384
f 2384 2392 2383
f 2384 2392 2393
f 2393 2392 2384
f 2384 2393 2385
f 2385 2393 2384
f 2385 2393 2394
f 2394 2393 2385
f 2385 2394 2386
f 2386 2394 2385
f 2386 2394 2387
f 2387 2394 2386
f 2386 2387 2379
f 2379 2387 2386
f 2387 2395 2396
f 2396 2395 2387
f 2387 2396 2388
f 2388 2396 2387
f 2388 2396 2397
f 2397 2396 2388
f 2388 2397 2389
f 2389 2397 2388
f 2389 2397 2398
f 2398 2397 2389
f 2389 2398 2390
f 2390 2398 2389
f 2390 2398 2399
f 2399 2398 2390
f 2390 2399 2391
f 2391 2399 2390
f 2391 2399 2400
f 2400 2399 2391
f 2391 2400 2392
f 2392 2400 2391
f 2392 2400 2401
f 2401 2400 2392
f 2392 2401 2393
f 2393 2401 2392
f 2393 2401 2402
f 2402 2401 2393
f 2393 2402 2394
f 2394 2402 2393
f 2394 2402 2395
f 2395 2402 2394
f 2394 2395 2387
f 2387 2395 2394
f 2395 2403 2404
f 2404 2403 2395
f 2395 2404 2396
f 2396 2404 2395
f 2396 2404 2405
f 2405 2404 2396
f 2396 2405 2397
f 2397 2405 2396
f 2397 2405 2406
f 2406 2405 2397
f 2397 2406 2398
f 2398 2406 2397
f 2398 2406 2407
f 2407 2406 2398
f 2398 2407 2399
f 2399 2407 2398
f 2399 2407 2408
f 2408 2407 2399
f 2399 2408 2400
f 2400 2408 2399
f 2400 2408 2409
f 2409 2408 2400
f 2400 2409 2401
f 2401 2409 2400
f 2401 2409 2410
f 2410 2409 2401
f 2401 2410 2402
f 2402 2410 2401
f 2402 2410 2403
f 2403 2410 2402
f 2402 2403 2395
f 2395 2403 2402
f 2403 2411 2412
f 2412 2411 2403
f 2403 2412 2404
f 2404 2412 2403
f 2404 2412 2413
f 2413 2412 2404
f 2404 2413 2405
f 2405 2413 2404
f 2405 2413 2414
f 2414 2413 2405
f 2405 2414 2406
f 2406 2414 2405
f 2406 2414 2415
f 2415 2414 2406
f 2406 2415 2407
f 2407 2415 2406
f 2407 2415 2416
f 2416 2415 2407
f 2407 2416 2408
f 2408 2416 2407
f 2408 2416 2417
f 2417 2416 2408
f 2408 2417 2409
f 2409 2417 2408
f 2409 2417 2418
f 2418 2417 2409
f 2409 2418 2410
f 2410 2418 2409
f 2410 2418 2411
f 2411 2418 2410
f 2410 2411 2403
f 2403 2411 2410
f 2411 2419 2420
f 2420 2419 2411
f 2411 2420 2412
f 2412 2420 2411
f 2412 2420 2421
f 2421 2420 2412
f 2412 2421 2413
f 2413 2421 2412
f 2413 2421 2422
f 2422 2421 2413
f 2413 2422 2414
f 2414 2422 2413
f 2414 2422 2423
f 2423 2422 2414
f 2414 2423 2415
f 2415 2423 2414
f 2415 2423 2424
f 2424 2423 2415
f 2415 2424 2416
f 2416 2424 2415
f 2416 2424 2425
f 2425 2424 2416
f 2416 2425 2417
f 2417 2425 2416
f 2417 2425 2426
f 2426 2425 2417
f 2417 2426 2418
f 2418 2426 2417
f 2418 2426 2419
f 2419 2426 2418
f 2418 2419 2411
f 2411 2419 2418
f 2419 2427 2428
f 2428 2427 2419
f 2419 2428 2420
f 2420 2428 2419
f 2420 2428 2429
f 2429 2428 2420
f 2420 2429 2421
f 2421 2429 2420
f 2421 2429 2430
f 2430 2429 2421
f 2421 2430 2422
f 2422 2430 2421
f 2422 2430 2431
f 2431 2430 2422
f 2422 2431 2423
f 2423 2431 2422
f 2423 2431 2432
f 2432 2431 2423
f 2423 2432 2424
f 2424 2432 2423
f 2424 2432 2433
f 2433 2432 2424
f 2424 2433 2425
f 2425 2433 2424
f 2425 2433 2434
f 2434 2433 2425
f 2425 2434 2426
f 2426 2434 2425
f 2426 2434 2427
f 2427 2434 2426
f 2426 2427 2419
f 2419 2427 2426
f 2427 2435 2436
f 2436 2435 2427
f 2427 2436 2428
f 2428 2436 2427
f 2428 2436 2437
f 2437 2436 2428
f 2428 2437 2429
f 2429 2437 2428
f 2429 2437 2438
f 2438 2437 2429
f 2429 2438 2430
f 2430 2438 2429
f 2430 2438 2439
f 2439 2438 2430
f 2430 2439 2431
f 2431 2439 2430
f 2431 2439 2440
f 2440 2439 2431
f 2431 2440 2432
f 2432 2440 2431
f 2432 2440 2441
f 2441 2440 2432
f 2432 2441 2433
f 2433 2441 2432
f 2433 2441 2442
f 2442 2441 2433
f 2433 2442 2434
f 2434 2442 2433
f 2434 2442 2435
f 2435 2442 2434
f 2434 2435 2427
f 2427 2435 2434
f 2435 2443 2444
f 2444 2443 2435
f 2435 2444 2436
f 2436 2444 2435
f 2436 2444 2445
f 2445 2444 2436
f 2436 2445 2437
f 2437 2445 2436
f 2437 2445 2446
f 2446 2445 2437
f 2437 2446 2438
f 2438 2446 2437
f 2438 2446 2447
f 2447 2446 2438
f 2438 2447 2439
f 2439 2447 2438
f 2439 2447 2448
f 2448 2447 2439
f 2439 2448 2440
f 2440 2448 2439
f 2440 2448 2449
f 2449 2448 2440
f 2440 2449 2441
f 2441 2449 2440
f 2441 2449 2450
f 2450 2449 2441
f 2441 2450 2442
f 2442 2450 2441
f 2442 2450 2443
f 2443 2450 2442
f 2442 2443 2435
f 2435 2443 2442
f 2443 2275 2276
f 2276 2275 2443
f 2443 2276 2444
f 2444 2276 2443
f 2444 2276 2277
f 2277 2276 2444
f 2444 2277 2445
f 2445 2277 2444
f 2445 2277 2278
f 2278 2277 2445
f 2445 2278 2446
f 2446 2278 2445
f 2446 2278 2279
f 2279 2278 2446
f 2446 2279 2447
f 2447 2279 2446
f 2447 2279 2280
f 2280 2279 2447
f 2447 2280 2448
f 2448 2280 2447
f 2448 2280 2281
f 2281 2280 2448
f 2448 2281 2449
f 2449 2281 2448
f 2449 2281 2282
f 2282 2281 2449
f 2449 2282 2450
f 2450 2282 2449
f 2450 2282 2275
f 2275 2282 2450
f 2450 2275 2443
f 2443 2275 2450
f 2499 2505 2506
f 2506 2505 2499
f 2499 2506 2500
f 2500 2506 2499
f 2500 2506 2507
f 2507 2506 2500
f 2500 2507 2501
f 2501 2507 2500
f 2501 2507 2508
f 2508 2507 2501
f 2501 2508 2502
f 2502 2508 2501
f 2502 2508 2509
f 2509 2508 2502
f 2502 2509 2503
f 2503 2509 2502
f 2503 2509 2510
f 2510 2509 2503
f 2503 2510 2504
f 2504 2510 2503
f 2504 2510 2505
f 2505 2510 2504
f 2504 2505 2499
f 2499 2505 2504
f 2511 2500 2499
f 2499 2500 2511
f 2511 2501 2500
f 2500 2501 2511
f 2511 2502 2501
f 2501 2502 2511
f 2511 2503 2502
f 2502 2503 2511
f 2511 2504 2503
f 2503 2504 2511
f 2511 2499 2504
f 2504 2499 2511
f 2512 2505 2506
f 2506 2505 2512
f 2512 2506 2507
f 2507 2506 2512
f 2512 2507 2508
f 2508 2507 2512
f 2512 2508 2509
f 2509 2508 2512
f 2512 2509 2510
f 2510 2509 2512
f 2512 2510 2505
f 2505 2510 2512
f 2513 2519 2520
f 2520 2519 2513
f 2513 2520 2514
f 2514 2520 2513
f 2514 2520 2521
f 2521 2520 2514
f 2514 2521 2515
f 2515 2521 2514
f 2515 2521 2522
f 2522 2521 2515
f 2515 2522 2516
f 2516 2522 2515
f 2516 2522 2523
f 2523 2522 2516
f 2516 2523 2517
f 2517 2523 2516
f 2517 2523 2524
f 2524 2523 2517
f 2517 2524 2518
f 2518 2524 2517
f 2518 2524 2519
f 2519 2524 2518
f 2518 2519 2513
f 2513 2519 2518
f 2525 2514 2513
f 2513 2514 2525
f 2525 2515 2514
f 2514 2515 2525
f 2525 2516 2515
f 2515 2516 2525
f 2525 2517 2516
f 2516 2517 2525
f 2525 2518 2517
f 2517 2518 2525
f 2525 2513 2518
f 2518 2513 2525
f 2526 2519 2520
f 2520 2519 2526
f 2526 2520 2521
f 2521 2520 2526
f 2526 2521 2522
f 2522 2521 2526
f 2526 2522 2523
f 2523 2522 2526
f 2526 2523 2524
f 2524 2523 2526
f 2526 2524 2519
f 2519 2524 2526
f 2527 2533 2534
f 2534 2533 2527
f 2527 2534 2528
f 2528 2534 2527
f 2528 2534 2535
f 2535 2534 2528
f 2528 2535 2529
f 2529 2535 2528
f 2529 2535 2536
f 2536 2535 2529
f 2529 2536 2530
f 2530 2536 2529
f 2530 2536 2537
f 2537 2536 2530
f 2530 2537 2531
f 2531 2537 2530
f 2531 2537 2538
f 2538 2537 2531
f 2531 2538 2532
f 2532 2538 2531
f 2532 2538 2533
f 2533 2538 2532
f 2532 2533 2527
f 2527 2533 2532
f 2539 2528 2527
f 2527 2528 2539
f 2539 2529 2528
f 2528 2529 2539
f 2539 2530 2529
f 2529 2530 2539
f 2539 2531 2530
f 2530 2531 2539
f 2539 2532 2531
f 2531 2532 2539
f 2539 2527 2532
f 2532 2527 2539
f 2540 2533 2534
f 2534 2533 2540
f 2540 2534 2535
f 2535 2534 2540
f 2540 2535 2536
f 2536 2535 2540
f 2540 2536 2537
f 2537 2536 2540
f 2540 2537 2538
f 2538 2537 2540
f 2540 2538 2533
f 2533 2538 2540
usemtl hair_dark
f 1949 1957 1958
f 1958 1957 1949
f 1949 1958 1950
f 1950 1958 1949
f 1950 1958 1959
f 1959 1958 1950
f 1950 1959 1951
f 1951 1959 1950
f 1951 1959 1960
f 1960 1959 1951
f 1951 1960 1952
f 1952 1960 1951
f 1952 1960 1961
f 1961 1960 1952
f 1952 1961 1953
f 1953 1961 1952
f 1953 1961 1962
f 1962 1961 1953
f 1953 1962 1954
f 1954 1962 1953
f 1954 1962 1963
f 1963 1962 1954
f 1954 1963 1955
f 1955 1963 1954
f 1955 1963 1964
f 1964 1963 1955
f 1955 1964 1956
f 1956 1964 1955
f 1956 1964 1957
f 1957 1964 1956
f 1956 1957 1949
f 1949 1957 1956
f 1957 1965 1966
f 1966 1965 1957
f 1957 1966 1958
f 1958 1966 1957
f 1958 1966 1967
f 1967 1966 1958
f 1958 1967 1959
f 1959 1967 1958
f 1959 1967 1968
f 1968 1967 1959
f 1959 1968 1960
f 1960 1968 1959
f 1960 1968 1969
f 1969 1968 1960
f 1960 1969 1961
f 1961 1969 1960
f 1961 1969 1970
f 1970 1969 1961
f 1961 1970 1962
f 1962 1970 1961
f 1962 1970 1971
f 1971 1970 1962
f 1962 1971 1963
f 1963 1971 1962
f 1963 1971 1972
f 1972 1971 1963
f 1963 1972 1964
f 1964 1972 1963
f 1964 1972 1965
f 1965 1972 1964
f 1964 1965 1957
f 1957 1965 1964
f 1965 1973 1974
f 1974 1973 1965
f 1965 1974 1966
f 1966 1974 1965
f 1966 1974 1975
f 1975 1974 1966
f 1966 1975 1967
f 1967 1975 1966
f 1967 1975 1976
f 1976 1975 1967
f 1967 1976 1968
f 1968 1976 1967
f 1968 1976 1977
f 1977 1976 1968
f 1968 1977 1969
f 1969 1977 1968
f 1969 1977 1978
f 1978 1977 1969
f 1969 1978 1970
f 1970 1978 1969
f 1970 1978 1979
f 1979 1978 1970
f 1970 1979 1971
f 1971 1979 1970
f 1971 1979 1980
f 1980 1979 1971
f 1971 1980 1972
f 1972 1980 1971
f 1972 1980 1973
f 1973 1980 1972
f 1972 1973 1965
f 1965 1973 1972
f 1973 1981 1982
f 1982 1981 1973
f 1973 1982 1974
f 1974 1982 1973
f 1974 1982 1983
f 1983 1982 1974
f 1974 1983 1975
f 1975 1983 1974
f 1975 1983 1984
f 1984 1983 1975
f 1975 1984 1976
f 1976 1984 1975
f 1976 1984 1985
f 1985 1984 1976
f 1976 1985 1977
f 1977 1985 1976
f 1977 1985 1986
f 1986 1985 1977
f 1977 1986 1978
f 1978 1986 1977
f 1978 1986 1987
f 1987 1986 1978
f 1978 1987 1979
f 1979 1987 1978
f 1979 1987 1988
f 1988 1987 1979
f 1979 1988 1980
f 1980 1988 1979
f 1980 1988 1981
f 1981 1988 1980
f 1980 1981 1973
f 1973 1981 1980
f 1981 1989 1990
f 1990 1989 1981
f 1981 1990 1982
f 1982 1990 1981
f 1982 1990 1991
f 1991 1990 1982
f 1982 1991 1983
f 1983 1991 1982
f 1983 1991 1992
f 1992 1991 1983
f 1983 1992 1984
f 1984 1992 1983
f 1984 1992 1993
f 1993 1992 1984
f 1984 1993 1985
f 1985 1993 1984
f 1985 1993 1994
f 1994 1993 1985
f 1985 1994 1986
f 1986 1994 1985
f 1986 1994 1995
f 1995 1994 1986
f 1986 1995 1987
f 1987 1995 1986
f 1987 1995 1996
f 1996 1995 1987
f 1987 1996 1988
f 1988 1996 1987
f 1988 1996 1989
f 1989 1996 1988
f 1988 1989 1981
f 1981 1989 1988
f 2451 2459 2460
f 2460 2459 2451
f 2451 2460 2452
f 2452 2460 2451
f 2452 2460 2461
f 2461 2460 2452
f 2452 2461 2453
f 2453 2461 2452
f 2453 2461 2462
f 2462 2461 2453
f 2453 2462 2454
f 2454 2462 2453
f 2454 2462 2463
f 2463 2462 2454
f 2454 2463 2455
f 2455 2463 2454
f 2455 2463 2464
f 2464 2463 2455
f 2455 2464 2456
f 2456 2464 2455
f 2456 2464 2465
f 2465 2464 2456
f 2456 2465 2457
f 2457 2465 2456
f 2457 2465 2466
f 2466 2465 2457
f 2457 2466 2458
f 2458 2466 2457
f 2458 2466 2459
f 2459 2466 2458
f 2458 2459 2451
f 2451 2459 2458
f 2459 2467 2468
f 2468 2467 2459
f 2459 2468 2460
f 2460 2468 2459
f 2460 2468 2469
f 2469 2468 2460
f 2460 2469 2461
f 2461 2469 2460
f 2461 2469 2470
f 2470 2469 2461
f 2461 2470 2462
f 2462 2470 2461
f 2462 2470 2471
f 2471 2470 2462
f 2462 2471 2463
f 2463 2471 2462
f 2463 2471 2472
f 2472 2471 2463
f 2463 2472 2464
f 2464 2472 2463
f 2464 2472 2473
f 2473 2472 2464
f 2464 2473 2465
f 2465 2473 2464
f 2465 2473 2474
f 2474 2473 2465
f 2465 2474 2466
f 2466 2474 2465
f 2466 2474 2467
f 2467 2474 2466
f 2466 2467 2459
f 2459 2467 2466
f 2467 2475 2476
f 2476 2475 2467
f 2467 2476 2468
f 2468 2476 2467
f 2468 2476 2477
f 2477 2476 2468
f 2468 2477 2469
f 2469 2477 2468
f 2469 2477 2478
f 2478 2477 2469
f 2469 2478 2470
f 2470 2478 2469
f 2470 2478 2479
f 2479 2478 2470
f 2470 2479 2471
f 2471 2479 2470
f 2471 2479 2480
f 2480 2479 2471
f 2471 2480 2472
f 2472 2480 2471
f 2472 2480 2481
f 2481 2480 2472
f 2472 2481 2473
f 2473 2481 2472
f 2473 2481 2482
f 2482 2481 2473
f 2473 2482 2474
f 2474 2482 2473
f 2474 2482 2475
f 2475 2482 2474
f 2474 2475 2467
f 2467 2475 2474
f 2475 2483 2484
f 2484 2483 2475
f 2475 2484 2476
f 2476 2484 2475
f 2476 2484 2485
f 2485 2484 2476
f 2476 2485 2477
f 2477 2485 2476
f 2477 2485 2486
f 2486 2485 2477
f 2477 2486 2478
f 2478 2486 2477
f 2478 2486 2487
f 2487 2486 2478
f 2478 2487 2479
f 2479 2487 2478
f 2479 2487 2488
f 2488 2487 2479
f 2479 2488 2480
f 2480 2488 2479
f 2480 2488 2489
f 2489 2488 2480
f 2480 2489 2481
f 2481 2489 2480
f 2481 2489 2490
f 2490 2489 2481
f 2481 2490 2482
f 2482 2490 2481
f 2482 2490 2483
f 2483 2490 2482
f 2482 2483 2475
f 2475 2483 2482
f 2483 2491 2492
f 2492 2491 2483
f 2483 2492 2484
f 2484 2492 2483
f 2484 2492 2493
f 2493 2492 2484
f 2484 2493 2485
f 2485 2493 2484
f 2485 2493 2494
f 2494 2493 2485
f 2485 2494 2486
f 2486 2494 2485
f 2486 2494 2495
f 2495 2494 2486
f 2486 2495 2487
f 2487 2495 2486
f 2487 2495 2496
f 2496 2495 2487
f 2487 2496 2488
f 2488 2496 2487
f 2488 2496 2497
f 2497 2496 2488
f 2488 2497 2489
f 2489 2497 2488
f 2489 2497 2498
f 2498 2497 2489
f 2489 2498 2490
f 2490 2498 2489
f 2490 2498 2491
f 2491 2498 2490
f 2490 2491 2483
f 2483 2491 2490
f 3385 3399 3400
f 3400 3399 3385
f 3385 3400 3386
f 3386 3400 3385
f 3386 3400 3401
f 3401 3400 3386
f 3386 3401 3387
f 3387 3401 3386
f 3387 3401 3402
f 3402 3401 3387
f 3387 3402 3388
f 3388 3402 3387
f 3388 3402 3403
f 3403 3402 3388
f 3388 3403 3389
f 3389 3403 3388
f 3389 3403 3404
f 3404 3403 3389
f 3389 3404 3390
f 3390 3404 3389
f 3390 3404 3405
f 3405 3404 3390
f 3390 3405 3391
f 3391 3405 3390
f 3391 3405 3406
f 3406 3405 3391
f 3391 3406 3392
f 3392 3406 3391
f 3392 3406 3407
f 3407 3406 3392
f 3392 3407 3393
f 3393 3407 3392
f 3393 3407 3408
f 3408 3407 3393
f 3393 3408 3394
f 3394 3408 3393
f 3394 3408 3409
f 3409 3408 3394
f 3394 3409 3395
f 3395 3409 3394
f 3395 3409 3410
f 3410 3409 3395
f 3395 3410 3396
f 3396 3410 3395
f 3396 3410 3411
f 3411 3410 3396
f 3396 3411 3397
f 3397 3411 3396
f 3397 3411 3412
f 3412 3411 3397
f 3397 3412 3398
f 3398 3412 3397
f 3398 3412 3399
f 3399 3412 3398
f 3398 3399 3385
f 3385 3399 3398
f 3399 3413 3414
f 3414 3413 3399
f 3399 3414 3400
f 3400 3414 3399
f 3400 3414 3415
f 3415 3414 3400
f 3400 3415 3401
f 3401 3415 3400
f 3401 3415 3416
f 3416 3415 3401
f 3401 3416 3402
f 3402 3416 3401
f 3402 3416 3417
f 3417 3416 3402
f 3402 3417 3403
f 3403 3417 3402
f 3403 3417 3418
f 3418 3417 3403
f 3403 3418 3404
f 3404 3418 3403
f 3404 3418 3419
f 3419 3418 3404
f 3404 3419 3405
f 3405 3419 3404
f 3405 3419 3420
f 3420 3419 3405
f 3405 3420 3406
f 3406 3420 3405
f 3406 3420 3421
f 3421 3420 3406
f 3406 3421 3407
f 3407 3421 3406
f 3407 3421 3422
f 3422 3421 3407
f 3407 3422 3408
f 3408 3422 3407
f 3408 3422 3423
f 3423 3422 3408
f 3408 3423 3409
f 3409 3423 3408
f 3409 3423 3424
f 3424 3423 3409
f 3409 3424 3410
f 3410 3424 3409
f 3410 3424 3425
f 3425 3424 3410
f 3410 3425 3411
f 3411 3425 3410
f 3411 3425 3426
f 3426 3425 3411
f 3411 3426 3412
f 3412 3426 3411
f 3412 3426 3413
f 3413 3426 3412
f 3412 3413 3399
f 3399 3413 3412
f 3413 3427 3428
f 3428 3427 3413
f 3413 3428 3414
f 3414 3428 3413
f 3414 3428 3429
f 3429 3428 3414
f 3414 3429 3415
f 3415 3429 3414
f 3415 3429 3430
f 3430 3429 3415
f 3415 3430 3416
f 3416 3430 3415
f 3416 3430 3431
f 3431 3430 3416
f 3416 3431 3417
f 3417 3431 3416
f 3417 3431 3432
f 3432 3431 3417
f 3417 3432 3418
f 3418 3432 3417
f 3418 3432 3433
f 3433 3432 3418
f 3418 3433 3419
f 3419 3433 3418
f 3419 3433 3434
f 3434 3433 3419
f 3419 3434 3420
f 3420 3434 3419
f 3420 3434 3435
f 3435 3434 3420
f 3420 3435 3421
f 3421 3435 3420
f 3421 3435 3436
f 3436 3435 3421
f 3421 3436 3422
f 3422 3436 3421
f 3422 3436 3437
f 3437 3436 3422
f 3422 3437 3423
f 3423 3437 3422
f 3423 3437 3438
f 3438 3437 3423
f 3423 3438 3424
f 3424 3438 3423
f 3424 3438 3439
f 3439 3438 3424
f 3424 3439 3425
f 3425 3439 3424
f 3425 3439 3440
f 3440 3439 3425
f 3425 3440 3426
f 3426 3440 3425
f 3426 3440 3427
f 3427 3440 3426
f 3426 3427 3413
f 3413 3427 3426
f 3427 3441 3442
f 3442 3441 3427
f 3427 3442 3428
f 3428 3442 3427
f 3428 3442 3443
f 3443 3442 3428
f 3428 3443 3429
f 3429 3443 3428
f 3429 3443 3444
f 3444 3443 3429
f 3429 3444 3430
f 3430 3444 3429
f 3430 3444 3445
f 3445 3444 3430
f 3430 3445 3431
f 3431 3445 3430
f 3431 3445 3446
f 3446 3445 3431
f 3431 3446 3432
f 3432 3446 3431
f 3432 3446 3447
f 3447 3446 3432
f 3432 3447 3433
f 3433 3447 3432
f 3433 3447 3448
f 3448 3447 3433
f 3433 3448 3434
f 3434 3448 3433
f 3434 3448 3449
f 3449 3448 3434
f 3434 3449 3435
f 3435 3449 3434
f 3435 3449 3450
f 3450 3449 3435
f 3435 3450 3436
f 3436 3450 3435
f 3436 3450 3451
f 3451 3450 3436
f 3436 3451 3437
f 3437 3451 3436
f 3437 3451 3452
f 3452 3451 3437
f 3437 3452 3438
f 3438 3452 3437
f 3438 3452 3453
f 3453 3452 3438
f 3438 3453 3439
f 3439 3453 3438
f 3439 3453 3454
f 3454 3453 3439
f 3439 3454 3440
f 3440 3454 3439
f 3440 3454 3441
f 3441 3454 3440
f 3440 3441 3427
f 3427 3441 3440
f 3441 3455 3456
f 3456 3455 3441
f 3441 3456 3442
f 3442 3456 3441
f 3442 3456 3457
f 3457 3456 3442
f 3442 3457 3443
f 3443 3457 3442
f 3443 3457 3458
f 3458 3457 3443
f 3443 3458 3444
f 3444 3458 3443
f 3444 3458 3459
f 3459 3458 3444
f 3444 3459 3445
f 3445 3459 3444
f 3445 3459 3460
f 3460 3459 3445
f 3445 3460 3446
f 3446 3460 3445
f 3446 3460 3461
f 3461 3460 3446
f 3446 3461 3447
f 3447 3461 3446
f 3447 3461 3462
f 3462 3461 3447
f 3447 3462 3448
f 3448 3462 3447
f 3448 3462 3463
f 3463 3462 3448
f 3448 3463 3449
f 3449 3463 3448
f 3449 3463 3464
f 3464 3463 3449
f 3449 3464 3450
f 3450 3464 3449
f 3450 3464 3465
f 3465 3464 3450
f 3450 3465 3451
f 3451 3465 3450
f 3451 3465 3466
f 3466 3465 3451
f 3451 3466 3452
f 3452 3466 3451
f 3452 3466 3467
f 3467 3466 3452
f 3452 3467 3453
f 3453 3467 3452
f 3453 3467 3468
f 3468 3467 3453
f 3453 3468 3454
f 3454 3468 3453
f 3454 3468 3455
f 3455 3468 3454
f 3454 3455 3441
f 3441 3455 3454
f 3455 3469 3470
f 3470 3469 3455
f 3455 3470 3456
f 3456 3470 3455
f 3456 3470 3471
f 3471 3470 3456
f 3456 3471 3457
f 3457 3471 3456
f 3457 3471 3472
f 3472 3471 3457
f 3457 3472 3458
f 3458 3472 3457
f 3458 3472 3473
f 3473 3472 3458
f 3458 3473 3459
f 3459 3473 3458
f 3459 3473 3474
f 3474 3473 3459
f 3459 3474 3460
f 3460 3474 3459
f 3460 3474 3475
f 3475 3474 3460
f 3460 3475 3461
f 3461 3475 3460
f 3461 3475 3476
f 3476 3475 3461
f 3461 3476 3462
f 3462 3476 3461
f 3462 3476 3477
f 3477 3476 3462
f 3462 3477 3463
f 3463 3477 3462
f 3463 3477 3478
f 3478 3477 3463
f 3463 3478 3464
f 3464 3478 3463
f 3464 3478 3479
f 3479 3478 3464
f 3464 3479 3465
f 3465 3479 3464
f 3465 3479 3480
f 3480 3479 3465
f 3465 3480 3466
f 3466 3480 3465
f 3466 3480 3481
f 3481 3480 3466
f 3466 3481 3467
f 3467 3481 3466
f 3467 3481 3482
f 3482 3481 3467
f 3467 3482 3468
f 3468 3482 3467
f 3468 3482 3469
f 3469 3482 3468
f 3468 3469 3455
f 3455 3469 3468
f 3469 3483 3484
f 3484 3483 3469
f 3469 3484 3470
f 3470 3484 3469
f 3470 3484 3485
f 3485 3484 3470
f 3470 3485 3471
f 3471 3485 3470
f 3471 3485 3486
f 3486 3485 3471
f 3471 3486 3472
f 3472 3486 3471
f 3472 3486 3487
f 3487 3486 3472
f 3472 3487 3473
f 3473 3487 3472
f 3473 3487 3488
f 3488 3487 3473
f 3473 3488 3474
f 3474 3488 3473
f 3474 3488 3489
f 3489 3488 3474
f 3474 3489 3475
f 3475 3489 3474
f 3475 3489 3490
f 3490 3489 3475
f 3475 3490 3476
f 3476 3490 3475
f 3476 3490 3491
f 3491 3490 3476
f 3476 3491 3477
f 3477 3491 3476
f 3477 3491 3492
f 3492 3491 3477
f 3477 3492 3478
f 3478 3492 3477
f 3478 3492 3493
f 3493 3492 3478
f 3478 3493 3479
f 3479 3493 3478
f 3479 3493 3494
f 3494 3493 3479
f 3479 3494 3480
f 3480 3494 3479
f 3480 3494 3495
f 3495 3494 3480
f 3480 3495 3481
f 3481 3495 3480
f 3481 3495 3496
f 3496 3495 3481
f 3481 3496 3482
f 3482 3496 3481
f 3482 3496 3483
f 3483 3496 3482
f 3482 3483 3469
f 3469 3483 3482
f 3483 3497 3498
f 3498 3497 3483
f 3483 3498 3484
f 3484 3498 3483
f 3484 3498 3499
f 3499 3498 3484
f 3484 3499 3485
f 3485 3499 3484
f 3485 3499 3500
f 3500 3499 3485
f 3485 3500 3486
f 3486 3500 3485
f 3486 3500 3501
f 3501 3500 3486
f 3486 3501 3487
f 3487 3501 3486
f 3487 3501 3502
f 3502 3501 3487
f 3487 3502 3488
f 3488 3502 3487
f 3488 3502 3503
f 3503 3502 3488
f 3488 3503 3489
f 3489 3503 3488
f 3489 3503 3504
f 3504 3503 3489
f 3489 3504 3490
f 3490 3504 3489
f 3490 3504 3505
f 3505 3504 3490
f 3490 3505 3491
f 3491 3505 3490
f 3491 3505 3506
f 3506 3505 3491
f 3491 3506 3492
f 3492 3506 3491
f 3492 3506 3507
f 3507 3506 3492
f 3492 3507 3493
f 3493 3507 3492
f 3493 3507 3508
f 3508 3507 3493
f 3493 3508 3494
f 3494 3508 3493
f 3494 3508 3509
f 3509 3508 3494
f 3494 3509 3495
f 3495 3509 3494
f 3495 3509 3510
f 3510 3509 3495
f 3495 3510 3496
f 3496 3510 3495
f 3496 3510 3497
f 3497 3510 3496
f 3496 3497 3483
f 3483 3497 3496
f 3497 3511 3512
f 3512 3511 3497
f 3497 3512 3498
f 3498 3512 3497
f 3498 3512 3513
f 3513 3512 3498
f 3498 3513 3499
f 3499 3513 3498
f 3499 3513 3514
f 3514 3513 3499
f 3499 3514 3500
f 3500 3514 3499
f 3500 3514 3515
f 3515 3514 3500
f 3500 3515 3501
f 3501 3515 3500
f 3501 3515 3516
f 3516 3515 3501
f 3501 3516 3502
f 3502 3516 3501
f 3502 3516 3517
f 3517 3516 3502
f 3502 3517 3503
f 3503 3517 3502
f 3503 3517 3518
f 3518 3517 3503
f 3503 3518 3504
f 3504 3518 3503
f 3504 3518 3519
f 3519 3518 3504
f 3504 3519 3505
f 3505 3519 3504
f 3505 3519 3520
f 3520 3519 3505
f 3505 3520 3506
f 3506 3520 3505
f 3506 3520 3521
f 3521 3520 3506
f 3506 3521 3507
f 3507 3521 3506
f 3507 3521 3522
f 3522 3521 3507
f 3507 3522 3508
f 3508 3522 3507
f 3508 3522 3523
f 3523 3522 3508
f 3508 3523 3509
f 3509 3523 3508
f 3509 3523 3524
f 3524 3523 3509
f 3509 3524 3510
f 3510 3524 3509
f 3510 3524 3511
f 3511 3524 3510
f 3510 3511 3497
f 3497 3511 3510
f 3511 3525 3526
f 3526 3525 3511
f 3511 3526 3512
f 3512 3526 3511
f 3512 3526 3527
f 3527 3526 3512
f 3512 3527 3513
f 3513 3527 3512
f 3513 3527 3528
f 3528 3527 3513
f 3513 3528 3514
f 3514 3528 3513
f 3514 3528 3529
f 3529 3528 3514
f 3514 3529 3515
f 3515 3529 3514
f 3515 3529 3530
f 3530 3529 3515
f 3515 3530 3516
f 3516 3530 3515
f 3516 3530 3531
f 3531 3530 3516
f 3516 3531 3517
f 3517 3531 3516
f 3517 3531 3532
f 3532 3531 3517
f 3517 3532 3518
f 3518 3532 3517
f 3518 3532 3533
f 3533 3532 3518
f 3518 3533 3519
f 3519 3533 3518
f 3519 3533 3534
f 3534 3533 3519
f 3519 3534 3520
f 3520 3534 3519
f 3520 3534 3535
f 3535 3534 3520
f 3520 3535 3521
f 3521 3535 3520
f 3521 3535 3536
f 3536 3535 3521
f 3521 3536 3522
f 3522 3536 3521
f 3522 3536 3537
f 3537 3536 3522
f 3522 3537 3523
f 3523 3537 3522
f 3523 3537 3538
f 3538 3537 3523
f 3523 3538 3524
f 3524 3538 3523
f 3524 3538 3525
f 3525 3538 3524
f 3524 3525 3511
f 3511 3525 3524
f 3539 3551 3552
f 3552 3551 3539
f 3539 3552 3540
f 3540 3552 3539
f 3540 3552 3553
f 3553 3552 3540
f 3540 3553 3541
f 3541 3553 3540
f 3541 3553 3554
f 3554 3553 3541
f 3541 3554 3542
f 3542 3554 3541
f 3542 3554 3555
f 3555 3554 3542
f 3542 3555 3543
f 3543 3555 3542
f 3543 3555 3556
f 3556 3555 3543
f 3543 3556 3544
f 3544 3556 3543
f 3544 3556 3557
f 3557 3556 3544
f 3544 3557 3545
f 3545 3557 3544
f 3545 3557 3558
f 3558 3557 3545
f 3545 3558 3546
f 3546 3558 3545
f 3546 3558 3559
f 3559 3558 3546
f 3546 3559 3547
f 3547 3559 3546
f 3547 3559 3560
f 3560 3559 3547
f 3547 3560 3548
f 3548 3560 3547
f 3548 3560 3561
f 3561 3560 3548
f 3548 3561 3549
f 3549 3561 3548
f 3549 3561 3562
f 3562 3561 3549
f 3549 3562 3550
f 3550 3562 3549
f 3550 3562 3551
f 3551 3562 3550
f 3550 3551 3539
f 3539 3551 3550
f 3551 3563 3564
f 3564 3563 3551
f 3551 3564 3552
f 3552 3564 3551
f 3552 3564 3565
f 3565 3564 3552
f 3552 3565 3553
f 3553 3565 3552
f 3553 3565 3566
f 3566 3565 3553
f 3553 3566 3554
f 3554 3566 3553
f 3554 3566 3567
f 3567 3566 3554
f 3554 3567 3555
f 3555 3567 3554
f 3555 3567 3568
f 3568 3567 3555
f 3555 3568 3556
f 3556 3568 3555
f 3556 3568 3569
f 3569 3568 3556
f 3556 3569 3557
f 3557 3569 3556
f 3557 3569 3570
f 3570 3569 3557
f 3557 3570 3558
f 3558 3570 3557
f 3558 3570 3571
f 3571 3570 3558
f 3558 3571 3559
f 3559 3571 3558
f 3559 3571 3572
f 3572 3571 3559
f 3559 3572 3560
f 3560 3572 3559
f 3560 3572 3573
f 3573 3572 3560
f 3560 3573 3561
f 3561 3573 3560
f 3561 3573 3574
f 3574 3573 3561
f 3561 3574 3562
f 3562 3574 3561
f 3562 3574 3563
f 3563 3574 3562
f 3562 3563 3551
f 3551 3563 3562
f 3563 3575 3576
f 3576 3575 3563
f 3563 3576 3564
f 3564 3576 3563
f 3564 3576 3577
f 3577 3576 3564
f 3564 3577 3565
f 3565 3577 3564
f 3565 3577 3578
f 3578 3577 3565
f 3565 3578 3566
f 3566 3578 3565
f 3566 3578 3579
f 3579 3578 3566
f 3566 3579 3567
f 3567 3579 3566
f 3567 3579 3580
f 3580 3579 3567
f 3567 3580 3568
f 3568 3580 3567
f 3568 3580 3581
f 3581 3580 3568
f 3568 3581 3569
f 3569 3581 3568
f 3569 3581 3582
f 3582 3581 3569
f 3569 3582 3570
f 3570 3582 3569
f 3570 3582 3583
f 3583 3582 3570
f 3570 3583 3571
f 3571 3583 3570
f 3571 3583 3584
f 3584 3583 3571
f 3571 3584 3572
f 3572 3584 3571
f 3572 3584 3585
f 3585 3584 3572
f 3572 3585 3573
f 3573 3585 3572
f 3573 3585 3586
f 3586 3585 3573
f 3573 3586 3574
f 3574 3586 3573
f 3574 3586 3575
f 3575 3586 3574
f 3574 3575 3563
f 3563 3575 3574
f 3575 3587 3588
f 3588 3587 3575
f 3575 3588 3576
f 3576 3588 3575
f 3576 3588 3589
f 3589 3588 3576
f 3576 3589 3577
f 3577 3589 3576
f 3577 3589 3590
f 3590 3589 3577
f 3577 3590 3578
f 3578 3590 3577
f 3578 3590 3591
f 3591 3590 3578
f 3578 3591 3579
f 3579 3591 3578
f 3579 3591 3592
f 3592 3591 3579
f 3579 3592 3580
f 3580 3592 3579
f 3580 3592 3593
f 3593 3592 3580
f 3580 3593 3581
f 3581 3593 3580
f 3581 3593 3594
f 3594 3593 3581
f 3581 3594 3582
f 3582 3594 3581
f 3582 3594 3595
f 3595 3594 3582
f 3582 3595 3583
f 3583 3595 3582
f 3583 3595 3596
f 3596 3595 3583
f 3583 3596 3584
f 3584 3596 3583
f 3584 3596 3597
f 3597 3596 3584
f 3584 3597 3585
f 3585 3597 3584
f 3585 3597 3598
f 3598 3597 3585
f 3585 3598 3586
f 3586 3598 3585
f 3586 3598 3587
f 3587 3598 3586
f 3586 3587 3575
f 3575 3587 3586
f 3587 3599 3600
f 3600 3599 3587
f 3587 3600 3588
f 3588 3600 3587
f 3588 3600 3601
f 3601 3600 3588
f 3588 3601 3589
f 3589 3601 3588
f 3589 3601 3602
f 3602 3601 3589
f 3589 3602 3590
f 3590 3602 3589
f 3590 3602 3603
f 3603 3602 3590
f 3590 3603 3591
f 3591 3603 3590
f 3591 3603 3604
f 3604 3603 3591
f 3591 3604 3592
f 3592 3604 3591
f 3592 3604 3605
f 3605 3604 3592
f 3592 3605 3593
f 3593 3605 3592
f 3593 3605 3606
f 3606 3605 3593
f 3593 3606 3594
f 3594 3606 3593
f 3594 3606 3607
f 3607 3606 3594
f 3594 3607 3595
f 3595 3607 3594
f 3595 3607 3608
f 3608 3607 3595
f 3595 3608 3596
f 3596 3608 3595
f 3596 3608 3609
f 3609 3608 3596
f 3596 3609 3597
f 3597 3609 3596
f 3597 3609 3610
f 3610 3609 3597
f 3597 3610 3598
f 3598 3610 3597
f 3598 3610 3599
f 3599 3610 3598
f 3598 3599 3587
f 3587 3599 3598
f 3599 3611 3612
f 3612 3611 3599
f 3599 3612 3600
f 3600 3612 3599
f 3600 3612 3613
f 3613 3612 3600
f 3600 3613 3601
f 3601 3613 3600
f 3601 3613 3614
f 3614 3613 3601
f 3601 3614 3602
f 3602 3614 3601
f 3602 3614 3615
f 3615 3614 3602
f 3602 3615 3603
f 3603 3615 3602
f 3603 3615 3616
f 3616 3615 3603
f 3603 3616 3604
f 3604 3616 3603
f 3604 3616 3617
f 3617 3616 3604
f 3604 3617 3605
f 3605 3617 3604
f 3605 3617 3618
f 3618 3617 3605
f 3605 3618 3606
f 3606 3618 3605
f 3606 3618 3619
f 3619 3618 3606
f 3606 3619 3607
f 3607 3619 3606
f 3607 3619 3620
f 3620 3619 3607
f 3607 3620 3608
f 3608 3620 3607
f 3608 3620 3621
f 3621 3620 3608
f 3608 3621 3609
f 3609 3621 3608
f 3609 3621 3622
f 3622 3621 3609
f 3609 3622 3610
f 3610 3622 3609
f 3610 3622 3611
f 3611 3622 3610
f 3610 3611 3599
f 3599 3611 3610
f 3611 3623 3624
f 3624 3623 3611
f 3611 3624 3612
f 3612 3624 3611
f 3612 3624 3625
f 3625 3624 3612
f 3612 3625 3613
f 3613 3625 3612
f 3613 3625 3626
f 3626 3625 3613
f 3613 3626 3614
f 3614 3626 3613
f 3614 3626 3627
f 3627 3626 3614
f 3614 3627 3615
f 3615 3627 3614
f 3615 3627 3628
f 3628 3627 3615
f 3615 3628 3616
f 3616 3628 3615
f 3616 3628 3629
f 3629 3628 3616
f 3616 3629 3617
f 3617 3629 3616
f 3617 3629 3630
f 3630 3629 3617
f 3617 3630 3618
f 3618 3630 3617
f 3618 3630 3631
f 3631 3630 3618
f 3618 3631 3619
f 3619 3631 3618
f 3619 3631 3632
f 3632 3631 3619
f 3619 3632 3620
f 3620 3632 3619
f 3620 3632 3633
f 3633 3632 3620
f 3620 3633 3621
f 3621 3633 3620
f 3621 3633 3634
f 3634 3633 3621
f 3621 3634 3622
f 3622 3634 3621
f 3622 3634 3623
f 3623 3634 3622
f 3622 3623 3611
f 3611 3623 3622
f 3623 3635 3636
f 3636 3635 3623
f 3623 3636 3624
f 3624 3636 3623
f 3624 3636 3637
f 3637 3636 3624
f 3624 3637 3625
f 3625 3637 3624
f 3625 3637 3638
f 3638 3637 3625
f 3625 3638 3626
f 3626 3638 3625
f 3626 3638 3639
f 3639 3638 3626
f 3626 3639 3627
f 3627 3639 3626
f 3627 3639 3640
f 3640 3639 3627
f 3627 3640 3628
f 3628 3640 3627
f 3628 3640 3641
f 3641 3640 3628
f 3628 3641 3629
f 3629 3641 3628
f 3629 3641 3642
f 3642 3641 3629
f 3629 3642 3630
f 3630 3642 3629
f 3630 3642 3643
f 3643 3642 3630
f 3630 3643 3631
f 3631 3643 3630
f 3631 3643 3644
f 3644 3643 3631
f 3631 3644 3632
f 3632 3644 3631
f 3632 3644 3645
f 3645 3644 3632
f 3632 3645 3633
f 3633 3645 3632
f 3633 3645 3646
f 3646 3645 3633
f 3633 3646 3634
f 3634 3646 3633
f 3634 3646 3635
f 3635 3646 3634
f 3634 3635 3623
f 3623 3635 3634
usemtl hair
f 2541 2565 2566
f 2566 2565 2541
f 2541 2566 2542
f 2542 2566 2541
f 2542 2566 2567
f 2567 2566 2542
f 2542 2567 2543
f 2543 2567 2542
f 2543 2567 2568
f 2568 2567 2543
f 2543 2568 2544
f 2544 2568 2543
f 2544 2568 2569
f 2569 2568 2544
f 2544 2569 2545
f 2545 2569 2544
f 2545 2569 2570
f 2570 2569 2545
f 2545 2570 2546
f 2546 2570 2545
f 2546 2570 2571
f 2571 2570 2546
f 2546 2571 2547
f 2547 2571 2546
f 2547 2571 2572
f 2572 2571 2547
f 2547 2572 2548
f 2548 2572 2547
f 2548 2572 2573
f 2573 2572 2548
f 2548 2573 2549
f 2549 2573 2548
f 2549 2573 2574
f 2574 2573 2549
f 2549 2574 2550
f 2550 2574 2549
f 2550 2574 2575
f 2575 2574 2550
f 2550 2575 2551
f 2551 2575 2550
f 2551 2575 2576
f 2576 2575 2551
f 2551 2576 2552
f 2552 2576 2551
f 2552 2576 2577
f 2577 2576 2552
f 2552 2577 2553
f 2553 2577 2552
f 2553 2577 2578
f 2578 2577 2553
f 2553 2578 2554
f 2554 2578 2553
f 2554 2578 2579
f 2579 2578 2554
f 2554 2579 2555
f 2555 2579 2554
f 2555 2579 2580
f 2580 2579 2555
f 2555 2580 2556
f 2556 2580 2555
f 2556 2580 2581
f 2581 2580 2556
f 2556 2581 2557
f 2557 2581 2556
f 2557 2581 2582
f 2582 2581 2557
f 2557 2582 2558
f 2558 2582 2557
f 2558 2582 2583
f 2583 2582 2558
f 2558 2583 2559
f 2559 2583 2558
f 2559 2583 2584
f 2584 2583 2559
f 2559 2584 2560
f 2560 2584 2559
f 2560 2584 2585
f 2585 2584 2560
f 2560 2585 2561
f 2561 2585 2560
f 2561 2585 2586
f 2586 2585 2561
f 2561 2586 2562
f 2562 2586 2561
f 2562 2586 2587
f 2587 2586 2562
f 2562 2587 2563
f 2563 2587 2562
f 2563 2587 2588
f 2588 2587 2563
f 2563 2588 2564
f 2564 2588 2563
f 2564 2588 2565
f 2565 2588 2564
f 2564 2565 2541
f 2541 2565 2564
f 2565 2589 2590
f 2590 2589 2565
f 2565 2590 2566
f 2566 2590 2565
f 2566 2590 2591
f 2591 2590 2566
f 2566 2591 2567
f 2567 2591 2566
f 2567 2591 2592
f 2592 2591 2567
f 2567 2592 2568
f 2568 2592 2567
f 2568 2592 2593
f 2593 2592 2568
f 2568 2593 2569
f 2569 2593 2568
f 2569 2593 2594
f 2594 2593 2569
f 2569 2594 2570
f 2570 2594 2569
f 2570 2594 2595
f 2595 2594 2570
f 2570 2595 2571
f 2571 2595 2570
f 2571 2595 2596
f 2596 2595 2571
f 2571 2596 2572
f 2572 2596 2571
f 2572 2596 2597
f 2597 2596 2572
f 2572 2597 2573
f 2573 2597 2572
f 2573 2597 2598
f 2598 2597 2573
f 2573 2598 2574
f 2574 2598 2573
f 2574 2598 2599
f 2599 2598 2574
f 2574 2599 2575
f 2575 2599 2574
f 2575 2599 2600
f 2600 2599 2575
f 2575 2600 2576
f 2576 2600 2575
f 2576 2600 2601
f 2601 2600 2576
f 2576 2601 2577
f 2577 2601 2576
f 2577 2601 2602
f 2602 2601 2577
f 2577 2602 2578
f 2578 2602 2577
f 2578 2602 2603
f 2603 2602 2578
f 2578 2603 2579
f 2579 2603 2578
f 2579 2603 2604
f 2604 2603 2579
f 2579 2604 2580
f 2580 2604 2579
f 2580 2604 2605
f 2605 2604 2580
f 2580 2605 2581
f 2581 2605 2580
f 2581 2605 2606
f 2606 2605 2581
f 2581 2606 2582
f 2582 2606 2581
f 2582 2606 2607
f 2607 2606 2582
f 2582 2607 2583
f 2583 2607 2582
f 2583 2607 2608
f 2608 2607 2583
f 2583 2608 2584
f 2584 2608 2583
f 2584 2608 2609
f 2609 2608 2584
f 2584 2609 2585
f 2585 2609 2584
f 2585 2609 2610
f 2610 2609 2585
f 2585 2610 2586
f 2586 2610 2585
f 2586 2610 2611
f 2611 2610 2586
f 2586 2611 2587
f 2587 2611 2586
f 2587 2611 2612
f 2612 2611 2587
f 2587 2612 2588
f 2588 2612 2587
f 2588 2612 2589
f 2589 2612 2588
f 2588 2589 2565
f 2565 2589 2588
f 2589 2613 2614
f 2614 2613 2589
f 2589 2614 2590
f 2590 2614 2589
f 2590 2614 2615
f 2615 2614 2590
f 2590 2615 2591
f 2591 2615 2590
f 2591 2615 2616
f 2616 2615 2591
f 2591 2616 2592
f 2592 2616 2591
f 2592 2616 2617
f 2617 2616 2592
f 2592 2617 2593
f 2593 2617 2592
f 2593 2617 2618
f 2618 2617 2593
f 2593 2618 2594
f 2594 2618 2593
f 2594 2618 2619
f 2619 2618 2594
f 2594 2619 2595
f 2595 2619 2594
f 2595 2619 2620
f 2620 2619 2595
f 2595 2620 2596
f 2596 2620 2595
f 2596 2620 2621
f 2621 2620 2596
f 2596 2621 2597
f 2597 2621 2596
f 2597 2621 2622
f 2622 2621 2597
f 2597 2622 2598
f 2598 2622 2597
f 2598 2622 2623
f 2623 2622 2598
f 2598 2623 2599
f 2599 2623 2598
f 2599 2623 2624
f 2624 2623 2599
f 2599 2624 2600
f 2600 2624 2599
f 2600 2624 2625
f 2625 2624 2600
f 2600 2625 2601
f 2601 2625 2600
f 2601 2625 2626
f 2626 2625 2601
f 2601 2626 2602
f 2602 2626 2601
f 2602 2626 2627
f 2627 2626 2602
f 2602 2627 2603
f 2603 2627 2602
f 2603 2627 2628
f 2628 2627 2603
f 2603 2628 2604
f 2604 2628 2603
f 2604 2628 2629
f 2629 2628 2604
f 2604 2629 2605
f 2605 2629 2604
f 2605 2629 2630
f 2630 2629 2605
f 2605 2630 2606
f 2606 2630 2605
f 2606 2630 2631
f 2631 2630 2606
f 2606 2631 2607
f 2607 2631 2606
f 2607 2631 2632
f 2632 2631 2607
f 2607 2632 2608
f 2608 2632 2607
f 2608 2632 2633
f 2633 2632 2608
f 2608 2633 2609
f 2609 2633 2608
f 2609 2633 2634
f 2634 2633 2609
f 2609 2634 2610
f 2610 2634 2609
f 2610 2634 2635
f 2635 2634 2610
f 2610 2635 2611
f 2611 2635 2610
f 2611 2635 2636
f 2636 2635 2611
f 2611 2636 2612
f 2612 2636 2611
f 2612 2636 2613
f 2613 2636 2612
f 2612 2613 2589
f 2589 2613 2612
f 2613 2637 2638
f 2638 2637 2613
f 2613 2638 2614
f 2614 2638 2613
f 2614 2638 2639
f 2639 2638 2614
f 2614 2639 2615
f 2615 2639 2614
f 2615 2639 2640
f 2640 2639 2615
f 2615 2640 2616
f 2616 2640 2615
f 2616 2640 2641
f 2641 2640 2616
f 2616 2641 2617
f 2617 2641 2616
f 2617 2641 2642
f 2642 2641 2617
f 2617 2642 2618
f 2618 2642 2617
f 2618 2642 2643
f 2643 2642 2618
f 2618 2643 2619
f 2619 2643 2618
f 2619 2643 2644
f 2644 2643 2619
f 2619 2644 2620
f 2620 2644 2619
f 2620 2644 2645
f 2645 2644 2620
f 2620 2645 2621
f 2621 2645 2620
f 2621 2645 2646
f 2646 2645 2621
f 2621 2646 2622
f 2622 2646 2621
f 2622 2646 2647
f 2647 2646 2622
f 2622 2647 2623
f 2623 2647 2622
f 2623 2647 2648
f 2648 2647 2623
f 2623 2648 2624
f 2624 2648 2623
f 2624 2648 2649
f 2649 2648 2624
f 2624 2649 2625
f 2625 2649 2624
f 2625 2649 2650
f 2650 2649 2625
f 2625 2650 2626
f 2626 2650 2625
f 2626 2650 2651
f 2651 2650 2626
f 2626 2651 2627
f 2627 2651 2626
f 2627 2651 2652
f 2652 2651 2627
f 2627 2652 2628
f 2628 2652 2627
f 2628 2652 2653
f 2653 2652 2628
f 2628 2653 2629
f 2629 2653 2628
f 2629 2653 2654
f 2654 2653 2629
f 2629 2654 2630
f 2630 2654 2629
f 2630 2654 2655
f 2655 2654 2630
f 2630 2655 2631
f 2631 2655 2630
f 2631 2655 2656
f 2656 2655 2631
f 2631 2656 2632
f 2632 2656 2631
f 2632 2656 2657
f 2657 2656 2632
f 2632 2657 2633
f 2633 2657 2632
f 2633 2657 2658
f 2658 2657 2633
f 2633 2658 2634
f 2634 2658 2633
f 2634 2658 2659
f 2659 2658 2634
f 2634 2659 2635
f 2635 2659 2634
f 2635 2659 2660
f 2660 2659 2635
f 2635 2660 2636
f 2636 2660 2635
f 2636 2660 2637
f 2637 2660 2636
f 2636 2637 2613
f 2613 2637 2636
f 2637 2661 2662
f 2662 2661 2637
f 2637 2662 2638
f 2638 2662 2637
f 2638 2662 2663
f 2663 2662 2638
f 2638 2663 2639
f 2639 2663 2638
f 2639 2663 2664
f 2664 2663 2639
f 2639 2664 2640
f 2640 2664 2639
f 2640 2664 2665
f 2665 2664 2640
f 2640 2665 2641
f 2641 2665 2640
f 2641 2665 2666
f 2666 2665 2641
f 2641 2666 2642
f 2642 2666 2641
f 2642 2666 2667
f 2667 2666 2642
f 2642 2667 2643
f 2643 2667 2642
f 2643 2667 2668
f 2668 2667 2643
f 2643 2668 2644
f 2644 2668 2643
f 2644 2668 2669
f 2669 2668 2644
f 2644 2669 2645
f 2645 2669 2644
f 2645 2669 2670
f 2670 2669 2645
f 2645 2670 2646
f 2646 2670 2645
f 2646 2670 2671
f 2671 2670 2646
f 2646 2671 2647
f 2647 2671 2646
f 2647 2671 2672
f 2672 2671 2647
f 2647 2672 2648
f 2648 2672 2647
f 2648 2672 2673
f 2673 2672 2648
f 2648 2673 2649
f 2649 2673 2648
f 2649 2673 2674
f 2674 2673 2649
f 2649 2674 2650
f 2650 2674 2649
f 2650 2674 2675
f 2675 2674 2650
f 2650 2675 2651
f 2651 2675 2650
f 2651 2675 2676
f 2676 2675 2651
f 2651 2676 2652
f 2652 2676 2651
f 2652 2676 2677
f 2677 2676 2652
f 2652 2677 2653
f 2653 2677 2652
f 2653 2677 2678
f 2678 2677 2653
f 2653 2678 2654
f 2654 2678 2653
f 2654 2678 2679
f 2679 2678 2654
f 2654 2679 2655
f 2655 2679 2654
f 2655 2679 2680
f 2680 2679 2655
f 2655 2680 2656
f 2656 2680 2655
f 2656 2680 2681
f 2681 2680 2656
f 2656 2681 2657
f 2657 2681 2656
f 2657 2681 2682
f 2682 2681 2657
f 2657 2682 2658
f 2658 2682 2657
f 2658 2682 2683
f 2683 2682 2658
f 2658 2683 2659
f 2659 2683 2658
f 2659 2683 2684
f 2684 2683 2659
f 2659 2684 2660
f 2660 2684 2659
f 2660 2684 2661
f 2661 2684 2660
f 2660 2661 2637
f 2637 2661 2660
f 2661 2685 2686
f 2686 2685 2661
f 2661 2686 2662
f 2662 2686 2661
f 2662 2686 2687
f 2687 2686 2662
f 2662 2687 2663
f 2663 2687 2662
f 2663 2687 2688
f 2688 2687 2663
f 2663 2688 2664
f 2664 2688 2663
f 2664 2688 2689
f 2689 2688 2664
f 2664 2689 2665
f 2665 2689 2664
f 2665 2689 2690
f 2690 2689 2665
f 2665 2690 2666
f 2666 2690 2665
f 2666 2690 2691
f 2691 2690 2666
f 2666 2691 2667
f 2667 2691 2666
f 2667 2691 2692
f 2692 2691 2667
f 2667 2692 2668
f 2668 2692 2667
f 2668 2692 2693
f 2693 2692 2668
f 2668 2693 2669
f 2669 2693 2668
f 2669 2693 2694
f 2694 2693 2669
f 2669 2694 2670
f 2670 2694 2669
f 2670 2694 2695
f 2695 2694 2670
f 2670 2695 2671
f 2671 2695 2670
f 2671 2695 2696
f 2696 2695 2671
f 2671 2696 2672
f 2672 2696 2671
f 2672 2696 2697
f 2697 2696 2672
f 2672 2697 2673
f 2673 2697 2672
f 2673 2697 2698
f 2698 2697 2673
f 2673 2698 2674
f 2674 2698 2673
f 2674 2698 2699
f 2699 2698 2674
f 2674 2699 2675
f 2675 2699 2674
f 2675 2699 2700
f 2700 2699 2675
f 2675 2700 2676
f 2676 2700 2675
f 2676 2700 2701
f 2701 2700 2676
f 2676 2701 2677
f 2677 2701 2676
f 2677 2701 2702
f 2702 2701 2677
f 2677 2702 2678
f 2678 2702 2677
f 2678 2702 2703
f 2703 2702 2678
f 2678 2703 2679
f 2679 2703 2678
f 2679 2703 2704
f 2704 2703 2679
f 2679 2704 2680
f 2680 2704 2679
f 2680 2704 2705
f 2705 2704 2680
f 2680 2705 2681
f 2681 2705 2680
f 2681 2705 2706
f 2706 2705 2681
f 2681 2706 2682
f 2682 2706 2681
f 2682 2706 2707
f 2707 2706 2682
f 2682 2707 2683
f 2683 2707 2682
f 2683 2707 2708
f 2708 2707 2683
f 2683 2708 2684
f 2684 2708 2683
f 2684 2708 2685
f 2685 2708 2684
f 2684 2685 2661
f 2661 2685 2684
f 2685 2709 2710
f 2710 2709 2685
f 2685 2710 2686
f 2686 2710 2685
f 2686 2710 2711
f 2711 2710 2686
f 2686 2711 2687
f 2687 2711 2686
f 2687 2711 2712
f 2712 2711 2687
f 2687 2712 2688
f 2688 2712 2687
f 2688 2712 2713
f 2713 2712 2688
f 2688 2713 2689
f 2689 2713 2688
f 2689 2713 2714
f 2714 2713 2689
f 2689 2714 2690
f 2690 2714 2689
f 2690 2714 2715
f 2715 2714 2690
f 2690 2715 2691
f 2691 2715 2690
f 2691 2715 2716
f 2716 2715 2691
f 2691 2716 2692
f 2692 2716 2691
f 2692 2716 2717
f 2717 2716 2692
f 2692 2717 2693
f 2693 2717 2692
f 2693 2717 2718
f 2718 2717 2693
f 2693 2718 2694
f 2694 2718 2693
f 2694 2718 2719
f 2719 2718 2694
f 2694 2719 2695
f 2695 2719 2694
f 2695 2719 2720
f 2720 2719 2695
f 2695 2720 2696
f 2696 2720 2695
f 2696 2720 2721
f 2721 2720 2696
f 2696 2721 2697
f 2697 2721 2696
f 2697 2721 2722
f 2722 2721 2697
f 2697 2722 2698
f 2698 2722 2697
f 2698 2722 2723
f 2723 2722 2698
f 2698 2723 2699
f 2699 2723 2698
f 2699 2723 2724
f 2724 2723 2699
f 2699 2724 2700
f 2700 2724 2699
f 2700 2724 2725
f 2725 2724 2700
f 2700 2725 2701
f 2701 2725 2700
f 2701 2725 2726
f 2726 2725 2701
f 2701 2726 2702
f 2702 2726 2701
f 2702 2726 2727
f 2727 2726 2702
f 2702 2727 2703
f 2703 2727 2702
f 2703 2727 2728
f 2728 2727 2703
f 2703 2728 2704
f 2704 2728 2703
f 2704 2728 2729
f 2729 2728 2704
f 2704 2729 2705
f 2705 2729 2704
f 2705 2729 2730
f 2730 2729 2705
f 2705 2730 2706
f 2706 2730 2705
f 2706 2730 2731
f 2731 2730 2706
f 2706 2731 2707
f 2707 2731 2706
f 2707 2731 2732
f 2732 2731 2707
f 2707 2732 2708
f 2708 2732 2707
f 2708 2732 2709
f 2709 2732 2708
f 2708 2709 2685
f 2685 2709 2708
f 2709 2733 2734
f 2734 2733 2709
f 2709 2734 2710
f 2710 2734 2709
f 2710 2734 2735
f 2735 2734 2710
f 2710 2735 2711
f 2711 2735 2710
f 2711 2735 2736
f 2736 2735 2711
f 2711 2736 2712
f 2712 2736 2711
f 2712 2736 2737
f 2737 2736 2712
f 2712 2737 2713
f 2713 2737 2712
f 2713 2737 2738
f 2738 2737 2713
f 2713 2738 2714
f 2714 2738 2713
f 2714 2738 2739
f 2739 2738 2714
f 2714 2739 2715
f 2715 2739 2714
f 2715 2739 2740
f 2740 2739 2715
f 2715 2740 2716
f 2716 2740 2715
f 2716 2740 2741
f 2741 2740 2716
f 2716 2741 2717
f 2717 2741 2716
f 2717 2741 2742
f 2742 2741 2717
f 2717 2742 2718
f 2718 2742 2717
f 2718 2742 2743
f 2743 2742 2718
f 2718 2743 2719
f 2719 2743 2718
f 2719 2743 2744
f 2744 2743 2719
f 2719 2744 2720
f 2720 2744 2719
f 2720 2744 2745
f 2745 2744 2720
f 2720 2745 2721
f 2721 2745 2720
f 2721 2745 2746
f 2746 2745 2721
f 2721 2746 2722
f 2722 2746 2721
f 2722 2746 2747
f 2747 2746 2722
f 2722 2747 2723
f 2723 2747 2722
f 2723 2747 2748
f 2748 2747 2723
f 2723 2748 2724
f 2724 2748 2723
f 2724 2748 2749
f 2749 2748 2724
f 2724 2749 2725
f 2725 2749 2724
f 2725 2749 2750
f 2750 2749 2725
f 2725 2750 2726
f 2726 2750 2725
f 2726 2750 2751
f 2751 2750 2726
f 2726 2751 2727
f 2727 2751 2726
f 2727 2751 2752
f 2752 2751 2727
f 2727 2752 2728
f 2728 2752 2727
f 2728 2752 2753
f 2753 2752 2728
f 2728 2753 2729
f 2729 2753 2728
f 2729 2753 2754
f 2754 2753 2729
f 2729 2754 2730
f 2730 2754 2729
f 2730 2754 2755
f 2755 2754 2730
f 2730 2755 2731
f 2731 2755 2730
f 2731 2755 2756
f 2756 2755 2731
f 2731 2756 2732
f 2732 2756 2731
f 2732 2756 2733
f 2733 2756 2732
f 2732 2733 2709
f 2709 2733 2732
f 2733 2757 2758
f 2758 2757 2733
f 2733 2758 2734
f 2734 2758 2733
f 2734 2758 2759
f 2759 2758 2734
f 2734 2759 2735
f 2735 2759 2734
f 2735 2759 2760
f 2760 2759 2735
f 2735 2760 2736
f 2736 2760 2735
f 2736 2760 2761
f 2761 2760 2736
f 2736 2761 2737
f 2737 2761 2736
f 2737 2761 2762
f 2762 2761 2737
f 2737 2762 2738
f 2738 2762 2737
f 2738 2762 2763
f 2763 2762 2738
f 2738 2763 2739
f 2739 2763 2738
f 2739 2763 2764
f 2764 2763 2739
f 2739 2764 2740
f 2740 2764 2739
f 2740 2764 2765
f 2765 2764 2740
f 2740 2765 2741
f 2741 2765 2740
f 2741 2765 2766
f 2766 2765 2741
f 2741 2766 2742
f 2742 2766 2741
f 2742 2766 2767
f 2767 2766 2742
f 2742 2767 2743
f 2743 2767 2742
f 2743 2767 2768
f 2768 2767 2743
f 2743 2768 2744
f 2744 2768 2743
f 2744 2768 2769
f 2769 2768 2744
f 2744 2769 2745
f 2745 2769 2744
f 2745 2769 2770
f 2770 2769 2745
f 2745 2770 2746
f 2746 2770 2745
f 2746 2770 2771
f 2771 2770 2746
f 2746 2771 2747
f 2747 2771 2746
f 2747 2771 2772
f 2772 2771 2747
f 2747 2772 2748
f 2748 2772 2747
f 2748 2772 2773
f 2773 2772 2748
f 2748 2773 2749
f 2749 2773 2748
f 2749 2773 2774
f 2774 2773 2749
f 2749 2774 2750
f 2750 2774 2749
f 2750 2774 2775
f 2775 2774 2750
f 2750 2775 2751
f 2751 2775 2750
f 2751 2775 2776
f 2776 2775 2751
f 2751 2776 2752
f 2752 2776 2751
f 2752 2776 2777
f 2777 2776 2752
f 2752 2777 2753
f 2753 2777 2752
f 2753 2777 2778
f 2778 2777 2753
f 2753 2778 2754
f 2754 2778 2753
f 2754 2778 2779
f 2779 2778 2754
f 2754 2779 2755
f 2755 2779 2754
f 2755 2779 2780
f 2780 2779 2755
f 2755 2780 2756
f 2756 2780 2755
f 2756 2780 2757
f 2757 2780 2756
f 2756 2757 2733
f 2733 2757 2756
f 2757 2781 2782
f 2782 2781 2757
f 2757 2782 2758
f 2758 2782 2757
f 2758 2782 2783
f 2783 2782 2758
f 2758 2783 2759
f 2759 2783 2758
f 2759 2783 2784
f 2784 2783 2759
f 2759 2784 2760
f 2760 2784 2759
f 2760 2784 2785
f 2785 2784 2760
f 2760 2785 2761
f 2761 2785 2760
f 2761 2785 2786
f 2786 2785 2761
f 2761 2786 2762
f 2762 2786 2761
f 2762 2786 2787
f 2787 2786 2762
f 2762 2787 2763
f 2763 2787 2762
f 2763 2787 2788
f 2788 2787 2763
f 2763 2788 2764
f 2764 2788 2763
f 2764 2788 2789
f 2789 2788 2764
f 2764 2789 2765
f 2765 2789 2764
f 2765 2789 2790
f 2790 2789 2765
f 2765 2790 2766
f 2766 2790 2765
f 2766 2790 2791
f 2791 2790 2766
f 2766 2791 2767
f 2767 2791 2766
f 2767 2791 2792
f 2792 2791 2767
f 2767 2792 2768
f 2768 2792 2767
f 2768 2792 2793
f 2793 2792 2768
f 2768 2793 2769
f 2769 2793 2768
f 2769 2793 2794
f 2794 2793 2769
f 2769 2794 2770
f 2770 2794 2769
f 2770 2794 2795
f 2795 2794 2770
f 2770 2795 2771
f 2771 2795 2770
f 2771 2795 2796
f 2796 2795 2771
f 2771 2796 2772
f 2772 2796 2771
f 2772 2796 2797
f 2797 2796 2772
f 2772 2797 2773
f 2773 2797 2772
f 2773 2797 2798
f 2798 2797 2773
f 2773 2798 2774
f 2774 2798 2773
f 2774 2798 2799
f 2799 2798 2774
f 2774 2799 2775
f 2775 2799 2774
f 2775 2799 2800
f 2800 2799 2775
f 2775 2800 2776
f 2776 2800 2775
f 2776 2800 2801
f 2801 2800 2776
f 2776 2801 2777
f 2777 2801 2776
f 2777 2801 2802
f 2802 2801 2777
f 2777 2802 2778
f 2778 2802 2777
f 2778 2802 2803
f 2803 2802 2778
f 2778 2803 2779
f 2779 2803 2778
f 2779 2803 2804
f 2804 2803 2779
f 2779 2804 2780
f 2780 2804 2779
f 2780 2804 2781
f 2781 2804 2780
f 2780 2781 2757
f 2757 2781 2780
f 2781 2805 2806
f 2806 2805 2781
f 2781 2806 2782
f 2782 2806 2781
f 2782 2806 2807
f 2807 2806 2782
f 2782 2807 2783
f 2783 2807 2782
f 2783 2807 2808
f 2808 2807 2783
f 2783 2808 2784
f 2784 2808 2783
f 2784 2808 2809
f 2809 2808 2784
f 2784 2809 2785
f 2785 2809 2784
f 2785 2809 2810
f 2810 2809 2785
f 2785 2810 2786
f 2786 2810 2785
f 2786 2810 2811
f 2811 2810 2786
f 2786 2811 2787
f 2787 2811 2786
f 2787 2811 2812
f 2812 2811 2787
f 2787 2812 2788
f 2788 2812 2787
f 2788 2812 2813
f 2813 2812 2788
f 2788 2813 2789
f 2789 2813 2788
f 2789 2813 2814
f 2814 2813 2789
f 2789 2814 2790
f 2790 2814 2789
f 2790 2814 2815
f 2815 2814 2790
f 2790 2815 2791
f 2791 2815 2790
f 2791 2815 2816
f 2816 2815 2791
f 2791 2816 2792
f 2792 2816 2791
f 2792 2816 2817
f 2817 2816 2792
f 2792 2817 2793
f 2793 2817 2792
f 2793 2817 2818
f 2818 2817 2793
f 2793 2818 2794
f 2794 2818 2793
f 2794 2818 2819
f 2819 2818 2794
f 2794 2819 2795
f 2795 2819 2794
f 2795 2819 2820
f 2820 2819 2795
f 2795 2820 2796
f 2796 2820 2795
f 2796 2820 2821
f 2821 2820 2796
f 2796 2821 2797
f 2797 2821 2796
f 2797 2821 2822
f 2822 2821 2797
f 2797 2822 2798
f 2798 2822 2797
f 2798 2822 2823
f 2823 2822 2798
f 2798 2823 2799
f 2799 2823 2798
f 2799 2823 2824
f 2824 2823 2799
f 2799 2824 2800
f 2800 2824 2799
f 2800 2824 2825
f 2825 2824 2800
f 2800 2825 2801
f 2801 2825 2800
f 2801 2825 2826
f 2826 2825 2801
f 2801 2826 2802
f 2802 2826 2801
f 2802 2826 2827
f 2827 2826 2802
f 2802 2827 2803
f 2803 2827 2802
f 2803 2827 2828
f 2828 2827 2803
f 2803 2828 2804
f 2804 2828 2803
f 2804 2828 2805
f 2805 2828 2804
f 2804 2805 2781
f 2781 2805 2804
f 2805 2829 2830
f 2830 2829 2805
f 2805 2830 2806
f 2806 2830 2805
f 2806 2830 2831
f 2831 2830 2806
f 2806 2831 2807
f 2807 2831 2806
f 2807 2831 2832
f 2832 2831 2807
f 2807 2832 2808
f 2808 2832 2807
f 2808 2832 2833
f 2833 2832 2808
f 2808 2833 2809
f 2809 2833 2808
f 2809 2833 2834
f 2834 2833 2809
f 2809 2834 2810
f 2810 2834 2809
f 2810 2834 2835
f 2835 2834 2810
f 2810 2835 2811
f 2811 2835 2810
f 2811 2835 2836
f 2836 2835 2811
f 2811 2836 2812
f 2812 2836 2811
f 2812 2836 2837
f 2837 2836 2812
f 2812 2837 2813
f 2813 2837 2812
f 2813 2837 2838
f 2838 2837 2813
f 2813 2838 2814
f 2814 2838 2813
f 2814 2838 2839
f 2839 2838 2814
f 2814 2839 2815
f 2815 2839 2814
f 2815 2839 2840
f 2840 2839 2815
f 2815 2840 2816
f 2816 2840 2815
f 2816 2840 2841
f 2841 2840 2816
f 2816 2841 2817
f 2817 2841 2816
f 2817 2841 2842
f 2842 2841 2817
f 2817 2842 2818
f 2818 2842 2817
f 2818 2842 2843
f 2843 2842 2818
f 2818 2843 2819
f 2819 2843 2818
f 2819 2843 2844
f 2844 2843 2819
f 2819 2844 2820
f 2820 2844 2819
f 2820 2844 2845
f 2845 2844 2820
f 2820 2845 2821
f 2821 2845 2820
f 2821 2845 2846
f 2846 2845 2821
f 2821 2846 2822
f 2822 2846 2821
f 2822 2846 2847
f 2847 2846 2822
f 2822 2847 2823
f 2823 2847 2822
f 2823 2847 2848
f 2848 2847 2823
f 2823 2848 2824
f 2824 2848 2823
f 2824 2848 2849
f 2849 2848 2824
f 2824 2849 2825
f 2825 2849 2824
f 2825 2849 2850
f 2850 2849 2825
f 2825 2850 2826
f 2826 2850 2825
f 2826 2850 2851
f 2851 2850 2826
f 2826 2851 2827
f 2827 2851 2826
f 2827 2851 2852
f 2852 2851 2827
f 2827 2852 2828
f 2828 2852 2827
f 2828 2852 2829
f 2829 2852 2828
f 2828 2829 2805
f 2805 2829 2828
f 2853 2869 2870
f 2870 2869 2853
f 2853 2870 2854
f 2854 2870 2853
f 2854 2870 2871
f 2871 2870 2854
f 2854 2871 2855
f 2855 2871 2854
f 2855 2871 2872
f 2872 2871 2855
f 2855 2872 2856
f 2856 2872 2855
f 2856 2872 2873
f 2873 2872 2856
f 2856 2873 2857
f 2857 2873 2856
f 2857 2873 2874
f 2874 2873 2857
f 2857 2874 2858
f 2858 2874 2857
f 2858 2874 2875
f 2875 2874 2858
f 2858 2875 2859
f 2859 2875 2858
f 2859 2875 2876
f 2876 2875 2859
f 2859 2876 2860
f 2860 2876 2859
f 2860 2876 2877
f 2877 2876 2860
f 2860 2877 2861
f 2861 2877 2860
f 2861 2877 2878
f 2878 2877 2861
f 2861 2878 2862
f 2862 2878 2861
f 2862 2878 2879
f 2879 2878 2862
f 2862 2879 2863
f 2863 2879 2862
f 2863 2879 2880
f 2880 2879 2863
f 2863 2880 2864
f 2864 2880 2863
f 2864 2880 2881
f 2881 2880 2864
f 2864 2881 2865
f 2865 2881 2864
f 2865 2881 2882
f 2882 2881 2865
f 2865 2882 2866
f 2866 2882 2865
f 2866 2882 2883
f 2883 2882 2866
f 2866 2883 2867
f 2867 2883 2866
f 2867 2883 2884
f 2884 2883 2867
f 2867 2884 2868
f 2868 2884 2867
f 2868 2884 2869
f 2869 2884 2868
f 2868 2869 2853
f 2853 2869 2868
f 2869 2885 2886
f 2886 2885 2869
f 2869 2886 2870
f 2870 2886 2869
f 2870 2886 2887
f 2887 2886 2870
f 2870 2887 2871
f 2871 2887 2870
f 2871 2887 2888
f 2888 2887 2871
f 2871 2888 2872
f 2872 2888 2871
f 2872 2888 2889
f 2889 2888 2872
f 2872 2889 2873
f 2873 2889 2872
f 2873 2889 2890
f 2890 2889 2873
f 2873 2890 2874
f 2874 2890 2873
f 2874 2890 2891
f 2891 2890 2874
f 2874 2891 2875
f 2875 2891 2874
f 2875 2891 2892
f 2892 2891 2875
f 2875 2892 2876
f 2876 2892 2875
f 2876 2892 2893
f 2893 2892 2876
f 2876 2893 2877
f 2877 2893 2876
f 2877 2893 2894
f 2894 2893 2877
f 2877 2894 2878
f 2878 2894 2877
f 2878 2894 2895
f 2895 2894 2878
f 2878 2895 2879
f 2879 2895 2878
f 2879 2895 2896
f 2896 2895 2879
f 2879 2896 2880
f 2880 2896 2879
f 2880 2896 2897
f 2897 2896 2880
f 2880 2897 2881
f 2881 2897 2880
f 2881 2897 2898
f 2898 2897 2881
f 2881 2898 2882
f 2882 2898 2881
f 2882 2898 2899
f 2899 2898 2882
f 2882 2899 2883
f 2883 2899 2882
f 2883 2899 2900
f 2900 2899 2883
f 2883 2900 2884
f 2884 2900 2883
f 2884 2900 2885
f 2885 2900 2884
f 2884 2885 2869
f 2869 2885 2884
f 2885 2901 2902
f 2902 2901 2885
f 2885 2902 2886
f 2886 2902 2885
f 2886 2902 2903
f 2903 2902 2886
f 2886 2903 2887
f 2887 2903 2886
f 2887 2903 2904
f 2904 2903 2887
f 2887 2904 2888
f 2888 2904 2887
f 2888 2904 2905
f 2905 2904 2888
f 2888 2905 2889
f 2889 2905 2888
f 2889 2905 2906
f 2906 2905 2889
f 2889 2906 2890
f 2890 2906 2889
f 2890 2906 2907
f 2907 2906 2890
f 2890 2907 2891
f 2891 2907 2890
f 2891 2907 2908
f 2908 2907 2891
f 2891 2908 2892
f 2892 2908 2891
f 2892 2908 2909
f 2909 2908 2892
f 2892 2909 2893
f 2893 2909 2892
f 2893 2909 2910
f 2910 2909 2893
f 2893 2910 2894
f 2894 2910 2893
f 2894 2910 2911
f 2911 2910 2894
f 2894 2911 2895
f 2895 2911 2894
f 2895 2911 2912
f 2912 2911 2895
f 2895 2912 2896
f 2896 2912 2895
f 2896 2912 2913
f 2913 2912 2896
f 2896 2913 2897
f 2897 2913 2896
f 2897 2913 2914
f 2914 2913 2897
f 2897 2914 2898
f 2898 2914 2897
f 2898 2914 2915
f 2915 2914 2898
f 2898 2915 2899
f 2899 2915 2898
f 2899 2915 2916
f 2916 2915 2899
f 2899 2916 2900
f 2900 2916 2899
f 2900 2916 2901
f 2901 2916 2900
f 2900 2901 2885
f 2885 2901 2900
f 2901 2917 2918
f 2918 2917 2901
f 2901 2918 2902
f 2902 2918 2901
f 2902 2918 2919
f 2919 2918 2902
f 2902 2919 2903
f 2903 2919 2902
f 2903 2919 2920
f 2920 2919 2903
f 2903 2920 2904
f 2904 2920 2903
f 2904 2920 2921
f 2921 2920 2904
f 2904 2921 2905
f 2905 2921 2904
f 2905 2921 2922
f 2922 2921 2905
f 2905 2922 2906
f 2906 2922 2905
f 2906 2922 2923
f 2923 2922 2906
f 2906 2923 2907
f 2907 2923 2906
f 2907 2923 2924
f 2924 2923 2907
f 2907 2924 2908
f 2908 2924 2907
f 2908 2924 2925
f 2925 2924 2908
f 2908 2925 2909
f 2909 2925 2908
f 2909 2925 2926
f 2926 2925 2909
f 2909 2926 2910
f 2910 2926 2909
f 2910 2926 2927
f 2927 2926 2910
f 2910 2927 2911
f 2911 2927 2910
f 2911 2927 2928
f 2928 2927 2911
f 2911 2928 2912
f 2912 2928 2911
f 2912 2928 2929
f 2929 2928 2912
f 2912 2929 2913
f 2913 2929 2912
f 2913 2929 2930
f 2930 2929 2913
f 2913 2930 2914
f 2914 2930 2913
f 2914 2930 2931
f 2931 2930 2914
f 2914 2931 2915
f 2915 2931 2914
f 2915 2931 2932
f 2932 2931 2915
f 2915 2932 2916
f 2916 2932 2915
f 2916 2932 2917
f 2917 2932 2916
f 2916 2917 2901
f 2901 2917 2916
f 2917 2933 2934
f 2934 2933 2917
f 2917 2934 2918
f 2918 2934 2917
f 2918 2934 2935
f 2935 2934 2918
f 2918 2935 2919
f 2919 2935 2918
f 2919 2935 2936
f 2936 2935 2919
f 2919 2936 2920
f 2920 2936 2919
f 2920 2936 2937
f 2937 2936 2920
f 2920 2937 2921
f 2921 2937 2920
f 2921 2937 2938
f 2938 2937 2921
f 2921 2938 2922
f 2922 2938 2921
f 2922 2938 2939
f 2939 2938 2922
f 2922 2939 2923
f 2923 2939 2922
f 2923 2939 2940
f 2940 2939 2923
f 2923 2940 2924
f 2924 2940 2923
f 2924 2940 2941
f 2941 2940 2924
f 2924 2941 2925
f 2925 2941 2924
f 2925 2941 2942
f 2942 2941 2925
f 2925 2942 2926
f 2926 2942 2925
f 2926 2942 2943
f 2943 2942 2926
f 2926 2943 2927
f 2927 2943 2926
f 2927 2943 2944
f 2944 2943 2927
f 2927 2944 2928
f 2928 2944 2927
f 2928 2944 2945
f 2945 2944 2928
f 2928 2945 2929
f 2929 2945 2928
f 2929 2945 2946
f 2946 2945 2929
f 2929 2946 2930
f 2930 2946 2929
f 2930 2946 2947
f 2947 2946 2930
f 2930 2947 2931
f 2931 2947 2930
f 2931 2947 2948
f 2948 2947 2931
f 2931 2948 2932
f 2932 2948 2931
f 2932 2948 2933
f 2933 2948 2932
f 2932 2933 2917
f 2917 2933 2932
f 2933 2949 2950
f 2950 2949 2933
f 2933 2950 2934
f 2934 2950 2933
f 2934 2950 2951
f 2951 2950 2934
f 2934 2951 2935
f 2935 2951 2934
f 2935 2951 2952
f 2952 2951 2935
f 2935 2952 2936
f 2936 2952 2935
f 2936 2952 2953
f 2953 2952 2936
f 2936 2953 2937
f 2937 2953 2936
f 2937 2953 2954
f 2954 2953 2937
f 2937 2954 2938
f 2938 2954 2937
f 2938 2954 2955
f 2955 2954 2938
f 2938 2955 2939
f 2939 2955 2938
f 2939 2955 2956
f 2956 2955 2939
f 2939 2956 2940
f 2940 2956 2939
f 2940 2956 2957
f 2957 2956 2940
f 2940 2957 2941
f 2941 2957 2940
f 2941 2957 2958
f 2958 2957 2941
f 2941 2958 2942
f 2942 2958 2941
f 2942 2958 2959
f 2959 2958 2942
f 2942 2959 2943
f 2943 2959 2942
f 2943 2959 2960
f 2960 2959 2943
f 2943 2960 2944
f 2944 2960 2943
f 2944 2960 2961
f 2961 2960 2944
f 2944 2961 2945
f 2945 2961 2944
f 2945 2961 2962
f 2962 2961 2945
f 2945 2962 2946
f 2946 2962 2945
f 2946 2962 2963
f 2963 2962 2946
f 2946 2963 2947
f 2947 2963 2946
f 2947 2963 2964
f 2964 2963 2947
f 2947 2964 2948
f 2948 2964 2947
f 2948 2964 2949
f 2949 2964 2948
f 2948 2949 2933
f 2933 2949 2948
f 2949 2965 2966
f 2966 2965 2949
f 2949 2966 2950
f 2950 2966 2949
f 2950 2966 2967
f 2967 2966 2950
f 2950 2967 2951
f 2951 2967 2950
f 2951 2967 2968
f 2968 2967 2951
f 2951 2968 2952
f 2952 2968 2951
f 2952 2968 2969
f 2969 2968 2952
f 2952 2969 2953
f 2953 2969 2952
f 2953 2969 2970
f 2970 2969 2953
f 2953 2970 2954
f 2954 2970 2953
f 2954 2970 2971
f 2971 2970 2954
f 2954 2971 2955
f 2955 2971 2954
f 2955 2971 2972
f 2972 2971 2955
f 2955 2972 2956
f 2956 2972 2955
f 2956 2972 2973
f 2973 2972 2956
f 2956 2973 2957
f 2957 2973 2956
f 2957 2973 2974
f 2974 2973 2957
f 2957 2974 2958
f 2958 2974 2957
f 2958 2974 2975
f 2975 2974 2958
f 2958 2975 2959
f 2959 2975 2958
f 2959 2975 2976
f 2976 2975 2959
f 2959 2976 2960
f 2960 2976 2959
f 2960 2976 2977
f 2977 2976 2960
f 2960 2977 2961
f 2961 2977 2960
f 2961 2977 2978
f 2978 2977 2961
f 2961 2978 2962
f 2962 2978 2961
f 2962 2978 2979
f 2979 2978 2962
f 2962 2979 2963
f 2963 2979 2962
f 2963 2979 2980
f 2980 2979 2963
f 2963 2980 2964
f 2964 2980 2963
f 2964 2980 2965
f 2965 2980 2964
f 2964 2965 2949
f 2949 2965 2964
f 2965 2981 2982
f 2982 2981 2965
f 2965 2982 2966
f 2966 2982 2965
f 2966 2982 2983
f 2983 2982 2966
f 2966 2983 2967
f 2967 2983 2966
f 2967 2983 2984
f 2984 2983 2967
f 2967 2984 2968
f 2968 2984 2967
f 2968 2984 2985
f 2985 2984 2968
f 2968 2985 2969
f 2969 2985 2968
f 2969 2985 2986
f 2986 2985 2969
f 2969 2986 2970
f 2970 2986 2969
f 2970 2986 2987
f 2987 2986 2970
f 2970 2987 2971
f 2971 2987 2970
f 2971 2987 2988
f 2988 2987 2971
f 2971 2988 2972
f 2972 2988 2971
f 2972 2988 2989
f 2989 2988 2972
f 2972 2989 2973
f 2973 2989 2972
f 2973 2989 2990
f 2990 2989 2973
f 2973 2990 2974
f 2974 2990 2973
f 2974 2990 2991
f 2991 2990 2974
f 2974 2991 2975
f 2975 2991 2974
f 2975 2991 2992
f 2992 2991 2975
f 2975 2992 2976
f 2976 2992 2975
f 2976 2992 2993
f 2993 2992 2976
f 2976 2993 2977
f 2977 2993 2976
f 2977 2993 2994
f 2994 2993 2977
f 2977 2994 2978
f 2978 2994 2977
f 2978 2994 2995
f 2995 2994 2978
f 2978 2995 2979
f 2979 2995 2978
f 2979 2995 2996
f 2996 2995 2979
f 2979 2996 2980
f 2980 2996 2979
f 2980 2996 2981
f 2981 2996 2980
f 2980 2981 2965
f 2965 2981 2980
f 2981 2997 2998
f 2998 2997 2981
f 2981 2998 2982
f 2982 2998 2981
f 2982 2998 2999
f 2999 2998 2982
f 2982 2999 2983
f 2983 2999 2982
f 2983 2999 3000
f 3000 2999 2983
f 2983 3000 2984
f 2984 3000 2983
f 2984 3000 3001
f 3001 3000 2984
f 2984 3001 2985
f 2985 3001 2984
f 2985 3001 3002
f 3002 3001 2985
f 2985 3002 2986
f 2986 3002 2985
f 2986 3002 3003
f 3003 3002 2986
f 2986 3003 2987
f 2987 3003 2986
f 2987 3003 3004
f 3004 3003 2987
f 2987 3004 2988
f 2988 3004 2987
f 2988 3004 3005
f 3005 3004 2988
f 2988 3005 2989
f 2989 3005 2988
f 2989 3005 3006
f 3006 3005 2989
f 2989 3006 2990
f 2990 3006 2989
f 2990 3006 3007
f 3007 3006 2990
f 2990 3007 2991
f 2991 3007 2990
f 2991 3007 3008
f 3008 3007 2991
f 2991 3008 2992
f 2992 3008 2991
f 2992 3008 3009
f 3009 3008 2992
f 2992 3009 2993
f 2993 3009 2992
f 2993 3009 3010
f 3010 3009 2993
f 2993 3010 2994
f 2994 3010 2993
f 2994 3010 3011
f 3011 3010 2994
f 2994 3011 2995
f 2995 3011 2994
f 2995 3011 3012
f 3012 3011 2995
f 2995 3012 2996
f 2996 3012 2995
f 2996 3012 2997
f 2997 3012 2996
f 2996 2997 2981
f 2981 2997 2996
f 2997 3013 3014
f 3014 3013 2997
f 2997 3014 2998
f 2998 3014 2997
f 2998 3014 3015
f 3015 3014 2998
f 2998 3015 2999
f 2999 3015 2998
f 2999 3015 3016
f 3016 3015 2999
f 2999 3016 3000
f 3000 3016 2999
f 3000 3016 3017
f 3017 3016 3000
f 3000 3017 3001
f 3001 3017 3000
f 3001 3017 3018
f 3018 3017 3001
f 3001 3018 3002
f 3002 3018 3001
f 3002 3018 3019
f 3019 3018 3002
f 3002 3019 3003
f 3003 3019 3002
f 3003 3019 3020
f 3020 3019 3003
f 3003 3020 3004
f 3004 3020 3003
f 3004 3020 3021
f 3021 3020 3004
f 3004 3021 3005
f 3005 3021 3004
f 3005 3021 3022
f 3022 3021 3005
f 3005 3022 3006
f 3006 3022 3005
f 3006 3022 3023
f 3023 3022 3006
f 3006 3023 3007
f 3007 3023 3006
f 3007 3023 3024
f 3024 3023 3007
f 3007 3024 3008
f 3008 3024 3007
f 3008 3024 3025
f 3025 3024 3008
f 3008 3025 3009
f 3009 3025 3008
f 3009 3025 3026
f 3026 3025 3009
f 3009 3026 3010
f 3010 3026 3009
f 3010 3026 3027
f 3027 3026 3010
f 3010 3027 3011
f 3011 3027 3010
f 3011 3027 3028
f 3028 3027 3011
f 3011 3028 3012
f 3012 3028 3011
f 3012 3028 3013
f 3013 3028 3012
f 3012 3013 2997
f 2997 3013 3012
f 3029 3045 3046
f 3046 3045 3029
f 3029 3046 3030
f 3030 3046 3029
f 3030 3046 3047
f 3047 3046 3030
f 3030 3047 3031
f 3031 3047 3030
f 3031 3047 3048
f 3048 3047 3031
f 3031 3048 3032
f 3032 3048 3031
f 3032 3048 3049
f 3049 3048 3032
f 3032 3049 3033
f 3033 3049 3032
f 3033 3049 3050
f 3050 3049 3033
f 3033 3050 3034
f 3034 3050 3033
f 3034 3050 3051
f 3051 3050 3034
f 3034 3051 3035
f 3035 3051 3034
f 3035 3051 3052
f 3052 3051 3035
f 3035 3052 3036
f 3036 3052 3035
f 3036 3052 3053
f 3053 3052 3036
f 3036 3053 3037
f 3037 3053 3036
f 3037 3053 3054
f 3054 3053 3037
f 3037 3054 3038
f 3038 3054 3037
f 3038 3054 3055
f 3055 3054 3038
f 3038 3055 3039
f 3039 3055 3038
f 3039 3055 3056
f 3056 3055 3039
f 3039 3056 3040
f 3040 3056 3039
f 3040 3056 3057
f 3057 3056 3040
f 3040 3057 3041
f 3041 3057 3040
f 3041 3057 3058
f 3058 3057 3041
f 3041 3058 3042
f 3042 3058 3041
f 3042 3058 3059
f 3059 3058 3042
f 3042 3059 3043
f 3043 3059 3042
f 3043 3059 3060
f 3060 3059 3043
f 3043 3060 3044
f 3044 3060 3043
f 3044 3060 3045
f 3045 3060 3044
f 3044 3045 3029
f 3029 3045 3044
f 3045 3061 3062
f 3062 3061 3045
f 3045 3062 3046
f 3046 3062 3045
f 3046 3062 3063
f 3063 3062 3046
f 3046 3063 3047
f 3047 3063 3046
f 3047 3063 3064
f 3064 3063 3047
f 3047 3064 3048
f 3048 3064 3047
f 3048 3064 3065
f 3065 3064 3048
f 3048 3065 3049
f 3049 3065 3048
f 3049 3065 3066
f 3066 3065 3049
f 3049 3066 3050
f 3050 3066 3049
f 3050 3066 3067
f 3067 3066 3050
f 3050 3067 3051
f 3051 3067 3050
f 3051 3067 3068
f 3068 3067 3051
f 3051 3068 3052
f 3052 3068 3051
f 3052 3068 3069
f 3069 3068 3052
f 3052 3069 3053
f 3053 3069 3052
f 3053 3069 3070
f 3070 3069 3053
f 3053 3070 3054
f 3054 3070 3053
f 3054 3070 3071
f 3071 3070 3054
f 3054 3071 3055
f 3055 3071 3054
f 3055 3071 3072
f 3072 3071 3055
f 3055 3072 3056
f 3056 3072 3055
f 3056 3072 3073
f 3073 3072 3056
f 3056 3073 3057
f 3057 3073 3056
f 3057 3073 3074
f 3074 3073 3057
f 3057 3074 3058
f 3058 3074 3057
f 3058 3074 3075
f 3075 3074 3058
f 3058 3075 3059
f 3059 3075 3058
f 3059 3075 3076
f 3076 3075 3059
f 3059 3076 3060
f 3060 3076 3059
f 3060 3076 3061
f 3061 3076 3060
f 3060 3061 3045
f 3045 3061 3060
f 3061 3077 3078
f 3078 3077 3061
f 3061 3078 3062
f 3062 3078 3061
f 3062 3078 3079
f 3079 3078 3062
f 3062 3079 3063
f 3063 3079 3062
f 3063 3079 3080
f 3080 3079 3063
f 3063 3080 3064
f 3064 3080 3063
f 3064 3080 3081
f 3081 3080 3064
f 3064 3081 3065
f 3065 3081 3064
f 3065 3081 3082
f 3082 3081 3065
f 3065 3082 3066
f 3066 3082 3065
f 3066 3082 3083
f 3083 3082 3066
f 3066 3083 3067
f 3067 3083 3066
f 3067 3083 3084
f 3084 3083 3067
f 3067 3084 3068
f 3068 3084 3067
f 3068 3084 3085
f 3085 3084 3068
f 3068 3085 3069
f 3069 3085 3068
f 3069 3085 3086
f 3086 3085 3069
f 3069 3086 3070
f 3070 3086 3069
f 3070 3086 3087
f 3087 3086 3070
f 3070 3087 3071
f 3071 3087 3070
f 3071 3087 3088
f 3088 3087 3071
f 3071 3088 3072
f 3072 3088 3071
f 3072 3088 3089
f 3089 3088 3072
f 3072 3089 3073
f 3073 3089 3072
f 3073 3089 3090
f 3090 3089 3073
f 3073 3090 3074
f 3074 3090 3073
f 3074 3090 3091
f 3091 3090 3074
f 3074 3091 3075
f 3075 3091 3074
f 3075 3091 3092
f 3092 3091 3075
f 3075 3092 3076
f 3076 3092 3075
f 3076 3092 3077
f 3077 3092 3076
f 3076 3077 3061
f 3061 3077 3076
f 3077 3093 3094
f 3094 3093 3077
f 3077 3094 3078
f 3078 3094 3077
f 3078 3094 3095
f 3095 3094 3078
f 3078 3095 3079
f 3079 3095 3078
f 3079 3095 3096
f 3096 3095 3079
f 3079 3096 3080
f 3080 3096 3079
f 3080 3096 3097
f 3097 3096 3080
f 3080 3097 3081
f 3081 3097 3080
f 3081 3097 3098
f 3098 3097 3081
f 3081 3098 3082
f 3082 3098 3081
f 3082 3098 3099
f 3099 3098 3082
f 3082 3099 3083
f 3083 3099 3082
f 3083 3099 3100
f 3100 3099 3083
f 3083 3100 3084
f 3084 3100 3083
f 3084 3100 3101
f 3101 3100 3084
f 3084 3101 3085
f 3085 3101 3084
f 3085 3101 3102
f 3102 3101 3085
f 3085 3102 3086
f 3086 3102 3085
f 3086 3102 3103
f 3103 3102 3086
f 3086 3103 3087
f 3087 3103 3086
f 3087 3103 3104
f 3104 3103 3087
f 3087 3104 3088
f 3088 3104 3087
f 3088 3104 3105
f 3105 3104 3088
f 3088 3105 3089
f 3089 3105 3088
f 3089 3105 3106
f 3106 3105 3089
f 3089 3106 3090
f 3090 3106 3089
f 3090 3106 3107
f 3107 3106 3090
f 3090 3107 3091
f 3091 3107 3090
f 3091 3107 3108
f 3108 3107 3091
f 3091 3108 3092
f 3092 3108 3091
f 3092 3108 3093
f 3093 3108 3092
f 3092 3093 3077
f 3077 3093 3092
f 3093 3109 3110
f 3110 3109 3093
f 3093 3110 3094
f 3094 3110 3093
f 3094 3110 3111
f 3111 3110 3094
f 3094 3111 3095
f 3095 3111 3094
f 3095 3111 3112
f 3112 3111 3095
f 3095 3112 3096
f 3096 3112 3095
f 3096 3112 3113
f 3113 3112 3096
f 3096 3113 3097
f 3097 3113 3096
f 3097 3113 3114
f 3114 3113 3097
f 3097 3114 3098
f 3098 3114 3097
f 3098 3114 3115
f 3115 3114 3098
f 3098 3115 3099
f 3099 3115 3098
f 3099 3115 3116
f 3116 3115 3099
f 3099 3116 3100
f 3100 3116 3099
f 3100 3116 3117
f 3117 3116 3100
f 3100 3117 3101
f 3101 3117 3100
f 3101 3117 3118
f 3118 3117 3101
f 3101 3118 3102
f 3102 3118 3101
f 3102 3118 3119
f 3119 3118 3102
f 3102 3119 3103
f 3103 3119 3102
f 3103 3119 3120
f 3120 3119 3103
f 3103 3120 3104
f 3104 3120 3103
f 3104 3120 3121
f 3121 3120 3104
f 3104 3121 3105
f 3105 3121 3104
f 3105 3121 3122
f 3122 3121 3105
f 3105 3122 3106
f 3106 3122 3105
f 3106 3122 3123
f 3123 3122 3106
f 3106 3123 3107
f 3107 3123 3106
f 3107 3123 3124
f 3124 3123 3107
f 3107 3124 3108
f 3108 3124 3107
f 3108 3124 3109
f 3109 3124 3108
f 3108 3109 3093
f 3093 3109 3108
f 3109 3125 3126
f 3126 3125 3109
f 3109 3126 3110
f 3110 3126 3109
f 3110 3126 3127
f 3127 3126 3110
f 3110 3127 3111
f 3111 3127 3110
f 3111 3127 3128
f 3128 3127 3111
f 3111 3128 3112
f 3112 3128 3111
f 3112 3128 3129
f 3129 3128 3112
f 3112 3129 3113
f 3113 3129 3112
f 3113 3129 3130
f 3130 3129 3113
f 3113 3130 3114
f 3114 3130 3113
f 3114 3130 3131
f 3131 3130 3114
f 3114 3131 3115
f 3115 3131 3114
f 3115 3131 3132
f 3132 3131 3115
f 3115 3132 3116
f 3116 3132 3115
f 3116 3132 3133
f 3133 3132 3116
f 3116 3133 3117
f 3117 3133 3116
f 3117 3133 3134
f 3134 3133 3117
f 3117 3134 3118
f 3118 3134 3117
f 3118 3134 3135
f 3135 3134 3118
f 3118 3135 3119
f 3119 3135 3118
f 3119 3135 3136
f 3136 3135 3119
f 3119 3136 3120
f 3120 3136 3119
f 3120 3136 3137
f 3137 3136 3120
f 3120 3137 3121
f 3121 3137 3120
f 3121 3137 3138
f 3138 3137 3121
f 3121 3138 3122
f 3122 3138 3121
f 3122 3138 3139
f 3139 3138 3122
f 3122 3139 3123
f 3123 3139 3122
f 3123 3139 3140
f 3140 3139 3123
f 3123 3140 3124
f 3124 3140 3123
f 3124 3140 3125
f 3125 3140 3124
f 3124 3125 3109
f 3109 3125 3124
f 3125 3141 3142
f 3142 3141 3125
f 3125 3142 3126
f 3126 3142 3125
f 3126 3142 3143
f 3143 3142 3126
f 3126 3143 3127
f 3127 3143 3126
f 3127 3143 3144
f 3144 3143 3127
f 3127 3144 3128
f 3128 3144 3127
f 3128 3144 3145
f 3145 3144 3128
f 3128 3145 3129
f 3129 3145 3128
f 3129 3145 3146
f 3146 3145 3129
f 3129 3146 3130
f 3130 3146 3129
f 3130 3146 3147
f 3147 3146 3130
f 3130 3147 3131
f 3131 3147 3130
f 3131 3147 3148
f 3148 3147 3131
f 3131 3148 3132
f 3132 3148 3131
f 3132 3148 3149
f 3149 3148 3132
f 3132 3149 3133
f 3133 3149 3132
f 3133 3149 3150
f 3150 3149 3133
f 3133 3150 3134
f 3134 3150 3133
f 3134 3150 3151
f 3151 3150 3134
f 3134 3151 3135
f 3135 3151 3134
f 3135 3151 3152
f 3152 3151 3135
f 3135 3152 3136
f 3136 3152 3135
f 3136 3152 3153
f 3153 3152 3136
f 3136 3153 3137
f 3137 3153 3136
f 3137 3153 3154
f 3154 3153 3137
f 3137 3154 3138
f 3138 3154 3137
f 3138 3154 3155
f 3155 3154 3138
f 3138 3155 3139
f 3139 3155 3138
f 3139 3155 3156
f 3156 3155 3139
f 3139 3156 3140
f 3140 3156 3139
f 3140 3156 3141
f 3141 3156 3140
f 3140 3141 3125
f 3125 3141 3140
f 3141 3157 3158
f 3158 3157 3141
f 3141 3158 3142
f 3142 3158 3141
f 3142 3158 3159
f 3159 3158 3142
f 3142 3159 3143
f 3143 3159 3142
f 3143 3159 3160
f 3160 3159 3143
f 3143 3160 3144
f 3144 3160 3143
f 3144 3160 3161
f 3161 3160 3144
f 3144 3161 3145
f 3145 3161 3144
f 3145 3161 3162
f 3162 3161 3145
f 3145 3162 3146
f 3146 3162 3145
f 3146 3162 3163
f 3163 3162 3146
f 3146 3163 3147
f 3147 3163 3146
f 3147 3163 3164
f 3164 3163 3147
f 3147 3164 3148
f 3148 3164 3147
f 3148 3164 3165
f 3165 3164 3148
f 3148 3165 3149
f 3149 3165 3148
f 3149 3165 3166
f 3166 3165 3149
f 3149 3166 3150
f 3150 3166 3149
f 3150 3166 3167
f 3167 3166 3150
f 3150 3167 3151
f 3151 3167 3150
f 3151 3167 3168
f 3168 3167 3151
f 3151 3168 3152
f 3152 3168 3151
f 3152 3168 3169
f 3169 3168 3152
f 3152 3169 3153
f 3153 3169 3152
f 3153 3169 3170
f 3170 3169 3153
f 3153 3170 3154
f 3154 3170 3153
f 3154 3170 3171
f 3171 3170 3154
f 3154 3171 3155
f 3155 3171 3154
f 3155 3171 3172
f 3172 3171 3155
f 3155 3172 3156
f 3156 3172 3155
f 3156 3172 3157
f 3157 3172 3156
f 3156 3157 3141
f 3141 3157 3156
f 3157 3173 3174
f 3174 3173 3157
f 3157 3174 3158
f 3158 3174 3157
f 3158 3174 3175
f 3175 3174 3158
f 3158 3175 3159
f 3159 3175 3158
f 3159 3175 3176
f 3176 3175 3159
f 3159 3176 3160
f 3160 3176 3159
f 3160 3176 3177
f 3177 3176 3160
f 3160 3177 3161
f 3161 3177 3160
f 3161 3177 3178
f 3178 3177 3161
f 3161 3178 3162
f 3162 3178 3161
f 3162 3178 3179
f 3179 3178 3162
f 3162 3179 3163
f 3163 3179 3162
f 3163 3179 3180
f 3180 3179 3163
f 3163 3180 3164
f 3164 3180 3163
f 3164 3180 3181
f 3181 3180 3164
f 3164 3181 3165
f 3165 3181 3164
f 3165 3181 3182
f 3182 3181 3165
f 3165 3182 3166
f 3166 3182 3165
f 3166 3182 3183
f 3183 3182 3166
f 3166 3183 3167
f 3167 3183 3166
f 3167 3183 3184
f 3184 3183 3167
f 3167 3184 3168
f 3168 3184 3167
f 3168 3184 3185
f 3185 3184 3168
f 3168 3185 3169
f 3169 3185 3168
f 3169 3185 3186
f 3186 3185 3169
f 3169 3186 3170
f 3170 3186 3169
f 3170 3186 3187
f 3187 3186 3170
f 3170 3187 3171
f 3171 3187 3170
f 3171 3187 3188
f 3188 3187 3171
f 3171 3188 3172
f 3172 3188 3171
f 3172 3188 3173
f 3173 3188 3172
f 3172 3173 3157
f 3157 3173 3172
f 3173 3189 3190
f 3190 3189 3173
f 3173 3190 3174
f 3174 3190 3173
f 3174 3190 3191
f 3191 3190 3174
f 3174 3191 3175
f 3175 3191 3174
f 3175 3191 3192
f 3192 3191 3175
f 3175 3192 3176
f 3176 3192 3175
f 3176 3192 3193
f 3193 3192 3176
f 3176 3193 3177
f 3177 3193 3176
f 3177 3193 3194
f 3194 3193 3177
f 3177 3194 3178
f 3178 3194 3177
f 3178 3194 3195
f 3195 3194 3178
f 3178 3195 3179
f 3179 3195 3178
f 3179 3195 3196
f 3196 3195 3179
f 3179 3196 3180
f 3180 3196 3179
f 3180 3196 3197
f 3197 3196 3180
f 3180 3197 3181
f 3181 3197 3180
f 3181 3197 3198
f 3198 3197 3181
f 3181 3198 3182
f 3182 3198 3181
f 3182 3198 3199
f 3199 3198 3182
f 3182 3199 3183
f 3183 3199 3182
f 3183 3199 3200
f 3200 3199 3183
f 3183 3200 3184
f 3184 3200 3183
f 3184 3200 3201
f 3201 3200 3184
f 3184 3201 3185
f 3185 3201 3184
f 3185 3201 3202
f 3202 3201 3185
f 3185 3202 3186
f 3186 3202 3185
f 3186 3202 3203
f 3203 3202 3186
f 3186 3203 3187
f 3187 3203 3186
f 3187 3203 3204
f 3204 3203 3187
f 3187 3204 3188
f 3188 3204 3187
f 3188 3204 3189
f 3189 3204 3188
f 3188 3189 3173
f 3173 3189 3188
f 3205 3215 3216
f 3216 3215 3205
f 3205 3216 3206
f 3206 3216 3205
f 3206 3216 3217
f 3217 3216 3206
f 3206 3217 3207
f 3207 3217 3206
f 3207 3217 3218
f 3218 3217 3207
f 3207 3218 3208
f 3208 3218 3207
f 3208 3218 3219
f 3219 3218 3208
f 3208 3219 3209
f 3209 3219 3208
f 3209 3219 3220
f 3220 3219 3209
f 3209 3220 3210
f 3210 3220 3209
f 3210 3220 3221
f 3221 3220 3210
f 3210 3221 3211
f 3211 3221 3210
f 3211 3221 3222
f 3222 3221 3211
f 3211 3222 3212
f 3212 3222 3211
f 3212 3222 3223
f 3223 3222 3212
f 3212 3223 3213
f 3213 3223 3212
f 3213 3223 3224
f 3224 3223 3213
f 3213 3224 3214
f 3214 3224 3213
f 3214 3224 3215
f 3215 3224 3214
f 3214 3215 3205
f 3205 3215 3214
f 3215 3225 3226
f 3226 3225 3215
f 3215 3226 3216
f 3216 3226 3215
f 3216 3226 3227
f 3227 3226 3216
f 3216 3227 3217
f 3217 3227 3216
f 3217 3227 3228
f 3228 3227 3217
f 3217 3228 3218
f 3218 3228 3217
f 3218 3228 3229
f 3229 3228 3218
f 3218 3229 3219
f 3219 3229 3218
f 3219 3229 3230
f 3230 3229 3219
f 3219 3230 3220
f 3220 3230 3219
f 3220 3230 3231
f 3231 3230 3220
f 3220 3231 3221
f 3221 3231 3220
f 3221 3231 3232
f 3232 3231 3221
f 3221 3232 3222
f 3222 3232 3221
f 3222 3232 3233
f 3233 3232 3222
f 3222 3233 3223
f 3223 3233 3222
f 3223 3233 3234
f 3234 3233 3223
f 3223 3234 3224
f 3224 3234 3223
f 3224 3234 3225
f 3225 3234 3224
f 3224 3225 3215
f 3215 3225 3224
f 3225 3235 3236
f 3236 3235 3225
f 3225 3236 3226
f 3226 3236 3225
f 3226 3236 3237
f 3237 3236 3226
f 3226 3237 3227
f 3227 3237 3226
f 3227 3237 3238
f 3238 3237 3227
f 3227 3238 3228
f 3228 3238 3227
f 3228 3238 3239
f 3239 3238 3228
f 3228 3239 3229
f 3229 3239 3228
f 3229 3239 3240
f 3240 3239 3229
f 3229 3240 3230
f 3230 3240 3229
f 3230 3240 3241
f 3241 3240 3230
f 3230 3241 3231
f 3231 3241 3230
f 3231 3241 3242
f 3242 3241 3231
f 3231 3242 3232
f 3232 3242 3231
f 3232 3242 3243
f 3243 3242 3232
f 3232 3243 3233
f 3233 3243 3232
f 3233 3243 3244
f 3244 3243 3233
f 3233 3244 3234
f 3234 3244 3233
f 3234 3244 3235
f 3235 3244 3234
f 3234 3235 3225
f 3225 3235 3234
f 3235 3245 3246
f 3246 3245 3235
f 3235 3246 3236
f 3236 3246 3235
f 3236 3246 3247
f 3247 3246 3236
f 3236 3247 3237
f 3237 3247 3236
f 3237 3247 3248
f 3248 3247 3237
f 3237 3248 3238
f 3238 3248 3237
f 3238 3248 3249
f 3249 3248 3238
f 3238 3249 3239
f 3239 3249 3238
f 3239 3249 3250
f 3250 3249 3239
f 3239 3250 3240
f 3240 3250 3239
f 3240 3250 3251
f 3251 3250 3240
f 3240 3251 3241
f 3241 3251 3240
f 3241 3251 3252
f 3252 3251 3241
f 3241 3252 3242
f 3242 3252 3241
f 3242 3252 3253
f 3253 3252 3242
f 3242 3253 3243
f 3243 3253 3242
f 3243 3253 3254
f 3254 3253 3243
f 3243 3254 3244
f 3244 3254 3243
f 3244 3254 3245
f 3245 3254 3244
f 3244 3245 3235
f 3235 3245 3244
f 3245 3255 3256
f 3256 3255 3245
f 3245 3256 3246
f 3246 3256 3245
f 3246 3256 3257
f 3257 3256 3246
f 3246 3257 3247
f 3247 3257 3246
f 3247 3257 3258
f 3258 3257 3247
f 3247 3258 3248
f 3248 3258 3247
f 3248 3258 3259
f 3259 3258 3248
f 3248 3259 3249
f 3249 3259 3248
f 3249 3259 3260
f 3260 3259 3249
f 3249 3260 3250
f 3250 3260 3249
f 3250 3260 3261
f 3261 3260 3250
f 3250 3261 3251
f 3251 3261 3250
f 3251 3261 3262
f 3262 3261 3251
f 3251 3262 3252
f 3252 3262 3251
f 3252 3262 3263
f 3263 3262 3252
f 3252 3263 3253
f 3253 3263 3252
f 3253 3263 3264
f 3264 3263 3253
f 3253 3264 3254
f 3254 3264 3253
f 3254 3264 3255
f 3255 3264 3254
f 3254 3255 3245
f 3245 3255 3254
f 3255 3265 3266
f 3266 3265 3255
f 3255 3266 3256
f 3256 3266 3255
f 3256 3266 3267
f 3267 3266 3256
f 3256 3267 3257
f 3257 3267 3256
f 3257 3267 3268
f 3268 3267 3257
f 3257 3268 3258
f 3258 3268 3257
f 3258 3268 3269
f 3269 3268 3258
f 3258 3269 3259
f 3259 3269 3258
f 3259 3269 3270
f 3270 3269 3259
f 3259 3270 3260
f 3260 3270 3259
f 3260 3270 3271
f 3271 3270 3260
f 3260 3271 3261
f 3261 3271 3260
f 3261 3271 3272
f 3272 3271 3261
f 3261 3272 3262
f 3262 3272 3261
f 3262 3272 3273
f 3273 3272 3262
f 3262 3273 3263
f 3263 3273 3262
f 3263 3273 3274
f 3274 3273 3263
f 3263 3274 3264
f 3264 3274 3263
f 3264 3274 3265
f 3265 3274 3264
f 3264 3265 3255
f 3255 3265 3264
f 3265 3275 3276
f 3276 3275 3265
f 3265 3276 3266
f 3266 3276 3265
f 3266 3276 3277
f 3277 3276 3266
f 3266 3277 3267
f 3267 3277 3266
f 3267 3277 3278
f 3278 3277 3267
f 3267 3278 3268
f 3268 3278 3267
f 3268 3278 3279
f 3279 3278 3268
f 3268 3279 3269
f 3269 3279 3268
f 3269 3279 3280
f 3280 3279 3269
f 3269 3280 3270
f 3270 3280 3269
f 3270 3280 3281
f 3281 3280 3270
f 3270 3281 3271
f 3271 3281 3270
f 3271 3281 3282
f 3282 3281 3271
f 3271 3282 3272
f 3272 3282 3271
f 3272 3282 3283
f 3283 3282 3272
f 3272 3283 3273
f 3273 3283 3272
f 3273 3283 3284
f 3284 3283 3273
f 3273 3284 3274
f 3274 3284 3273
f 3274 3284 3275
f 3275 3284 3274
f 3274 3275 3265
f 3265 3275 3274
f 3275 3285 3286
f 3286 3285 3275
f 3275 3286 3276
f 3276 3286 3275
f 3276 3286 3287
f 3287 3286 3276
f 3276 3287 3277
f 3277 3287 3276
f 3277 3287 3288
f 3288 3287 3277
f 3277 3288 3278
f 3278 3288 3277
f 3278 3288 3289
f 3289 3288 3278
f 3278 3289 3279
f 3279 3289 3278
f 3279 3289 3290
f 3290 3289 3279
f 3279 3290 3280
f 3280 3290 3279
f 3280 3290 3291
f 3291 3290 3280
f 3280 3291 3281
f 3281 3291 3280
f 3281 3291 3292
f 3292 3291 3281
f 3281 3292 3282
f 3282 3292 3281
f 3282 3292 3293
f 3293 3292 3282
f 3282 3293 3283
f 3283 3293 3282
f 3283 3293 3294
f 3294 3293 3283
f 3283 3294 3284
f 3284 3294 3283
f 3284 3294 3285
f 3285 3294 3284
f 3284 3285 3275
f 3275 3285 3284
f 3295 3305 3306
f 3306 3305 3295
f 3295 3306 3296
f 3296 3306 3295
f 3296 3306 3307
f 3307 3306 3296
f 3296 3307 3297
f 3297 3307 3296
f 3297 3307 3308
f 3308 3307 3297
f 3297 3308 3298
f 3298 3308 3297
f 3298 3308 3309
f 3309 3308 3298
f 3298 3309 3299
f 3299 3309 3298
f 3299 3309 3310
f 3310 3309 3299
f 3299 3310 3300
f 3300 3310 3299
f 3300 3310 3311
f 3311 3310 3300
f 3300 3311 3301
f 3301 3311 3300
f 3301 3311 3312
f 3312 3311 3301
f 3301 3312 3302
f 3302 3312 3301
f 3302 3312 3313
f 3313 3312 3302
f 3302 3313 3303
f 3303 3313 3302
f 3303 3313 3314
f 3314 3313 3303
f 3303 3314 3304
f 3304 3314 3303
f 3304 3314 3305
f 3305 3314 3304
f 3304 3305 3295
f 3295 3305 3304
f 3305 3315 3316
f 3316 3315 3305
f 3305 3316 3306
f 3306 3316 3305
f 3306 3316 3317
f 3317 3316 3306
f 3306 3317 3307
f 3307 3317 3306
f 3307 3317 3318
f 3318 3317 3307
f 3307 3318 3308
f 3308 3318 3307
f 3308 3318 3319
f 3319 3318 3308
f 3308 3319 3309
f 3309 3319 3308
f 3309 3319 3320
f 3320 3319 3309
f 3309 3320 3310
f 3310 3320 3309
f 3310 3320 3321
f 3321 3320 3310
f 3310 3321 3311
f 3311 3321 3310
f 3311 3321 3322
f 3322 3321 3311
f 3311 3322 3312
f 3312 3322 3311
f 3312 3322 3323
f 3323 3322 3312
f 3312 3323 3313
f 3313 3323 3312
f 3313 3323 3324
f 3324 3323 3313
f 3313 3324 3314
f 3314 3324 3313
f 3314 3324 3315
f 3315 3324 3314
f 3314 3315 3305
f 3305 3315 3314
f 3315 3325 3326
f 3326 3325 3315
f 3315 3326 3316
f 3316 3326 3315
f 3316 3326 3327
f 3327 3326 3316
f 3316 3327 3317
f 3317 3327 3316
f 3317 3327 3328
f 3328 3327 3317
f 3317 3328 3318
f 3318 3328 3317
f 3318 3328 3329
f 3329 3328 3318
f 3318 3329 3319
f 3319 3329 3318
f 3319 3329 3330
f 3330 3329 3319
f 3319 3330 3320
f 3320 3330 3319
f 3320 3330 3331
f 3331 3330 3320
f 3320 3331 3321
f 3321 3331 3320
f 3321 3331 3332
f 3332 3331 3321
f 3321 3332 3322
f 3322 3332 3321
f 3322 3332 3333
f 3333 3332 3322
f 3322 3333 3323
f 3323 3333 3322
f 3323 3333 3334
f 3334 3333 3323
f 3323 3334 3324
f 3324 3334 3323
f 3324 3334 3325
f 3325 3334 3324
f 3324 3325 3315
f 3315 3325 3324
f 3325 3335 3336
f 3336 3335 3325
f 3325 3336 3326
f 3326 3336 3325
f 3326 3336 3337
f 3337 3336 3326
f 3326 3337 3327
f 3327 3337 3326
f 3327 3337 3338
f 3338 3337 3327
f 3327 3338 3328
f 3328 3338 3327
f 3328 3338 3339
f 3339 3338 3328
f 3328 3339 3329
f 3329 3339 3328
f 3329 3339 3340
f 3340 3339 3329
f 3329 3340 3330
f 3330 3340 3329
f 3330 3340 3341
f 3341 3340 3330
f 3330 3341 3331
f 3331 3341 3330
f 3331 3341 3342
f 3342 3341 3331
f 3331 3342 3332
f 3332 3342 3331
f 3332 3342 3343
f 3343 3342 3332
f 3332 3343 3333
f 3333 3343 3332
f 3333 3343 3344
f 3344 3343 3333
f 3333 3344 3334
f 3334 3344 3333
f 3334 3344 3335
f 3335 3344 3334
f 3334 3335 3325
f 3325 3335 3334
f 3335 3345 3346
f 3346 3345 3335
f 3335 3346 3336
f 3336 3346 3335
f 3336 3346 3347
f 3347 3346 3336
f 3336 3347 3337
f 3337 3347 3336
f 3337 3347 3348
f 3348 3347 3337
f 3337 3348 3338
f 3338 3348 3337
f 3338 3348 3349
f 3349 3348 3338
f 3338 3349 3339
f 3339 3349 3338
f 3339 3349 3350
f 3350 3349 3339
f 3339 3350 3340
f 3340 3350 3339
f 3340 3350 3351
f 3351 3350 3340
f 3340 3351 3341
f 3341 3351 3340
f 3341 3351 3352
f 3352 3351 3341
f 3341 3352 3342
f 3342 3352 3341
f 3342 3352 3353
f 3353 3352 3342
f 3342 3353 3343
f 3343 3353 3342
f 3343 3353 3354
f 3354 3353 3343
f 3343 3354 3344
f 3344 3354 3343
f 3344 3354 3345
f 3345 3354 3344
f 3344 3345 3335
f 3335 3345 3344
f 3345 3355 3356
f 3356 3355 3345
f 3345 3356 3346
f 3346 3356 3345
f 3346 3356 3357
f 3357 3356 3346
f 3346 3357 3347
f 3347 3357 3346
f 3347 3357 3358
f 3358 3357 3347
f 3347 3358 3348
f 3348 3358 3347
f 3348 3358 3359
f 3359 3358 3348
f 3348 3359 3349
f 3349 3359 3348
f 3349 3359 3360
f 3360 3359 3349
f 3349 3360 3350
f 3350 3360 3349
f 3350 3360 3361
f 3361 3360 3350
f 3350 3361 3351
f 3351 3361 3350
f 3351 3361 3362
f 3362 3361 3351
f 3351 3362 3352
f 3352 3362 3351
f 3352 3362 3363
f 3363 3362 3352
f 3352 3363 3353
f 3353 3363 3352
f 3353 3363 3364
f 3364 3363 3353
f 3353 3364 3354
f 3354 3364 3353
f 3354 3364 3355
f 3355 3364 3354
f 3354 3355 3345
f 3345 3355 3354
f 3355 3365 3366
f 3366 3365 3355
f 3355 3366 3356
f 3356 3366 3355
f 3356 3366 3367
f 3367 3366 3356
f 3356 3367 3357
f 3357 3367 3356
f 3357 3367 3368
f 3368 3367 3357
f 3357 3368 3358
f 3358 3368 3357
f 3358 3368 3369
f 3369 3368 3358
f 3358 3369 3359
f 3359 3369 3358
f 3359 3369 3370
f 3370 3369 3359
f 3359 3370 3360
f 3360 3370 3359
f 3360 3370 3371
f 3371 3370 3360
f 3360 3371 3361
f 3361 3371 3360
f 3361 3371 3372
f 3372 3371 3361
f 3361 3372 3362
f 3362 3372 3361
f 3362 3372 3373
f 3373 3372 3362
f 3362 3373 3363
f 3363 3373 3362
f 3363 3373 3374
f 3374 3373 3363
f 3363 3374 3364
f 3364 3374 3363
f 3364 3374 3365
f 3365 3374 3364
f 3364 3365 3355
f 3355 3365 3364
f 3365 3375 3376
f 3376 3375 3365
f 3365 3376 3366
f 3366 3376 3365
f 3366 3376 3377
f 3377 3376 3366
f 3366 3377 3367
f 3367 3377 3366
f 3367 3377 3378
f 3378 3377 3367
f 3367 3378 3368
f 3368 3378 3367
f 3368 3378 3379
f 3379 3378 3368
f 3368 3379 3369
f 3369 3379 3368
f 3369 3379 3380
f 3380 3379 3369
f 3369 3380 3370
f 3370 3380 3369
f 3370 3380 3381
f 3381 3380 3370
f 3370 3381 3371
f 3371 3381 3370
f 3371 3381 3382
f 3382 3381 3371
f 3371 3382 3372
f 3372 3382 3371
f 3372 3382 3383
f 3383 3382 3372
f 3372 3383 3373
f 3373 3383 3372
f 3373 3383 3384
f 3384 3383 3373
f 3373 3384 3374
f 3374 3384 3373
f 3374 3384 3375
f 3375 3384 3374
f 3374 3375 3365
f 3365 3375 3374
