mtllib grandma.mtl
v 0.0000 0.0500 -0.6200
v -0.1916 0.0500 -0.5897
v -0.3644 0.0500 -0.5016
v -0.5016 0.0500 -0.3644
v -0.5897 0.0500 -0.1916
v -0.6200 0.0500 -0.0000
v -0.5897 0.0500 0.1916
v -0.5016 0.0500 0.3644
v -0.3644 0.0500 0.5016
v -0.1916 0.0500 0.5897
v -0.0000 0.0500 0.6200
v 0.1916 0.0500 0.5897
v 0.3644 0.0500 0.5016
v 0.5016 0.0500 0.3644
v 0.5897 0.0500 0.1916
v 0.6200 0.0500 0.0000
v 0.5897 0.0500 -0.1916
v 0.5016 0.0500 -0.3644
v 0.3644 0.0500 -0.5016
v 0.1916 0.0500 -0.5897
v 0.0000 0.1500 -0.6000
v -0.1854 0.1500 -0.5706
v -0.3527 0.1500 -0.4854
v -0.4854 0.1500 -0.3527
v -0.5706 0.1500 -0.1854
v -0.6000 0.1500 -0.0000
v -0.5706 0.1500 0.1854
v -0.4854 0.1500 0.3527
v -0.3527 0.1500 0.4854
v -0.1854 0.1500 0.5706
v -0.0000 0.1500 0.6000
v 0.1854 0.1500 0.5706
v 0.3527 0.1500 0.4854
v 0.4854 0.1500 0.3527
v 0.5706 0.1500 0.1854
v 0.6000 0.1500 0.0000
v 0.5706 0.1500 -0.1854
v 0.4854 0.1500 -0.3527
v 0.3527 0.1500 -0.4854
v 0.1854 0.1500 -0.5706
v 0.0000 0.0500 0.0000
v 0.0000 0.1500 0.0000
v 0.0000 0.1500 -0.6600
v -0.1859 0.1500 -0.6333
v -0.3568 0.1500 -0.5552
v -0.4988 0.1500 -0.4322
v -0.6004 0.1500 -0.2742
v -0.6533 0.1500 -0.0939
v -0.6533 0.1500 0.0939
v -0.6004 0.1500 0.2742
v -0.4988 0.1500 0.4322
v -0.3568 0.1500 0.5552
v -0.1859 0.1500 0.6333
v -0.0000 0.1500 0.6600
v 0.1859 0.1500 0.6333
v 0.3568 0.1500 0.5552
v 0.4988 0.1500 0.4322
v 0.6004 0.1500 0.2742
v 0.6533 0.1500 0.0939
v 0.6533 0.1500 -0.0939
v 0.6004 0.1500 -0.2742
v 0.4988 0.1500 -0.4322
v 0.3568 0.1500 -0.5552
v 0.1859 0.1500 -0.6333
v 0.0000 0.9000 -0.5800
v -0.1634 0.9000 -0.5565
v -0.3136 0.9000 -0.4879
v -0.4383 0.9000 -0.3798
v -0.5276 0.9000 -0.2409
v -0.5741 0.9000 -0.0825
v -0.5741 0.9000 0.0825
v -0.5276 0.9000 0.2409
v -0.4383 0.9000 0.3798
v -0.3136 0.9000 0.4879
v -0.1634 0.9000 0.5565
v -0.0000 0.9000 0.5800
v 0.1634 0.9000 0.5565
v 0.3136 0.9000 0.4879
v 0.4383 0.9000 0.3798
v 0.5276 0.9000 0.2409
v 0.5741 0.9000 0.0825
v 0.5741 0.9000 -0.0825
v 0.5276 0.9000 -0.2409
v 0.4383 0.9000 -0.3798
v 0.3136 0.9000 -0.4879
v 0.1634 0.9000 -0.5565
v 0.0000 1.5000 -0.4200
v -0.1183 1.5000 -0.4030
v -0.2271 1.5000 -0.3533
v -0.3174 1.5000 -0.2750
v -0.3820 1.5000 -0.1745
v -0.4157 1.5000 -0.0598
v -0.4157 1.5000 0.0598
v -0.3820 1.5000 0.1745
v -0.3174 1.5000 0.2750
v -0.2271 1.5000 0.3533
v -0.1183 1.5000 0.4030
v -0.0000 1.5000 0.4200
v 0.1183 1.5000 0.4030
v 0.2271 1.5000 0.3533
v 0.3174 1.5000 0.2750
v 0.3820 1.5000 0.1745
v 0.4157 1.5000 0.0598
v 0.4157 1.5000 -0.0598
v 0.3820 1.5000 -0.1745
v 0.3174 1.5000 -0.2750
v 0.2271 1.5000 -0.3533
v 0.1183 1.5000 -0.4030
v 0.0000 0.1500 0.0000
v 0.0000 1.5000 0.0000
v 0.4500 0.3500 0.5362
v 0.4015 0.3500 0.5734
v 0.3500 0.3500 0.6062
v 0.2958 0.3500 0.6344
v 0.2394 0.3500 0.6578
v 0.1812 0.3500 0.6761
v 0.1216 0.3500 0.6894
v 0.0610 0.3500 0.6973
v 0.0000 0.3500 0.7000
v -0.0610 0.3500 0.6973
v -0.1216 0.3500 0.6894
v -0.1812 0.3500 0.6761
v -0.2394 0.3500 0.6578
v -0.2958 0.3500 0.6344
v -0.3500 0.3500 0.6062
v -0.4015 0.3500 0.5734
v -0.4500 0.3500 0.5362
v 0.3342 1.3500 0.3983
v 0.2983 1.3500 0.4260
v 0.2600 1.3500 0.4503
v 0.2198 1.3500 0.4713
v 0.1779 1.3500 0.4886
v 0.1346 1.3500 0.5023
v 0.0903 1.3500 0.5121
v 0.0453 1.3500 0.5180
v 0.0000 1.3500 0.5200
v -0.0453 1.3500 0.5180
v -0.0903 1.3500 0.5121
v -0.1346 1.3500 0.5023
v -0.1779 1.3500 0.4886
v -0.2198 1.3500 0.4713
v -0.2600 1.3500 0.4503
v -0.2983 1.3500 0.4260
v -0.3342 1.3500 0.3983
v -0.2000 1.3167 0.4518
v -0.2354 1.3206 0.4659
v -0.2500 1.3300 0.5000
v -0.2354 1.3394 0.5341
v -0.2000 1.3433 0.5482
v -0.1646 1.3394 0.5341
v -0.1500 1.3300 0.5000
v -0.1646 1.3206 0.4659
v -0.2000 1.6067 0.3718
v -0.2354 1.6106 0.3859
v -0.2500 1.6200 0.4200
v -0.2354 1.6294 0.4541
v -0.2000 1.6333 0.4682
v -0.1646 1.6294 0.4541
v -0.1500 1.6200 0.4200
v -0.1646 1.6106 0.3859
v -0.2000 1.3300 0.5000
v -0.2000 1.6200 0.4200
v 0.2000 1.3167 0.4518
v 0.1646 1.3206 0.4659
v 0.1500 1.3300 0.5000
v 0.1646 1.3394 0.5341
v 0.2000 1.3433 0.5482
v 0.2354 1.3394 0.5341
v 0.2500 1.3300 0.5000
v 0.2354 1.3206 0.4659
v 0.2000 1.6067 0.3718
v 0.1646 1.6106 0.3859
v 0.1500 1.6200 0.4200
v 0.1646 1.6294 0.4541
v 0.2000 1.6333 0.4682
v 0.2354 1.6294 0.4541
v 0.2500 1.6200 0.4200
v 0.2354 1.6106 0.3859
v 0.2000 1.3300 0.5000
v 0.2000 1.6200 0.4200
v -0.5000 1.4666 0.1491
v -0.5852 1.4859 0.1181
v -0.6379 1.4914 0.0420
v -0.6379 1.4812 -0.0501
v -0.5852 1.4590 -0.1231
v -0.5000 1.4334 -0.1491
v -0.4148 1.4141 -0.1181
v -0.3621 1.4086 -0.0420
v -0.3621 1.4188 0.0501
v -0.4148 1.4410 0.1231
v -0.6200 1.0295 0.1766
v -0.6945 1.0074 0.1563
v -0.7406 0.9824 0.0953
v -0.7406 0.9642 0.0171
v -0.6945 0.9596 -0.0486
v -0.6200 0.9705 -0.0766
v -0.5455 0.9926 -0.0563
v -0.4994 1.0176 0.0047
v -0.4994 1.0358 0.0829
v -0.5455 1.0404 0.1486
v -0.5500 0.7250 0.2271
v -0.6130 0.7063 0.2099
v -0.6520 0.6851 0.1584
v -0.6520 0.6697 0.0922
v -0.6130 0.6658 0.0366
v -0.5500 0.6750 0.0129
v -0.4870 0.6937 0.0301
v -0.4480 0.7149 0.0816
v -0.4480 0.7303 0.1478
v -0.4870 0.7342 0.2034
v -0.5000 1.4500 0.0000
v -0.5500 0.7000 0.1200
v -0.5500 0.7900 0.1400
v -0.5500 0.7900 0.1400
v -0.5500 0.7900 0.1400
v -0.5500 0.7900 0.1400
v -0.5500 0.7900 0.1400
v -0.5500 0.7900 0.1400
v -0.5500 0.7900 0.1400
v -0.5500 0.7900 0.1400
v -0.5500 0.7900 0.1400
v -0.5500 0.7900 0.1400
v -0.5003 0.7801 0.1400
v -0.5098 0.7801 0.1692
v -0.5346 0.7801 0.1873
v -0.5654 0.7801 0.1873
v -0.5902 0.7801 0.1692
v -0.5997 0.7801 0.1400
v -0.5902 0.7801 0.1108
v -0.5654 0.7801 0.0927
v -0.5346 0.7801 0.0927
v -0.5098 0.7801 0.1108
v -0.4581 0.7519 0.1400
v -0.4756 0.7519 0.1940
v -0.5216 0.7519 0.2274
v -0.5784 0.7519 0.2274
v -0.6244 0.7519 0.1940
v -0.6419 0.7519 0.1400
v -0.6244 0.7519 0.0860
v -0.5784 0.7519 0.0526
v -0.5216 0.7519 0.0526
v -0.4756 0.7519 0.0860
v -0.4299 0.7097 0.1400
v -0.4528 0.7097 0.2106
v -0.5129 0.7097 0.2542
v -0.5871 0.7097 0.2542
v -0.6472 0.7097 0.2106
v -0.6701 0.7097 0.1400
v -0.6472 0.7097 0.0694
v -0.5871 0.7097 0.0258
v -0.5129 0.7097 0.0258
v -0.4528 0.7097 0.0694
v -0.4200 0.6600 0.1400
v -0.4448 0.6600 0.2164
v -0.5098 0.6600 0.2636
v -0.5902 0.6600 0.2636
v -0.6552 0.6600 0.2164
v -0.6800 0.6600 0.1400
v -0.6552 0.6600 0.0636
v -0.5902 0.6600 0.0164
v -0.5098 0.6600 0.0164
v -0.4448 0.6600 0.0636
v -0.4299 0.6103 0.1400
v -0.4528 0.6103 0.2106
v -0.5129 0.6103 0.2542
v -0.5871 0.6103 0.2542
v -0.6472 0.6103 0.2106
v -0.6701 0.6103 0.1400
v -0.6472 0.6103 0.0694
v -0.5871 0.6103 0.0258
v -0.5129 0.6103 0.0258
v -0.4528 0.6103 0.0694
v -0.4581 0.5681 0.1400
v -0.4756 0.5681 0.1940
v -0.5216 0.5681 0.2274
v -0.5784 0.5681 0.2274
v -0.6244 0.5681 0.1940
v -0.6419 0.5681 0.1400
v -0.6244 0.5681 0.0860
v -0.5784 0.5681 0.0526
v -0.5216 0.5681 0.0526
v -0.4756 0.5681 0.0860
v -0.5003 0.5399 0.1400
v -0.5098 0.5399 0.1692
v -0.5346 0.5399 0.1873
v -0.5654 0.5399 0.1873
v -0.5902 0.5399 0.1692
v -0.5997 0.5399 0.1400
v -0.5902 0.5399 0.1108
v -0.5654 0.5399 0.0927
v -0.5346 0.5399 0.0927
v -0.5098 0.5399 0.1108
v -0.5500 0.5300 0.1400
v -0.5500 0.5300 0.1400
v -0.5500 0.5300 0.1400
v -0.5500 0.5300 0.1400
v -0.5500 0.5300 0.1400
v -0.5500 0.5300 0.1400
v -0.5500 0.5300 0.1400
v -0.5500 0.5300 0.1400
v -0.5500 0.5300 0.1400
v -0.5500 0.5300 0.1400
v 0.5000 1.4666 0.1491
v 0.4148 1.4410 0.1231
v 0.3621 1.4188 0.0501
v 0.3621 1.4086 -0.0420
v 0.4148 1.4141 -0.1181
v 0.5000 1.4334 -0.1491
v 0.5852 1.4590 -0.1231
v 0.6379 1.4812 -0.0501
v 0.6379 1.4914 0.0420
v 0.5852 1.4859 0.1181
v 0.6200 1.0295 0.1766
v 0.5455 1.0404 0.1486
v 0.4994 1.0358 0.0829
v 0.4994 1.0176 0.0047
v 0.5455 0.9926 -0.0563
v 0.6200 0.9705 -0.0766
v 0.6945 0.9596 -0.0486
v 0.7406 0.9642 0.0171
v 0.7406 0.9824 0.0953
v 0.6945 1.0074 0.1563
v 0.5500 0.7250 0.2271
v 0.4870 0.7342 0.2034
v 0.4480 0.7303 0.1478
v 0.4480 0.7149 0.0816
v 0.4870 0.6937 0.0301
v 0.5500 0.6750 0.0129
v 0.6130 0.6658 0.0366
v 0.6520 0.6697 0.0922
v 0.6520 0.6851 0.1584
v 0.6130 0.7063 0.2099
v 0.5000 1.4500 0.0000
v 0.5500 0.7000 0.1200
v 0.5500 0.7900 0.1400
v 0.5500 0.7900 0.1400
v 0.5500 0.7900 0.1400
v 0.5500 0.7900 0.1400
v 0.5500 0.7900 0.1400
v 0.5500 0.7900 0.1400
v 0.5500 0.7900 0.1400
v 0.5500 0.7900 0.1400
v 0.5500 0.7900 0.1400
v 0.5500 0.7900 0.1400
v 0.5997 0.7801 0.1400
v 0.5902 0.7801 0.1692
v 0.5654 0.7801 0.1873
v 0.5346 0.7801 0.1873
v 0.5098 0.7801 0.1692
v 0.5003 0.7801 0.1400
v 0.5098 0.7801 0.1108
v 0.5346 0.7801 0.0927
v 0.5654 0.7801 0.0927
v 0.5902 0.7801 0.1108
v 0.6419 0.7519 0.1400
v 0.6244 0.7519 0.1940
v 0.5784 0.7519 0.2274
v 0.5216 0.7519 0.2274
v 0.4756 0.7519 0.1940
v 0.4581 0.7519 0.1400
v 0.4756 0.7519 0.0860
v 0.5216 0.7519 0.0526
v 0.5784 0.7519 0.0526
v 0.6244 0.7519 0.0860
v 0.6701 0.7097 0.1400
v 0.6472 0.7097 0.2106
v 0.5871 0.7097 0.2542
v 0.5129 0.7097 0.2542
v 0.4528 0.7097 0.2106
v 0.4299 0.7097 0.1400
v 0.4528 0.7097 0.0694
v 0.5129 0.7097 0.0258
v 0.5871 0.7097 0.0258
v 0.6472 0.7097 0.0694
v 0.6800 0.6600 0.1400
v 0.6552 0.6600 0.2164
v 0.5902 0.6600 0.2636
v 0.5098 0.6600 0.2636
v 0.4448 0.6600 0.2164
v 0.4200 0.6600 0.1400
v 0.4448 0.6600 0.0636
v 0.5098 0.6600 0.0164
v 0.5902 0.6600 0.0164
v 0.6552 0.6600 0.0636
v 0.6701 0.6103 0.1400
v 0.6472 0.6103 0.2106
v 0.5871 0.6103 0.2542
v 0.5129 0.6103 0.2542
v 0.4528 0.6103 0.2106
v 0.4299 0.6103 0.1400
v 0.4528 0.6103 0.0694
v 0.5129 0.6103 0.0258
v 0.5871 0.6103 0.0258
v 0.6472 0.6103 0.0694
v 0.6419 0.5681 0.1400
v 0.6244 0.5681 0.1940
v 0.5784 0.5681 0.2274
v 0.5216 0.5681 0.2274
v 0.4756 0.5681 0.1940
v 0.4581 0.5681 0.1400
v 0.4756 0.5681 0.0860
v 0.5216 0.5681 0.0526
v 0.5784 0.5681 0.0526
v 0.6244 0.5681 0.0860
v 0.5997 0.5399 0.1400
v 0.5902 0.5399 0.1692
v 0.5654 0.5399 0.1873
v 0.5346 0.5399 0.1873
v 0.5098 0.5399 0.1692
v 0.5003 0.5399 0.1400
v 0.5098 0.5399 0.1108
v 0.5346 0.5399 0.0927
v 0.5654 0.5399 0.0927
v 0.5902 0.5399 0.1108
v 0.5500 0.5300 0.1400
v 0.5500 0.5300 0.1400
v 0.5500 0.5300 0.1400
v 0.5500 0.5300 0.1400
v 0.5500 0.5300 0.1400
v 0.5500 0.5300 0.1400
v 0.5500 0.5300 0.1400
v 0.5500 0.5300 0.1400
v 0.5500 0.5300 0.1400
v 0.5500 0.5300 0.1400
v 0.0000 1.4500 -0.2000
v -0.1000 1.4500 -0.1732
v -0.1732 1.4500 -0.1000
v -0.2000 1.4500 -0.0000
v -0.1732 1.4500 0.1000
v -0.1000 1.4500 0.1732
v -0.0000 1.4500 0.2000
v 0.1000 1.4500 0.1732
v 0.1732 1.4500 0.1000
v 0.2000 1.4500 0.0000
v 0.1732 1.4500 -0.1000
v 0.1000 1.4500 -0.1732
v 0.0000 1.7000 -0.2000
v -0.1000 1.7000 -0.1732
v -0.1732 1.7000 -0.1000
v -0.2000 1.7000 -0.0000
v -0.1732 1.7000 0.1000
v -0.1000 1.7000 0.1732
v -0.0000 1.7000 0.2000
v 0.1000 1.7000 0.1732
v 0.1732 1.7000 0.1000
v 0.2000 1.7000 0.0000
v 0.1732 1.7000 -0.1000
v 0.1000 1.7000 -0.1732
v 0.0000 1.4500 0.0000
v 0.0000 1.7000 0.0000
v 0.0000 2.7700 0.0000
v 0.0000 2.7700 0.0000
v 0.0000 2.7700 0.0000
v 0.0000 2.7700 0.0000
v 0.0000 2.7700 0.0000
v 0.0000 2.7700 0.0000
v 0.0000 2.7700 0.0000
v 0.0000 2.7700 0.0000
v 0.0000 2.7700 0.0000
v 0.0000 2.7700 0.0000
v 0.0000 2.7700 0.0000
v 0.0000 2.7700 0.0000
v 0.0000 2.7700 0.0000
v 0.0000 2.7700 0.0000
v 0.0000 2.7700 0.0000
v 0.0000 2.7700 0.0000
v 0.0000 2.7700 0.0000
v 0.0000 2.7700 0.0000
v 0.0000 2.7700 0.0000
v 0.0000 2.7700 0.0000
v 0.1210 2.7581 0.0000
v 0.1150 2.7581 0.0374
v 0.0979 2.7581 0.0711
v 0.0711 2.7581 0.0979
v 0.0374 2.7581 0.1150
v 0.0000 2.7581 0.1210
v -0.0374 2.7581 0.1150
v -0.0711 2.7581 0.0979
v -0.0979 2.7581 0.0711
v -0.1150 2.7581 0.0374
v -0.1210 2.7581 0.0000
v -0.1150 2.7581 -0.0374
v -0.0979 2.7581 -0.0711
v -0.0711 2.7581 -0.0979
v -0.0374 2.7581 -0.1150
v -0.0000 2.7581 -0.1210
v 0.0374 2.7581 -0.1150
v 0.0711 2.7581 -0.0979
v 0.0979 2.7581 -0.0711
v 0.1150 2.7581 -0.0374
v 0.2373 2.7228 0.0000
v 0.2257 2.7228 0.0733
v 0.1920 2.7228 0.1395
v 0.1395 2.7228 0.1920
v 0.0733 2.7228 0.2257
v 0.0000 2.7228 0.2373
v -0.0733 2.7228 0.2257
v -0.1395 2.7228 0.1920
v -0.1920 2.7228 0.1395
v -0.2257 2.7228 0.0733
v -0.2373 2.7228 0.0000
v -0.2257 2.7228 -0.0733
v -0.1920 2.7228 -0.1395
v -0.1395 2.7228 -0.1920
v -0.0733 2.7228 -0.2257
v -0.0000 2.7228 -0.2373
v 0.0733 2.7228 -0.2257
v 0.1395 2.7228 -0.1920
v 0.1920 2.7228 -0.1395
v 0.2257 2.7228 -0.0733
v 0.3445 2.6655 0.0000
v 0.3276 2.6655 0.1064
v 0.2787 2.6655 0.2025
v 0.2025 2.6655 0.2787
v 0.1064 2.6655 0.3276
v 0.0000 2.6655 0.3445
v -0.1064 2.6655 0.3276
v -0.2025 2.6655 0.2787
v -0.2787 2.6655 0.2025
v -0.3276 2.6655 0.1064
v -0.3445 2.6655 0.0000
v -0.3276 2.6655 -0.1064
v -0.2787 2.6655 -0.2025
v -0.2025 2.6655 -0.2787
v -0.1064 2.6655 -0.3276
v -0.0000 2.6655 -0.3445
v 0.1064 2.6655 -0.3276
v 0.2025 2.6655 -0.2787
v 0.2787 2.6655 -0.2025
v 0.3276 2.6655 -0.1064
v 0.4384 2.5884 0.0000
v 0.4169 2.5884 0.1355
v 0.3547 2.5884 0.2577
v 0.2577 2.5884 0.3547
v 0.1355 2.5884 0.4169
v 0.0000 2.5884 0.4384
v -0.1355 2.5884 0.4169
v -0.2577 2.5884 0.3547
v -0.3547 2.5884 0.2577
v -0.4169 2.5884 0.1355
v -0.4384 2.5884 0.0000
v -0.4169 2.5884 -0.1355
v -0.3547 2.5884 -0.2577
v -0.2577 2.5884 -0.3547
v -0.1355 2.5884 -0.4169
v -0.0000 2.5884 -0.4384
v 0.1355 2.5884 -0.4169
v 0.2577 2.5884 -0.3547
v 0.3547 2.5884 -0.2577
v 0.4169 2.5884 -0.1355
v 0.5155 2.4945 0.0000
v 0.4903 2.4945 0.1593
v 0.4171 2.4945 0.3030
v 0.3030 2.4945 0.4171
v 0.1593 2.4945 0.4903
v 0.0000 2.4945 0.5155
v -0.1593 2.4945 0.4903
v -0.3030 2.4945 0.4171
v -0.4171 2.4945 0.3030
v -0.4903 2.4945 0.1593
v -0.5155 2.4945 0.0000
v -0.4903 2.4945 -0.1593
v -0.4171 2.4945 -0.3030
v -0.3030 2.4945 -0.4171
v -0.1593 2.4945 -0.4903
v -0.0000 2.4945 -0.5155
v 0.1593 2.4945 -0.4903
v 0.3030 2.4945 -0.4171
v 0.4171 2.4945 -0.3030
v 0.4903 2.4945 -0.1593
v 0.5728 2.3873 0.0000
v 0.5448 2.3873 0.1770
v 0.4634 2.3873 0.3367
v 0.3367 2.3873 0.4634
v 0.1770 2.3873 0.5448
v 0.0000 2.3873 0.5728
v -0.1770 2.3873 0.5448
v -0.3367 2.3873 0.4634
v -0.4634 2.3873 0.3367
v -0.5448 2.3873 0.1770
v -0.5728 2.3873 0.0000
v -0.5448 2.3873 -0.1770
v -0.4634 2.3873 -0.3367
v -0.3367 2.3873 -0.4634
v -0.1770 2.3873 -0.5448
v -0.0000 2.3873 -0.5728
v 0.1770 2.3873 -0.5448
v 0.3367 2.3873 -0.4634
v 0.4634 2.3873 -0.3367
v 0.5448 2.3873 -0.1770
v 0.6081 2.2710 0.0000
v 0.5783 2.2710 0.1879
v 0.4920 2.2710 0.3574
v 0.3574 2.2710 0.4920
v 0.1879 2.2710 0.5783
v 0.0000 2.2710 0.6081
v -0.1879 2.2710 0.5783
v -0.3574 2.2710 0.4920
v -0.4920 2.2710 0.3574
v -0.5783 2.2710 0.1879
v -0.6081 2.2710 0.0000
v -0.5783 2.2710 -0.1879
v -0.4920 2.2710 -0.3574
v -0.3574 2.2710 -0.4920
v -0.1879 2.2710 -0.5783
v -0.0000 2.2710 -0.6081
v 0.1879 2.2710 -0.5783
v 0.3574 2.2710 -0.4920
v 0.4920 2.2710 -0.3574
v 0.5783 2.2710 -0.1879
v 0.6200 2.1500 0.0000
v 0.5897 2.1500 0.1916
v 0.5016 2.1500 0.3644
v 0.3644 2.1500 0.5016
v 0.1916 2.1500 0.5897
v 0.0000 2.1500 0.6200
v -0.1916 2.1500 0.5897
v -0.3644 2.1500 0.5016
v -0.5016 2.1500 0.3644
v -0.5897 2.1500 0.1916
v -0.6200 2.1500 0.0000
v -0.5897 2.1500 -0.1916
v -0.5016 2.1500 -0.3644
v -0.3644 2.1500 -0.5016
v -0.1916 2.1500 -0.5897
v -0.0000 2.1500 -0.6200
v 0.1916 2.1500 -0.5897
v 0.3644 2.1500 -0.5016
v 0.5016 2.1500 -0.3644
v 0.5897 2.1500 -0.1916
v 0.6081 2.0290 0.0000
v 0.5783 2.0290 0.1879
v 0.4920 2.0290 0.3574
v 0.3574 2.0290 0.4920
v 0.1879 2.0290 0.5783
v 0.0000 2.0290 0.6081
v -0.1879 2.0290 0.5783
v -0.3574 2.0290 0.4920
v -0.4920 2.0290 0.3574
v -0.5783 2.0290 0.1879
v -0.6081 2.0290 0.0000
v -0.5783 2.0290 -0.1879
v -0.4920 2.0290 -0.3574
v -0.3574 2.0290 -0.4920
v -0.1879 2.0290 -0.5783
v -0.0000 2.0290 -0.6081
v 0.1879 2.0290 -0.5783
v 0.3574 2.0290 -0.4920
v 0.4920 2.0290 -0.3574
v 0.5783 2.0290 -0.1879
v 0.5728 1.9127 0.0000
v 0.5448 1.9127 0.1770
v 0.4634 1.9127 0.3367
v 0.3367 1.9127 0.4634
v 0.1770 1.9127 0.5448
v 0.0000 1.9127 0.5728
v -0.1770 1.9127 0.5448
v -0.3367 1.9127 0.4634
v -0.4634 1.9127 0.3367
v -0.5448 1.9127 0.1770
v -0.5728 1.9127 0.0000
v -0.5448 1.9127 -0.1770
v -0.4634 1.9127 -0.3367
v -0.3367 1.9127 -0.4634
v -0.1770 1.9127 -0.5448
v -0.0000 1.9127 -0.5728
v 0.1770 1.9127 -0.5448
v 0.3367 1.9127 -0.4634
v 0.4634 1.9127 -0.3367
v 0.5448 1.9127 -0.1770
v 0.5155 1.8055 0.0000
v 0.4903 1.8055 0.1593
v 0.4171 1.8055 0.3030
v 0.3030 1.8055 0.4171
v 0.1593 1.8055 0.4903
v 0.0000 1.8055 0.5155
v -0.1593 1.8055 0.4903
v -0.3030 1.8055 0.4171
v -0.4171 1.8055 0.3030
v -0.4903 1.8055 0.1593
v -0.5155 1.8055 0.0000
v -0.4903 1.8055 -0.1593
v -0.4171 1.8055 -0.3030
v -0.3030 1.8055 -0.4171
v -0.1593 1.8055 -0.4903
v -0.0000 1.8055 -0.5155
v 0.1593 1.8055 -0.4903
v 0.3030 1.8055 -0.4171
v 0.4171 1.8055 -0.3030
v 0.4903 1.8055 -0.1593
v 0.4384 1.7116 0.0000
v 0.4169 1.7116 0.1355
v 0.3547 1.7116 0.2577
v 0.2577 1.7116 0.3547
v 0.1355 1.7116 0.4169
v 0.0000 1.7116 0.4384
v -0.1355 1.7116 0.4169
v -0.2577 1.7116 0.3547
v -0.3547 1.7116 0.2577
v -0.4169 1.7116 0.1355
v -0.4384 1.7116 0.0000
v -0.4169 1.7116 -0.1355
v -0.3547 1.7116 -0.2577
v -0.2577 1.7116 -0.3547
v -0.1355 1.7116 -0.4169
v -0.0000 1.7116 -0.4384
v 0.1355 1.7116 -0.4169
v 0.2577 1.7116 -0.3547
v 0.3547 1.7116 -0.2577
v 0.4169 1.7116 -0.1355
v 0.3445 1.6345 0.0000
v 0.3276 1.6345 0.1064
v 0.2787 1.6345 0.2025
v 0.2025 1.6345 0.2787
v 0.1064 1.6345 0.3276
v 0.0000 1.6345 0.3445
v -0.1064 1.6345 0.3276
v -0.2025 1.6345 0.2787
v -0.2787 1.6345 0.2025
v -0.3276 1.6345 0.1064
v -0.3445 1.6345 0.0000
v -0.3276 1.6345 -0.1064
v -0.2787 1.6345 -0.2025
v -0.2025 1.6345 -0.2787
v -0.1064 1.6345 -0.3276
v -0.0000 1.6345 -0.3445
v 0.1064 1.6345 -0.3276
v 0.2025 1.6345 -0.2787
v 0.2787 1.6345 -0.2025
v 0.3276 1.6345 -0.1064
v 0.2373 1.5772 0.0000
v 0.2257 1.5772 0.0733
v 0.1920 1.5772 0.1395
v 0.1395 1.5772 0.1920
v 0.0733 1.5772 0.2257
v 0.0000 1.5772 0.2373
v -0.0733 1.5772 0.2257
v -0.1395 1.5772 0.1920
v -0.1920 1.5772 0.1395
v -0.2257 1.5772 0.0733
v -0.2373 1.5772 0.0000
v -0.2257 1.5772 -0.0733
v -0.1920 1.5772 -0.1395
v -0.1395 1.5772 -0.1920
v -0.0733 1.5772 -0.2257
v -0.0000 1.5772 -0.2373
v 0.0733 1.5772 -0.2257
v 0.1395 1.5772 -0.1920
v 0.1920 1.5772 -0.1395
v 0.2257 1.5772 -0.0733
v 0.1210 1.5419 0.0000
v 0.1150 1.5419 0.0374
v 0.0979 1.5419 0.0711
v 0.0711 1.5419 0.0979
v 0.0374 1.5419 0.1150
v 0.0000 1.5419 0.1210
v -0.0374 1.5419 0.1150
v -0.0711 1.5419 0.0979
v -0.0979 1.5419 0.0711
v -0.1150 1.5419 0.0374
v -0.1210 1.5419 0.0000
v -0.1150 1.5419 -0.0374
v -0.0979 1.5419 -0.0711
v -0.0711 1.5419 -0.0979
v -0.0374 1.5419 -0.1150
v -0.0000 1.5419 -0.1210
v 0.0374 1.5419 -0.1150
v 0.0711 1.5419 -0.0979
v 0.0979 1.5419 -0.0711
v 0.1150 1.5419 -0.0374
v 0.0000 1.5300 0.0000
v 0.0000 1.5300 0.0000
v 0.0000 1.5300 0.0000
v 0.0000 1.5300 0.0000
v 0.0000 1.5300 0.0000
v 0.0000 1.5300 0.0000
v -0.0000 1.5300 0.0000
v -0.0000 1.5300 0.0000
v -0.0000 1.5300 0.0000
v -0.0000 1.5300 0.0000
v -0.0000 1.5300 0.0000
v -0.0000 1.5300 -0.0000
v -0.0000 1.5300 -0.0000
v -0.0000 1.5300 -0.0000
v -0.0000 1.5300 -0.0000
v -0.0000 1.5300 -0.0000
v 0.0000 1.5300 -0.0000
v 0.0000 1.5300 -0.0000
v 0.0000 1.5300 -0.0000
v 0.0000 1.5300 -0.0000
v 0.0000 2.2400 0.6000
v 0.0000 2.2400 0.6000
v 0.0000 2.2400 0.6000
v 0.0000 2.2400 0.6000
v 0.0000 2.2400 0.6000
v 0.0000 2.2400 0.6000
v 0.0000 2.2400 0.6000
v 0.0000 2.2400 0.6000
v 0.0000 2.2400 0.6000
v 0.0000 2.2400 0.6000
v 0.0536 2.2293 0.6000
v 0.0433 2.2293 0.6315
v 0.0166 2.2293 0.6510
v -0.0166 2.2293 0.6510
v -0.0433 2.2293 0.6315
v -0.0536 2.2293 0.6000
v -0.0433 2.2293 0.5685
v -0.0166 2.2293 0.5490
v 0.0166 2.2293 0.5490
v 0.0433 2.2293 0.5685
v 0.0990 2.1990 0.6000
v 0.0801 2.1990 0.6582
v 0.0306 2.1990 0.6941
v -0.0306 2.1990 0.6941
v -0.0801 2.1990 0.6582
v -0.0990 2.1990 0.6000
v -0.0801 2.1990 0.5418
v -0.0306 2.1990 0.5059
v 0.0306 2.1990 0.5059
v 0.0801 2.1990 0.5418
v 0.1293 2.1536 0.6000
v 0.1046 2.1536 0.6760
v 0.0400 2.1536 0.7230
v -0.0400 2.1536 0.7230
v -0.1046 2.1536 0.6760
v -0.1293 2.1536 0.6000
v -0.1046 2.1536 0.5240
v -0.0400 2.1536 0.4770
v 0.0400 2.1536 0.4770
v 0.1046 2.1536 0.5240
v 0.1400 2.1000 0.6000
v 0.1133 2.1000 0.6823
v 0.0433 2.1000 0.7331
v -0.0433 2.1000 0.7331
v -0.1133 2.1000 0.6823
v -0.1400 2.1000 0.6000
v -0.1133 2.1000 0.5177
v -0.0433 2.1000 0.4669
v 0.0433 2.1000 0.4669
v 0.1133 2.1000 0.5177
v 0.1293 2.0464 0.6000
v 0.1046 2.0464 0.6760
v 0.0400 2.0464 0.7230
v -0.0400 2.0464 0.7230
v -0.1046 2.0464 0.6760
v -0.1293 2.0464 0.6000
v -0.1046 2.0464 0.5240
v -0.0400 2.0464 0.4770
v 0.0400 2.0464 0.4770
v 0.1046 2.0464 0.5240
v 0.0990 2.0010 0.6000
v 0.0801 2.0010 0.6582
v 0.0306 2.0010 0.6941
v -0.0306 2.0010 0.6941
v -0.0801 2.0010 0.6582
v -0.0990 2.0010 0.6000
v -0.0801 2.0010 0.5418
v -0.0306 2.0010 0.5059
v 0.0306 2.0010 0.5059
v 0.0801 2.0010 0.5418
v 0.0536 1.9707 0.6000
v 0.0433 1.9707 0.6315
v 0.0166 1.9707 0.6510
v -0.0166 1.9707 0.6510
v -0.0433 1.9707 0.6315
v -0.0536 1.9707 0.6000
v -0.0433 1.9707 0.5685
v -0.0166 1.9707 0.5490
v 0.0166 1.9707 0.5490
v 0.0433 1.9707 0.5685
v 0.0000 1.9600 0.6000
v 0.0000 1.9600 0.6000
v 0.0000 1.9600 0.6000
v -0.0000 1.9600 0.6000
v -0.0000 1.9600 0.6000
v -0.0000 1.9600 0.6000
v -0.0000 1.9600 0.6000
v -0.0000 1.9600 0.6000
v 0.0000 1.9600 0.6000
v 0.0000 1.9600 0.6000
v -0.3600 2.0960 0.4800
v -0.3600 2.0960 0.4800
v -0.3600 2.0960 0.4800
v -0.3600 2.0960 0.4800
v -0.3600 2.0960 0.4800
v -0.3600 2.0960 0.4800
v -0.3600 2.0960 0.4800
v -0.3600 2.0960 0.4800
v -0.3000 2.0831 0.4800
v -0.3176 2.0831 0.5055
v -0.3600 2.0831 0.5160
v -0.4024 2.0831 0.5055
v -0.4200 2.0831 0.4800
v -0.4024 2.0831 0.4545
v -0.3600 2.0831 0.4440
v -0.3176 2.0831 0.4545
v -0.2561 2.0480 0.4800
v -0.2865 2.0480 0.5241
v -0.3600 2.0480 0.5424
v -0.4335 2.0480 0.5241
v -0.4639 2.0480 0.4800
v -0.4335 2.0480 0.4359
v -0.3600 2.0480 0.4176
v -0.2865 2.0480 0.4359
v -0.2400 2.0000 0.4800
v -0.2751 2.0000 0.5309
v -0.3600 2.0000 0.5520
v -0.4449 2.0000 0.5309
v -0.4800 2.0000 0.4800
v -0.4449 2.0000 0.4291
v -0.3600 2.0000 0.4080
v -0.2751 2.0000 0.4291
v -0.2561 1.9520 0.4800
v -0.2865 1.9520 0.5241
v -0.3600 1.9520 0.5424
v -0.4335 1.9520 0.5241
v -0.4639 1.9520 0.4800
v -0.4335 1.9520 0.4359
v -0.3600 1.9520 0.4176
v -0.2865 1.9520 0.4359
v -0.3000 1.9169 0.4800
v -0.3176 1.9169 0.5055
v -0.3600 1.9169 0.5160
v -0.4024 1.9169 0.5055
v -0.4200 1.9169 0.4800
v -0.4024 1.9169 0.4545
v -0.3600 1.9169 0.4440
v -0.3176 1.9169 0.4545
v -0.3600 1.9040 0.4800
v -0.3600 1.9040 0.4800
v -0.3600 1.9040 0.4800
v -0.3600 1.9040 0.4800
v -0.3600 1.9040 0.4800
v -0.3600 1.9040 0.4800
v -0.3600 1.9040 0.4800
v -0.3600 1.9040 0.4800
v 0.3600 2.0960 0.4800
v 0.3600 2.0960 0.4800
v 0.3600 2.0960 0.4800
v 0.3600 2.0960 0.4800
v 0.3600 2.0960 0.4800
v 0.3600 2.0960 0.4800
v 0.3600 2.0960 0.4800
v 0.3600 2.0960 0.4800
v 0.4200 2.0831 0.4800
v 0.4024 2.0831 0.5055
v 0.3600 2.0831 0.5160
v 0.3176 2.0831 0.5055
v 0.3000 2.0831 0.4800
v 0.3176 2.0831 0.4545
v 0.3600 2.0831 0.4440
v 0.4024 2.0831 0.4545
v 0.4639 2.0480 0.4800
v 0.4335 2.0480 0.5241
v 0.3600 2.0480 0.5424
v 0.2865 2.0480 0.5241
v 0.2561 2.0480 0.4800
v 0.2865 2.0480 0.4359
v 0.3600 2.0480 0.4176
v 0.4335 2.0480 0.4359
v 0.4800 2.0000 0.4800
v 0.4449 2.0000 0.5309
v 0.3600 2.0000 0.5520
v 0.2751 2.0000 0.5309
v 0.2400 2.0000 0.4800
v 0.2751 2.0000 0.4291
v 0.3600 2.0000 0.4080
v 0.4449 2.0000 0.4291
v 0.4639 1.9520 0.4800
v 0.4335 1.9520 0.5241
v 0.3600 1.9520 0.5424
v 0.2865 1.9520 0.5241
v 0.2561 1.9520 0.4800
v 0.2865 1.9520 0.4359
v 0.3600 1.9520 0.4176
v 0.4335 1.9520 0.4359
v 0.4200 1.9169 0.4800
v 0.4024 1.9169 0.5055
v 0.3600 1.9169 0.5160
v 0.3176 1.9169 0.5055
v 0.3000 1.9169 0.4800
v 0.3176 1.9169 0.4545
v 0.3600 1.9169 0.4440
v 0.4024 1.9169 0.4545
v 0.3600 1.9040 0.4800
v 0.3600 1.9040 0.4800
v 0.3600 1.9040 0.4800
v 0.3600 1.9040 0.4800
v 0.3600 1.9040 0.4800
v 0.3600 1.9040 0.4800
v 0.3600 1.9040 0.4800
v 0.3600 1.9040 0.4800
v 0.0000 1.9100 0.5500
v 0.0000 1.9100 0.5500
v 0.0000 1.9100 0.5500
v 0.0000 1.9100 0.5500
v 0.0000 1.9100 0.5500
v 0.0000 1.9100 0.5500
v 0.0000 1.9100 0.5500
v 0.0000 1.9100 0.5500
v 0.0800 1.9033 0.5500
v 0.0566 1.9033 0.5677
v 0.0000 1.9033 0.5750
v -0.0566 1.9033 0.5677
v -0.0800 1.9033 0.5500
v -0.0566 1.9033 0.5323
v -0.0000 1.9033 0.5250
v 0.0566 1.9033 0.5323
v 0.1386 1.8850 0.5500
v 0.0980 1.8850 0.5806
v 0.0000 1.8850 0.5933
v -0.0980 1.8850 0.5806
v -0.1386 1.8850 0.5500
v -0.0980 1.8850 0.5194
v -0.0000 1.8850 0.5067
v 0.0980 1.8850 0.5194
v 0.1600 1.8600 0.5500
v 0.1131 1.8600 0.5854
v 0.0000 1.8600 0.6000
v -0.1131 1.8600 0.5854
v -0.1600 1.8600 0.5500
v -0.1131 1.8600 0.5146
v -0.0000 1.8600 0.5000
v 0.1131 1.8600 0.5146
v 0.1386 1.8350 0.5500
v 0.0980 1.8350 0.5806
v 0.0000 1.8350 0.5933
v -0.0980 1.8350 0.5806
v -0.1386 1.8350 0.5500
v -0.0980 1.8350 0.5194
v -0.0000 1.8350 0.5067
v 0.0980 1.8350 0.5194
v 0.0800 1.8167 0.5500
v 0.0566 1.8167 0.5677
v 0.0000 1.8167 0.5750
v -0.0566 1.8167 0.5677
v -0.0800 1.8167 0.5500
v -0.0566 1.8167 0.5323
v -0.0000 1.8167 0.5250
v 0.0566 1.8167 0.5323
v 0.0000 1.8100 0.5500
v 0.0000 1.8100 0.5500
v 0.0000 1.8100 0.5500
v -0.0000 1.8100 0.5500
v -0.0000 1.8100 0.5500
v -0.0000 1.8100 0.5500
v -0.0000 1.8100 0.5500
v 0.0000 1.8100 0.5500
v 0.4225 2.2392 -0.3184
v 0.4225 2.2392 -0.3184
v 0.4225 2.2392 -0.3184
v 0.4225 2.2392 -0.3184
v 0.4225 2.2392 -0.3184
v 0.4225 2.2392 -0.3184
v 0.4225 2.2392 -0.3184
v 0.5589 2.1949 -0.3184
v 0.5075 2.1949 -0.2118
v 0.3921 2.1949 -0.1854
v 0.2996 2.1949 -0.2592
v 0.2996 2.1949 -0.3776
v 0.3921 2.1949 -0.4514
v 0.5075 2.1949 -0.4250
v 0.6432 2.0789 -0.3184
v 0.5601 2.0789 -0.1459
v 0.3734 2.0789 -0.1032
v 0.2237 2.0789 -0.2226
v 0.2237 2.0789 -0.4142
v 0.3734 2.0789 -0.5336
v 0.5601 2.0789 -0.4910
v 0.6432 1.9355 -0.3184
v 0.5601 1.9355 -0.1459
v 0.3734 1.9355 -0.1032
v 0.2237 1.9355 -0.2226
v 0.2237 1.9355 -0.4142
v 0.3734 1.9355 -0.5336
v 0.5601 1.9355 -0.4910
v 0.5589 1.8195 -0.3184
v 0.5075 1.8195 -0.2118
v 0.3921 1.8195 -0.1854
v 0.2996 1.8195 -0.2592
v 0.2996 1.8195 -0.3776
v 0.3921 1.8195 -0.4514
v 0.5075 1.8195 -0.4250
v 0.4225 1.7751 -0.3184
v 0.4225 1.7751 -0.3184
v 0.4225 1.7751 -0.3184
v 0.4225 1.7751 -0.3184
v 0.4225 1.7751 -0.3184
v 0.4225 1.7751 -0.3184
v 0.4225 1.7751 -0.3184
v 0.2582 1.9140 0.0085
v 0.2582 1.9140 0.0085
v 0.2582 1.9140 0.0085
v 0.2582 1.9140 0.0085
v 0.2582 1.9140 0.0085
v 0.2582 1.9140 0.0085
v 0.2582 1.9140 0.0085
v 0.3968 1.8690 0.0085
v 0.3446 1.8690 0.1169
v 0.2274 1.8690 0.1436
v 0.1334 1.8690 0.0687
v 0.1334 1.8690 -0.0516
v 0.2274 1.8690 -0.1265
v 0.3446 1.8690 -0.0998
v 0.4824 1.7512 0.0085
v 0.3980 1.7512 0.1838
v 0.2084 1.7512 0.2271
v 0.0563 1.7512 0.1058
v 0.0563 1.7512 -0.0887
v 0.2084 1.7512 -0.2100
v 0.3980 1.7512 -0.1667
v 0.4824 1.6055 0.0085
v 0.3980 1.6055 0.1838
v 0.2084 1.6055 0.2271
v 0.0563 1.6055 0.1058
v 0.0563 1.6055 -0.0887
v 0.2084 1.6055 -0.2100
v 0.3980 1.6055 -0.1667
v 0.3968 1.4876 0.0085
v 0.3446 1.4876 0.1169
v 0.2274 1.4876 0.1436
v 0.1334 1.4876 0.0687
v 0.1334 1.4876 -0.0516
v 0.2274 1.4876 -0.1265
v 0.3446 1.4876 -0.0998
v 0.2582 1.4426 0.0085
v 0.2582 1.4426 0.0085
v 0.2582 1.4426 0.0085
v 0.2582 1.4426 0.0085
v 0.2582 1.4426 0.0085
v 0.2582 1.4426 0.0085
v 0.2582 1.4426 0.0085
v -0.5284 2.4692 -0.1846
v -0.5284 2.4692 -0.1846
v -0.5284 2.4692 -0.1846
v -0.5284 2.4692 -0.1846
v -0.5284 2.4692 -0.1846
v -0.5284 2.4692 -0.1846
v -0.5284 2.4692 -0.1846
v -0.3816 2.4215 -0.1846
v -0.4369 2.4215 -0.0699
v -0.5610 2.4215 -0.0416
v -0.6606 2.4215 -0.1209
v -0.6606 2.4215 -0.2483
v -0.5610 2.4215 -0.3277
v -0.4369 2.4215 -0.2993
v -0.2909 2.2967 -0.1846
v -0.3803 2.2967 0.0010
v -0.5812 2.2967 0.0469
v -0.7423 2.2967 -0.0816
v -0.7423 2.2967 -0.2876
v -0.5812 2.2967 -0.4161
v -0.3803 2.2967 -0.3702
v -0.2909 2.1424 -0.1846
v -0.3803 2.1424 0.0010
v -0.5812 2.1424 0.0469
v -0.7423 2.1424 -0.0816
v -0.7423 2.1424 -0.2876
v -0.5812 2.1424 -0.4161
v -0.3803 2.1424 -0.3702
v -0.3816 2.0176 -0.1846
v -0.4369 2.0176 -0.0699
v -0.5610 2.0176 -0.0416
v -0.6606 2.0176 -0.1209
v -0.6606 2.0176 -0.2483
v -0.5610 2.0176 -0.3277
v -0.4369 2.0176 -0.2993
v -0.5284 1.9699 -0.1846
v -0.5284 1.9699 -0.1846
v -0.5284 1.9699 -0.1846
v -0.5284 1.9699 -0.1846
v -0.5284 1.9699 -0.1846
v -0.5284 1.9699 -0.1846
v -0.5284 1.9699 -0.1846
v -0.2675 2.0094 -0.2582
v -0.2675 2.0094 -0.2582
v -0.2675 2.0094 -0.2582
v -0.2675 2.0094 -0.2582
v -0.2675 2.0094 -0.2582
v -0.2675 2.0094 -0.2582
v -0.2675 2.0094 -0.2582
v -0.1211 1.9618 -0.2582
v -0.1762 1.9618 -0.1437
v -0.3001 1.9618 -0.1155
v -0.3995 1.9618 -0.1947
v -0.3995 1.9618 -0.3217
v -0.3001 1.9618 -0.4010
v -0.1762 1.9618 -0.3727
v -0.0306 1.8373 -0.2582
v -0.1198 1.8373 -0.0730
v -0.3202 1.8373 -0.0272
v -0.4810 1.8373 -0.1554
v -0.4810 1.8373 -0.3610
v -0.3202 1.8373 -0.4892
v -0.1198 1.8373 -0.4434
v -0.0306 1.6833 -0.2582
v -0.1198 1.6833 -0.0730
v -0.3202 1.6833 -0.0272
v -0.4810 1.6833 -0.1554
v -0.4810 1.6833 -0.3610
v -0.3202 1.6833 -0.4892
v -0.1198 1.6833 -0.4434
v -0.1211 1.5588 -0.2582
v -0.1762 1.5588 -0.1437
v -0.3001 1.5588 -0.1155
v -0.3995 1.5588 -0.1947
v -0.3995 1.5588 -0.3217
v -0.3001 1.5588 -0.4010
v -0.1762 1.5588 -0.3727
v -0.2675 1.5112 -0.2582
v -0.2675 1.5112 -0.2582
v -0.2675 1.5112 -0.2582
v -0.2675 1.5112 -0.2582
v -0.2675 1.5112 -0.2582
v -0.2675 1.5112 -0.2582
v -0.2675 1.5112 -0.2582
v -0.0605 2.9918 -0.0057
v -0.0605 2.9918 -0.0057
v -0.0605 2.9918 -0.0057
v -0.0605 2.9918 -0.0057
v -0.0605 2.9918 -0.0057
v -0.0605 2.9918 -0.0057
v -0.0605 2.9918 -0.0057
v 0.0613 2.9522 -0.0057
v 0.0155 2.9522 0.0896
v -0.0876 2.9522 0.1131
v -0.1703 2.9522 0.0472
v -0.1703 2.9522 -0.0585
v -0.0876 2.9522 -0.1245
v 0.0155 2.9522 -0.1009
v 0.1366 2.8486 -0.0057
v 0.0624 2.8486 0.1485
v -0.1044 2.8486 0.1865
v -0.2381 2.8486 0.0799
v -0.2381 2.8486 -0.0912
v -0.1044 2.8486 -0.1979
v 0.0624 2.8486 -0.1598
v 0.1366 2.7205 -0.0057
v 0.0624 2.7205 0.1485
v -0.1044 2.7205 0.1865
v -0.2381 2.7205 0.0799
v -0.2381 2.7205 -0.0912
v -0.1044 2.7205 -0.1979
v 0.0624 2.7205 -0.1598
v 0.0613 2.6168 -0.0057
v 0.0155 2.6168 0.0896
v -0.0876 2.6168 0.1131
v -0.1703 2.6168 0.0472
v -0.1703 2.6168 -0.0585
v -0.0876 2.6168 -0.1245
v 0.0155 2.6168 -0.1009
v -0.0605 2.5772 -0.0057
v -0.0605 2.5772 -0.0057
v -0.0605 2.5772 -0.0057
v -0.0605 2.5772 -0.0057
v -0.0605 2.5772 -0.0057
v -0.0605 2.5772 -0.0057
v -0.0605 2.5772 -0.0057
v -0.1309 1.8581 -0.1381
v -0.1309 1.8581 -0.1381
v -0.1309 1.8581 -0.1381
v -0.1309 1.8581 -0.1381
v -0.1309 1.8581 -0.1381
v -0.1309 1.8581 -0.1381
v -0.1309 1.8581 -0.1381
v -0.0068 1.8178 -0.1381
v -0.0535 1.8178 -0.0410
v -0.1585 1.8178 -0.0171
v -0.2427 1.8178 -0.0842
v -0.2427 1.8178 -0.1919
v -0.1585 1.8178 -0.2591
v -0.0535 1.8178 -0.2351
v 0.0699 1.7122 -0.1381
v -0.0057 1.7122 0.0189
v -0.1756 1.7122 0.0577
v -0.3118 1.7122 -0.0509
v -0.3118 1.7122 -0.2252
v -0.1756 1.7122 -0.3338
v -0.0057 1.7122 -0.2951
v 0.0699 1.5817 -0.1381
v -0.0057 1.5817 0.0189
v -0.1756 1.5817 0.0577
v -0.3118 1.5817 -0.0509
v -0.3118 1.5817 -0.2252
v -0.1756 1.5817 -0.3338
v -0.0057 1.5817 -0.2951
v -0.0068 1.4762 -0.1381
v -0.0535 1.4762 -0.0410
v -0.1585 1.4762 -0.0171
v -0.2427 1.4762 -0.0842
v -0.2427 1.4762 -0.1919
v -0.1585 1.4762 -0.2591
v -0.0535 1.4762 -0.2351
v -0.1309 1.4359 -0.1381
v -0.1309 1.4359 -0.1381
v -0.1309 1.4359 -0.1381
v -0.1309 1.4359 -0.1381
v -0.1309 1.4359 -0.1381
v -0.1309 1.4359 -0.1381
v -0.1309 1.4359 -0.1381
v 0.0071 3.0130 0.0188
v 0.0071 3.0130 0.0188
v 0.0071 3.0130 0.0188
v 0.0071 3.0130 0.0188
v 0.0071 3.0130 0.0188
v 0.0071 3.0130 0.0188
v 0.0071 3.0130 0.0188
v 0.1396 2.9699 0.0188
v 0.0897 2.9699 0.1224
v -0.0224 2.9699 0.1480
v -0.1122 2.9699 0.0763
v -0.1122 2.9699 -0.0387
v -0.0224 2.9699 -0.1103
v 0.0897 2.9699 -0.0847
v 0.2215 2.8573 0.0188
v 0.1408 2.8573 0.1864
v -0.0406 2.8573 0.2278
v -0.1860 2.8573 0.1118
v -0.1860 2.8573 -0.0742
v -0.0406 2.8573 -0.1901
v 0.1408 2.8573 -0.1488
v 0.2215 2.7180 0.0188
v 0.1408 2.7180 0.1864
v -0.0406 2.7180 0.2278
v -0.1860 2.7180 0.1118
v -0.1860 2.7180 -0.0742
v -0.0406 2.7180 -0.1901
v 0.1408 2.7180 -0.1488
v 0.1396 2.6053 0.0188
v 0.0897 2.6053 0.1224
v -0.0224 2.6053 0.1480
v -0.1122 2.6053 0.0763
v -0.1122 2.6053 -0.0387
v -0.0224 2.6053 -0.1103
v 0.0897 2.6053 -0.0847
v 0.0071 2.5623 0.0188
v 0.0071 2.5623 0.0188
v 0.0071 2.5623 0.0188
v 0.0071 2.5623 0.0188
v 0.0071 2.5623 0.0188
v 0.0071 2.5623 0.0188
v 0.0071 2.5623 0.0188
v -0.2193 2.8518 0.2349
v -0.2193 2.8518 0.2349
v -0.2193 2.8518 0.2349
v -0.2193 2.8518 0.2349
v -0.2193 2.8518 0.2349
v -0.2193 2.8518 0.2349
v -0.2193 2.8518 0.2349
v -0.1192 2.8193 0.2349
v -0.1569 2.8193 0.3132
v -0.2416 2.8193 0.3325
v -0.3095 2.8193 0.2784
v -0.3095 2.8193 0.1915
v -0.2416 2.8193 0.1373
v -0.1569 2.8193 0.1567
v -0.0574 2.7341 0.2349
v -0.1184 2.7341 0.3616
v -0.2554 2.7341 0.3928
v -0.3653 2.7341 0.3052
v -0.3653 2.7341 0.1647
v -0.2554 2.7341 0.0770
v -0.1184 2.7341 0.1083
v -0.0574 2.6289 0.2349
v -0.1184 2.6289 0.3616
v -0.2554 2.6289 0.3928
v -0.3653 2.6289 0.3052
v -0.3653 2.6289 0.1647
v -0.2554 2.6289 0.0770
v -0.1184 2.6289 0.1083
v -0.1192 2.5437 0.2349
v -0.1569 2.5437 0.3132
v -0.2416 2.5437 0.3325
v -0.3095 2.5437 0.2784
v -0.3095 2.5437 0.1915
v -0.2416 2.5437 0.1373
v -0.1569 2.5437 0.1567
v -0.2193 2.5112 0.2349
v -0.2193 2.5112 0.2349
v -0.2193 2.5112 0.2349
v -0.2193 2.5112 0.2349
v -0.2193 2.5112 0.2349
v -0.2193 2.5112 0.2349
v -0.2193 2.5112 0.2349
v 0.2978 2.8139 -0.2785
v 0.2978 2.8139 -0.2785
v 0.2978 2.8139 -0.2785
v 0.2978 2.8139 -0.2785
v 0.2978 2.8139 -0.2785
v 0.2978 2.8139 -0.2785
v 0.2978 2.8139 -0.2785
v 0.4217 2.7736 -0.2785
v 0.3750 2.7736 -0.1816
v 0.2702 2.7736 -0.1577
v 0.1862 2.7736 -0.2247
v 0.1862 2.7736 -0.3322
v 0.2702 2.7736 -0.3993
v 0.3750 2.7736 -0.3753
v 0.4983 2.6682 -0.2785
v 0.4228 2.6682 -0.1217
v 0.2532 2.6682 -0.0830
v 0.1172 2.6682 -0.1915
v 0.1172 2.6682 -0.3655
v 0.2532 2.6682 -0.4739
v 0.4228 2.6682 -0.4352
v 0.4983 2.5380 -0.2785
v 0.4228 2.5380 -0.1217
v 0.2532 2.5380 -0.0830
v 0.1172 2.5380 -0.1915
v 0.1172 2.5380 -0.3655
v 0.2532 2.5380 -0.4739
v 0.4228 2.5380 -0.4352
v 0.4217 2.4326 -0.2785
v 0.3750 2.4326 -0.1816
v 0.2702 2.4326 -0.1577
v 0.1862 2.4326 -0.2247
v 0.1862 2.4326 -0.3322
v 0.2702 2.4326 -0.3993
v 0.3750 2.4326 -0.3753
v 0.2978 2.3923 -0.2785
v 0.2978 2.3923 -0.2785
v 0.2978 2.3923 -0.2785
v 0.2978 2.3923 -0.2785
v 0.2978 2.3923 -0.2785
v 0.2978 2.3923 -0.2785
v 0.2978 2.3923 -0.2785
v -0.1900 1.9312 -0.2289
v -0.1900 1.9312 -0.2289
v -0.1900 1.9312 -0.2289
v -0.1900 1.9312 -0.2289
v -0.1900 1.9312 -0.2289
v -0.1900 1.9312 -0.2289
v -0.1900 1.9312 -0.2289
v -0.0552 1.8874 -0.2289
v -0.1060 1.8874 -0.1235
v -0.2200 1.8874 -0.0975
v -0.3115 1.8874 -0.1704
v -0.3115 1.8874 -0.2874
v -0.2200 1.8874 -0.3603
v -0.1060 1.8874 -0.3343
v 0.0281 1.7727 -0.2289
v -0.0540 1.7727 -0.0583
v -0.2386 1.7727 -0.0162
v -0.3865 1.7727 -0.1342
v -0.3865 1.7727 -0.3235
v -0.2386 1.7727 -0.4415
v -0.0540 1.7727 -0.3994
v 0.0281 1.6310 -0.2289
v -0.0540 1.6310 -0.0583
v -0.2386 1.6310 -0.0162
v -0.3865 1.6310 -0.1342
v -0.3865 1.6310 -0.3235
v -0.2386 1.6310 -0.4415
v -0.0540 1.6310 -0.3994
v -0.0552 1.5163 -0.2289
v -0.1060 1.5163 -0.1235
v -0.2200 1.5163 -0.0975
v -0.3115 1.5163 -0.1704
v -0.3115 1.5163 -0.2874
v -0.2200 1.5163 -0.3603
v -0.1060 1.5163 -0.3343
v -0.1900 1.4725 -0.2289
v -0.1900 1.4725 -0.2289
v -0.1900 1.4725 -0.2289
v -0.1900 1.4725 -0.2289
v -0.1900 1.4725 -0.2289
v -0.1900 1.4725 -0.2289
v -0.1900 1.4725 -0.2289
v -0.1490 2.9759 -0.0394
v -0.1490 2.9759 -0.0394
v -0.1490 2.9759 -0.0394
v -0.1490 2.9759 -0.0394
v -0.1490 2.9759 -0.0394
v -0.1490 2.9759 -0.0394
v -0.1490 2.9759 -0.0394
v -0.0252 2.9357 -0.0394
v -0.0718 2.9357 0.0574
v -0.1766 2.9357 0.0813
v -0.2605 2.9357 0.0143
v -0.2605 2.9357 -0.0931
v -0.1766 2.9357 -0.1601
v -0.0718 2.9357 -0.1362
v 0.0513 2.8304 -0.0394
v -0.0241 2.8304 0.1172
v -0.1936 2.8304 0.1559
v -0.3295 2.8304 0.0475
v -0.3295 2.8304 -0.1263
v -0.1936 2.8304 -0.2347
v -0.0241 2.8304 -0.1960
v 0.0513 2.7002 -0.0394
v -0.0241 2.7002 0.1172
v -0.1936 2.7002 0.1559
v -0.3295 2.7002 0.0475
v -0.3295 2.7002 -0.1263
v -0.1936 2.7002 -0.2347
v -0.0241 2.7002 -0.1960
v -0.0252 2.5949 -0.0394
v -0.0718 2.5949 0.0574
v -0.1766 2.5949 0.0813
v -0.2605 2.5949 0.0143
v -0.2605 2.5949 -0.0931
v -0.1766 2.5949 -0.1601
v -0.0718 2.5949 -0.1362
v -0.1490 2.5547 -0.0394
v -0.1490 2.5547 -0.0394
v -0.1490 2.5547 -0.0394
v -0.1490 2.5547 -0.0394
v -0.1490 2.5547 -0.0394
v -0.1490 2.5547 -0.0394
v -0.1490 2.5547 -0.0394
v 0.1002 2.9278 -0.2263
v 0.1002 2.9278 -0.2263
v 0.1002 2.9278 -0.2263
v 0.1002 2.9278 -0.2263
v 0.1002 2.9278 -0.2263
v 0.1002 2.9278 -0.2263
v 0.1002 2.9278 -0.2263
v 0.2180 2.8896 -0.2263
v 0.1736 2.8896 -0.1342
v 0.0740 2.8896 -0.1115
v -0.0059 2.8896 -0.1752
v -0.0059 2.8896 -0.2774
v 0.0740 2.8896 -0.3411
v 0.1736 2.8896 -0.3183
v 0.2907 2.7894 -0.2263
v 0.2190 2.7894 -0.0773
v 0.0578 2.7894 -0.0405
v -0.0715 2.7894 -0.1436
v -0.0715 2.7894 -0.3090
v 0.0578 2.7894 -0.4120
v 0.2190 2.7894 -0.3753
v 0.2907 2.6656 -0.2263
v 0.2190 2.6656 -0.0773
v 0.0578 2.6656 -0.0405
v -0.0715 2.6656 -0.1436
v -0.0715 2.6656 -0.3090
v 0.0578 2.6656 -0.4120
v 0.2190 2.6656 -0.3753
v 0.2180 2.5654 -0.2263
v 0.1736 2.5654 -0.1342
v 0.0740 2.5654 -0.1115
v -0.0059 2.5654 -0.1752
v -0.0059 2.5654 -0.2774
v 0.0740 2.5654 -0.3411
v 0.1736 2.5654 -0.3183
v 0.1002 2.5271 -0.2263
v 0.1002 2.5271 -0.2263
v 0.1002 2.5271 -0.2263
v 0.1002 2.5271 -0.2263
v 0.1002 2.5271 -0.2263
v 0.1002 2.5271 -0.2263
v 0.1002 2.5271 -0.2263
v -0.0749 1.8378 -0.0475
v -0.0749 1.8378 -0.0475
v -0.0749 1.8378 -0.0475
v -0.0749 1.8378 -0.0475
v -0.0749 1.8378 -0.0475
v -0.0749 1.8378 -0.0475
v -0.0749 1.8378 -0.0475
v 0.0535 1.7961 -0.0475
v 0.0052 1.7961 0.0529
v -0.1034 1.7961 0.0776
v -0.1905 1.7961 0.0082
v -0.1905 1.7961 -0.1032
v -0.1034 1.7961 -0.1727
v 0.0052 1.7961 -0.1479
v 0.1328 1.6869 -0.0475
v 0.0546 1.6869 0.1149
v -0.1211 1.6869 0.1550
v -0.2620 1.6869 0.0426
v -0.2620 1.6869 -0.1376
v -0.1211 1.6869 -0.2500
v 0.0546 1.6869 -0.2099
v 0.1328 1.5519 -0.0475
v 0.0546 1.5519 0.1149
v -0.1211 1.5519 0.1550
v -0.2620 1.5519 0.0426
v -0.2620 1.5519 -0.1376
v -0.1211 1.5519 -0.2500
v 0.0546 1.5519 -0.2099
v 0.0535 1.4427 -0.0475
v 0.0052 1.4427 0.0529
v -0.1034 1.4427 0.0776
v -0.1905 1.4427 0.0082
v -0.1905 1.4427 -0.1032
v -0.1034 1.4427 -0.1727
v 0.0052 1.4427 -0.1479
v -0.0749 1.4010 -0.0475
v -0.0749 1.4010 -0.0475
v -0.0749 1.4010 -0.0475
v -0.0749 1.4010 -0.0475
v -0.0749 1.4010 -0.0475
v -0.0749 1.4010 -0.0475
v -0.0749 1.4010 -0.0475
v -0.2325 2.1676 -0.4667
v -0.2325 2.1676 -0.4667
v -0.2325 2.1676 -0.4667
v -0.2325 2.1676 -0.4667
v -0.2325 2.1676 -0.4667
v -0.2325 2.1676 -0.4667
v -0.2325 2.1676 -0.4667
v -0.1255 2.1328 -0.4667
v -0.1658 2.1328 -0.3831
v -0.2563 2.1328 -0.3624
v -0.3289 2.1328 -0.4203
v -0.3289 2.1328 -0.5132
v -0.2563 2.1328 -0.5711
v -0.1658 2.1328 -0.5504
v -0.0593 2.0418 -0.4667
v -0.1245 2.0418 -0.3313
v -0.2710 2.0418 -0.2979
v -0.3885 2.0418 -0.3916
v -0.3885 2.0418 -0.5418
v -0.2710 2.0418 -0.6355
v -0.1245 2.0418 -0.6021
v -0.0593 1.9292 -0.4667
v -0.1245 1.9292 -0.3313
v -0.2710 1.9292 -0.2979
v -0.3885 1.9292 -0.3916
v -0.3885 1.9292 -0.5418
v -0.2710 1.9292 -0.6355
v -0.1245 1.9292 -0.6021
v -0.1255 1.8382 -0.4667
v -0.1658 1.8382 -0.3831
v -0.2563 1.8382 -0.3624
v -0.3289 1.8382 -0.4203
v -0.3289 1.8382 -0.5132
v -0.2563 1.8382 -0.5711
v -0.1658 1.8382 -0.5504
v -0.2325 1.8034 -0.4667
v -0.2325 1.8034 -0.4667
v -0.2325 1.8034 -0.4667
v -0.2325 1.8034 -0.4667
v -0.2325 1.8034 -0.4667
v -0.2325 1.8034 -0.4667
v -0.2325 1.8034 -0.4667
v -0.1350 1.8584 -0.2194
v -0.1350 1.8584 -0.2194
v -0.1350 1.8584 -0.2194
v -0.1350 1.8584 -0.2194
v -0.1350 1.8584 -0.2194
v -0.1350 1.8584 -0.2194
v -0.1350 1.8584 -0.2194
v -0.0289 1.8240 -0.2194
v -0.0688 1.8240 -0.1364
v -0.1586 1.8240 -0.1159
v -0.2306 1.8240 -0.1734
v -0.2306 1.8240 -0.2654
v -0.1586 1.8240 -0.3228
v -0.0688 1.8240 -0.3024
v 0.0367 1.7337 -0.2194
v -0.0279 1.7337 -0.0852
v -0.1732 1.7337 -0.0520
v -0.2897 1.7337 -0.1449
v -0.2897 1.7337 -0.2939
v -0.1732 1.7337 -0.3868
v -0.0279 1.7337 -0.3536
v 0.0367 1.6221 -0.2194
v -0.0279 1.6221 -0.0852
v -0.1732 1.6221 -0.0520
v -0.2897 1.6221 -0.1449
v -0.2897 1.6221 -0.2939
v -0.1732 1.6221 -0.3868
v -0.0279 1.6221 -0.3536
v -0.0289 1.5318 -0.2194
v -0.0688 1.5318 -0.1364
v -0.1586 1.5318 -0.1159
v -0.2306 1.5318 -0.1734
v -0.2306 1.5318 -0.2654
v -0.1586 1.5318 -0.3228
v -0.0688 1.5318 -0.3024
v -0.1350 1.4974 -0.2194
v -0.1350 1.4974 -0.2194
v -0.1350 1.4974 -0.2194
v -0.1350 1.4974 -0.2194
v -0.1350 1.4974 -0.2194
v -0.1350 1.4974 -0.2194
v -0.1350 1.4974 -0.2194
v 0.2827 1.9461 -0.1019
v 0.2827 1.9461 -0.1019
v 0.2827 1.9461 -0.1019
v 0.2827 1.9461 -0.1019
v 0.2827 1.9461 -0.1019
v 0.2827 1.9461 -0.1019
v 0.2827 1.9461 -0.1019
v 0.4251 1.8998 -0.1019
v 0.3715 1.8998 0.0095
v 0.2510 1.8998 0.0370
v 0.1544 1.8998 -0.0401
v 0.1544 1.8998 -0.1637
v 0.2510 1.8998 -0.2407
v 0.3715 1.8998 -0.2132
v 0.5131 1.7787 -0.1019
v 0.4264 1.7787 0.0783
v 0.2314 1.7787 0.1228
v 0.0750 1.7787 -0.0019
v 0.0750 1.7787 -0.2019
v 0.2314 1.7787 -0.3266
v 0.4264 1.7787 -0.2821
v 0.5131 1.6289 -0.1019
v 0.4264 1.6289 0.0783
v 0.2314 1.6289 0.1228
v 0.0750 1.6289 -0.0019
v 0.0750 1.6289 -0.2019
v 0.2314 1.6289 -0.3266
v 0.4264 1.6289 -0.2821
v 0.4251 1.5078 -0.1019
v 0.3715 1.5078 0.0095
v 0.2510 1.5078 0.0370
v 0.1544 1.5078 -0.0401
v 0.1544 1.5078 -0.1637
v 0.2510 1.5078 -0.2407
v 0.3715 1.5078 -0.2132
v 0.2827 1.4615 -0.1019
v 0.2827 1.4615 -0.1019
v 0.2827 1.4615 -0.1019
v 0.2827 1.4615 -0.1019
v 0.2827 1.4615 -0.1019
v 0.2827 1.4615 -0.1019
v 0.2827 1.4615 -0.1019
v 0.2787 2.9039 -0.1356
v 0.2787 2.9039 -0.1356
v 0.2787 2.9039 -0.1356
v 0.2787 2.9039 -0.1356
v 0.2787 2.9039 -0.1356
v 0.2787 2.9039 -0.1356
v 0.2787 2.9039 -0.1356
v 0.4046 2.8630 -0.1356
v 0.3572 2.8630 -0.0372
v 0.2507 2.8630 -0.0129
v 0.1652 2.8630 -0.0810
v 0.1652 2.8630 -0.1903
v 0.2507 2.8630 -0.2584
v 0.3572 2.8630 -0.2341
v 0.4824 2.7559 -0.1356
v 0.4057 2.7559 0.0236
v 0.2333 2.7559 0.0630
v 0.0951 2.7559 -0.0473
v 0.0951 2.7559 -0.2240
v 0.2333 2.7559 -0.3342
v 0.4057 2.7559 -0.2949
v 0.4824 2.6235 -0.1356
v 0.4057 2.6235 0.0236
v 0.2333 2.6235 0.0630
v 0.0951 2.6235 -0.0473
v 0.0951 2.6235 -0.2240
v 0.2333 2.6235 -0.3342
v 0.4057 2.6235 -0.2949
v 0.4046 2.5165 -0.1356
v 0.3572 2.5165 -0.0372
v 0.2507 2.5165 -0.0129
v 0.1652 2.5165 -0.0810
v 0.1652 2.5165 -0.1903
v 0.2507 2.5165 -0.2584
v 0.3572 2.5165 -0.2341
v 0.2787 2.4755 -0.1356
v 0.2787 2.4755 -0.1356
v 0.2787 2.4755 -0.1356
v 0.2787 2.4755 -0.1356
v 0.2787 2.4755 -0.1356
v 0.2787 2.4755 -0.1356
v 0.2787 2.4755 -0.1356
v 0.2185 2.9225 -0.1949
v 0.2185 2.9225 -0.1949
v 0.2185 2.9225 -0.1949
v 0.2185 2.9225 -0.1949
v 0.2185 2.9225 -0.1949
v 0.2185 2.9225 -0.1949
v 0.2185 2.9225 -0.1949
v 0.3486 2.8803 -0.1949
v 0.2996 2.8803 -0.0932
v 0.1895 2.8803 -0.0681
v 0.1013 2.8803 -0.1385
v 0.1013 2.8803 -0.2514
v 0.1895 2.8803 -0.3218
v 0.2996 2.8803 -0.2966
v 0.4290 2.7696 -0.1949
v 0.3497 2.7696 -0.0304
v 0.1716 2.7696 0.0103
v 0.0288 2.7696 -0.1036
v 0.0288 2.7696 -0.2863
v 0.1716 2.7696 -0.4001
v 0.3497 2.7696 -0.3595
v 0.4290 2.6328 -0.1949
v 0.3497 2.6328 -0.0304
v 0.1716 2.6328 0.0103
v 0.0288 2.6328 -0.1036
v 0.0288 2.6328 -0.2863
v 0.1716 2.6328 -0.4001
v 0.3497 2.6328 -0.3595
v 0.3486 2.5222 -0.1949
v 0.2996 2.5222 -0.0932
v 0.1895 2.5222 -0.0681
v 0.1013 2.5222 -0.1385
v 0.1013 2.5222 -0.2514
v 0.1895 2.5222 -0.3218
v 0.2996 2.5222 -0.2966
v 0.2185 2.4799 -0.1949
v 0.2185 2.4799 -0.1949
v 0.2185 2.4799 -0.1949
v 0.2185 2.4799 -0.1949
v 0.2185 2.4799 -0.1949
v 0.2185 2.4799 -0.1949
v 0.2185 2.4799 -0.1949
v 0.0462 2.9915 -0.0455
v 0.0462 2.9915 -0.0455
v 0.0462 2.9915 -0.0455
v 0.0462 2.9915 -0.0455
v 0.0462 2.9915 -0.0455
v 0.0462 2.9915 -0.0455
v 0.0462 2.9915 -0.0455
v 0.1681 2.9519 -0.0455
v 0.1222 2.9519 0.0499
v 0.0190 2.9519 0.0734
v -0.0637 2.9519 0.0074
v -0.0637 2.9519 -0.0984
v 0.0190 2.9519 -0.1643
v 0.1222 2.9519 -0.1408
v 0.2434 2.8481 -0.0455
v 0.1692 2.8481 0.1088
v 0.0023 2.8481 0.1469
v -0.1316 2.8481 0.0401
v -0.1316 2.8481 -0.1311
v 0.0023 2.8481 -0.2378
v 0.1692 2.8481 -0.1997
v 0.2434 2.7200 -0.0455
v 0.1692 2.7200 0.1088
v 0.0023 2.7200 0.1469
v -0.1316 2.7200 0.0401
v -0.1316 2.7200 -0.1311
v 0.0023 2.7200 -0.2378
v 0.1692 2.7200 -0.1997
v 0.1681 2.6162 -0.0455
v 0.1222 2.6162 0.0499
v 0.0190 2.6162 0.0734
v -0.0637 2.6162 0.0074
v -0.0637 2.6162 -0.0984
v 0.0190 2.6162 -0.1643
v 0.1222 2.6162 -0.1408
v 0.0462 2.5766 -0.0455
v 0.0462 2.5766 -0.0455
v 0.0462 2.5766 -0.0455
v 0.0462 2.5766 -0.0455
v 0.0462 2.5766 -0.0455
v 0.0462 2.5766 -0.0455
v 0.0462 2.5766 -0.0455
v 0.2005 2.9699 -0.0420
v 0.2005 2.9699 -0.0420
v 0.2005 2.9699 -0.0420
v 0.2005 2.9699 -0.0420
v 0.2005 2.9699 -0.0420
v 0.2005 2.9699 -0.0420
v 0.2005 2.9699 -0.0420
v 0.3314 2.9274 -0.0420
v 0.2821 2.9274 0.0603
v 0.1714 2.9274 0.0856
v 0.0826 2.9274 0.0148
v 0.0826 2.9274 -0.0988
v 0.1714 2.9274 -0.1696
v 0.2821 2.9274 -0.1443
v 0.4122 2.8160 -0.0420
v 0.3325 2.8160 0.1235
v 0.1534 2.8160 0.1644
v 0.0097 2.8160 0.0499
v 0.0097 2.8160 -0.1338
v 0.1534 2.8160 -0.2484
v 0.3325 2.8160 -0.2075
v 0.4122 2.6785 -0.0420
v 0.3325 2.6785 0.1235
v 0.1534 2.6785 0.1644
v 0.0097 2.6785 0.0499
v 0.0097 2.6785 -0.1338
v 0.1534 2.6785 -0.2484
v 0.3325 2.6785 -0.2075
v 0.3314 2.5671 -0.0420
v 0.2821 2.5671 0.0603
v 0.1714 2.5671 0.0856
v 0.0826 2.5671 0.0148
v 0.0826 2.5671 -0.0988
v 0.1714 2.5671 -0.1696
v 0.2821 2.5671 -0.1443
v 0.2005 2.5246 -0.0420
v 0.2005 2.5246 -0.0420
v 0.2005 2.5246 -0.0420
v 0.2005 2.5246 -0.0420
v 0.2005 2.5246 -0.0420
v 0.2005 2.5246 -0.0420
v 0.2005 2.5246 -0.0420
v -0.5343 2.5943 -0.0803
v -0.5343 2.5943 -0.0803
v -0.5343 2.5943 -0.0803
v -0.5343 2.5943 -0.0803
v -0.5343 2.5943 -0.0803
v -0.5343 2.5943 -0.0803
v -0.5343 2.5943 -0.0803
v -0.3934 2.5485 -0.0803
v -0.4464 2.5485 0.0299
v -0.5657 2.5485 0.0571
v -0.6613 2.5485 -0.0191
v -0.6613 2.5485 -0.1415
v -0.5657 2.5485 -0.2177
v -0.4464 2.5485 -0.1905
v -0.3062 2.4286 -0.0803
v -0.3921 2.4286 0.0980
v -0.5851 2.4286 0.1421
v -0.7398 2.4286 0.0187
v -0.7398 2.4286 -0.1793
v -0.5851 2.4286 -0.3027
v -0.3921 2.4286 -0.2586
v -0.3062 2.2804 -0.0803
v -0.3921 2.2804 0.0980
v -0.5851 2.2804 0.1421
v -0.7398 2.2804 0.0187
v -0.7398 2.2804 -0.1793
v -0.5851 2.2804 -0.3027
v -0.3921 2.2804 -0.2586
v -0.3934 2.1605 -0.0803
v -0.4464 2.1605 0.0299
v -0.5657 2.1605 0.0571
v -0.6613 2.1605 -0.0191
v -0.6613 2.1605 -0.1415
v -0.5657 2.1605 -0.2177
v -0.4464 2.1605 -0.1905
v -0.5343 2.1147 -0.0803
v -0.5343 2.1147 -0.0803
v -0.5343 2.1147 -0.0803
v -0.5343 2.1147 -0.0803
v -0.5343 2.1147 -0.0803
v -0.5343 2.1147 -0.0803
v -0.5343 2.1147 -0.0803
v -0.4094 2.7178 -0.2609
v -0.4094 2.7178 -0.2609
v -0.4094 2.7178 -0.2609
v -0.4094 2.7178 -0.2609
v -0.4094 2.7178 -0.2609
v -0.4094 2.7178 -0.2609
v -0.4094 2.7178 -0.2609
v -0.2773 2.6749 -0.2609
v -0.3271 2.6749 -0.1576
v -0.4388 2.6749 -0.1321
v -0.5284 2.6749 -0.2036
v -0.5284 2.6749 -0.3182
v -0.4388 2.6749 -0.3896
v -0.3271 2.6749 -0.3641
v -0.1957 2.5626 -0.2609
v -0.2762 2.5626 -0.0938
v -0.4570 2.5626 -0.0525
v -0.6019 2.5626 -0.1682
v -0.6019 2.5626 -0.3536
v -0.4570 2.5626 -0.4692
v -0.2762 2.5626 -0.4279
v -0.1957 2.4237 -0.2609
v -0.2762 2.4237 -0.0938
v -0.4570 2.4237 -0.0525
v -0.6019 2.4237 -0.1682
v -0.6019 2.4237 -0.3536
v -0.4570 2.4237 -0.4692
v -0.2762 2.4237 -0.4279
v -0.2773 2.3113 -0.2609
v -0.3271 2.3113 -0.1576
v -0.4388 2.3113 -0.1321
v -0.5284 2.3113 -0.2036
v -0.5284 2.3113 -0.3182
v -0.4388 2.3113 -0.3896
v -0.3271 2.3113 -0.3641
v -0.4094 2.2684 -0.2609
v -0.4094 2.2684 -0.2609
v -0.4094 2.2684 -0.2609
v -0.4094 2.2684 -0.2609
v -0.4094 2.2684 -0.2609
v -0.4094 2.2684 -0.2609
v -0.4094 2.2684 -0.2609
v -0.4911 2.7068 -0.0592
v -0.4911 2.7068 -0.0592
v -0.4911 2.7068 -0.0592
v -0.4911 2.7068 -0.0592
v -0.4911 2.7068 -0.0592
v -0.4911 2.7068 -0.0592
v -0.4911 2.7068 -0.0592
v -0.3552 2.6626 -0.0592
v -0.4064 2.6626 0.0470
v -0.5214 2.6626 0.0733
v -0.6136 2.6626 -0.0003
v -0.6136 2.6626 -0.1182
v -0.5214 2.6626 -0.1917
v -0.4064 2.6626 -0.1655
v -0.2712 2.5470 -0.0592
v -0.3540 2.5470 0.1127
v -0.5401 2.5470 0.1552
v -0.6893 2.5470 0.0362
v -0.6893 2.5470 -0.1546
v -0.5401 2.5470 -0.2736
v -0.3540 2.5470 -0.2311
v -0.2712 2.4041 -0.0592
v -0.3540 2.4041 0.1127
v -0.5401 2.4041 0.1552
v -0.6893 2.4041 0.0362
v -0.6893 2.4041 -0.1546
v -0.5401 2.4041 -0.2736
v -0.3540 2.4041 -0.2311
v -0.3552 2.2885 -0.0592
v -0.4064 2.2885 0.0470
v -0.5214 2.2885 0.0733
v -0.6136 2.2885 -0.0003
v -0.6136 2.2885 -0.1182
v -0.5214 2.2885 -0.1917
v -0.4064 2.2885 -0.1655
v -0.4911 2.2443 -0.0592
v -0.4911 2.2443 -0.0592
v -0.4911 2.2443 -0.0592
v -0.4911 2.2443 -0.0592
v -0.4911 2.2443 -0.0592
v -0.4911 2.2443 -0.0592
v -0.4911 2.2443 -0.0592
v 0.1639 1.8680 0.0053
v 0.1639 1.8680 0.0053
v 0.1639 1.8680 0.0053
v 0.1639 1.8680 0.0053
v 0.1639 1.8680 0.0053
v 0.1639 1.8680 0.0053
v 0.1639 1.8680 0.0053
v 0.2992 1.8240 0.0053
v 0.2483 1.8240 0.1111
v 0.1338 1.8240 0.1373
v 0.0419 1.8240 0.0641
v 0.0419 1.8240 -0.0534
v 0.1338 1.8240 -0.1266
v 0.2483 1.8240 -0.1005
v 0.3828 1.7089 0.0053
v 0.3004 1.7089 0.1765
v 0.1151 1.7089 0.2188
v -0.0334 1.7089 0.1003
v -0.0334 1.7089 -0.0897
v 0.1151 1.7089 -0.2081
v 0.3004 1.7089 -0.1659
v 0.3828 1.5666 0.0053
v 0.3004 1.5666 0.1765
v 0.1151 1.5666 0.2188
v -0.0334 1.5666 0.1003
v -0.0334 1.5666 -0.0897
v 0.1151 1.5666 -0.2081
v 0.3004 1.5666 -0.1659
v 0.2992 1.4515 0.0053
v 0.2483 1.4515 0.1111
v 0.1338 1.4515 0.1373
v 0.0419 1.4515 0.0641
v 0.0419 1.4515 -0.0534
v 0.1338 1.4515 -0.1266
v 0.2483 1.4515 -0.1005
v 0.1639 1.4075 0.0053
v 0.1639 1.4075 0.0053
v 0.1639 1.4075 0.0053
v 0.1639 1.4075 0.0053
v 0.1639 1.4075 0.0053
v 0.1639 1.4075 0.0053
v 0.1639 1.4075 0.0053
v 0.2136 2.5417 -0.4915
v 0.2136 2.5417 -0.4915
v 0.2136 2.5417 -0.4915
v 0.2136 2.5417 -0.4915
v 0.2136 2.5417 -0.4915
v 0.2136 2.5417 -0.4915
v 0.2136 2.5417 -0.4915
v 0.3142 2.5090 -0.4915
v 0.2764 2.5090 -0.4129
v 0.1913 2.5090 -0.3934
v 0.1230 2.5090 -0.4479
v 0.1230 2.5090 -0.5352
v 0.1913 2.5090 -0.5896
v 0.2764 2.5090 -0.5702
v 0.3764 2.4234 -0.4915
v 0.3151 2.4234 -0.3643
v 0.1774 2.4234 -0.3328
v 0.0670 2.4234 -0.4209
v 0.0670 2.4234 -0.5621
v 0.1774 2.4234 -0.6502
v 0.3151 2.4234 -0.6188
v 0.3764 2.3176 -0.4915
v 0.3151 2.3176 -0.3643
v 0.1774 2.3176 -0.3328
v 0.0670 2.3176 -0.4209
v 0.0670 2.3176 -0.5621
v 0.1774 2.3176 -0.6502
v 0.3151 2.3176 -0.6188
v 0.3142 2.2321 -0.4915
v 0.2764 2.2321 -0.4129
v 0.1913 2.2321 -0.3934
v 0.1230 2.2321 -0.4479
v 0.1230 2.2321 -0.5352
v 0.1913 2.2321 -0.5896
v 0.2764 2.2321 -0.5702
v 0.2136 2.1994 -0.4915
v 0.2136 2.1994 -0.4915
v 0.2136 2.1994 -0.4915
v 0.2136 2.1994 -0.4915
v 0.2136 2.1994 -0.4915
v 0.2136 2.1994 -0.4915
v 0.2136 2.1994 -0.4915
v 0.1408 2.2125 -0.5080
v 0.1408 2.2125 -0.5080
v 0.1408 2.2125 -0.5080
v 0.1408 2.2125 -0.5080
v 0.1408 2.2125 -0.5080
v 0.1408 2.2125 -0.5080
v 0.1408 2.2125 -0.5080
v 0.2648 2.1722 -0.5080
v 0.2181 2.1722 -0.4110
v 0.1132 2.1722 -0.3870
v 0.0290 2.1722 -0.4542
v 0.0290 2.1722 -0.5618
v 0.1132 2.1722 -0.6289
v 0.2181 2.1722 -0.6050
v 0.3415 2.0667 -0.5080
v 0.2659 2.0667 -0.3511
v 0.0961 2.0667 -0.3123
v -0.0401 2.0667 -0.4209
v -0.0401 2.0667 -0.5951
v 0.0961 2.0667 -0.7037
v 0.2659 2.0667 -0.6649
v 0.3415 1.9363 -0.5080
v 0.2659 1.9363 -0.3511
v 0.0961 1.9363 -0.3123
v -0.0401 1.9363 -0.4209
v -0.0401 1.9363 -0.5951
v 0.0961 1.9363 -0.7037
v 0.2659 1.9363 -0.6649
v 0.2648 1.8308 -0.5080
v 0.2181 1.8308 -0.4110
v 0.1132 1.8308 -0.3870
v 0.0290 1.8308 -0.4542
v 0.0290 1.8308 -0.5618
v 0.1132 1.8308 -0.6289
v 0.2181 1.8308 -0.6050
v 0.1408 1.7905 -0.5080
v 0.1408 1.7905 -0.5080
v 0.1408 1.7905 -0.5080
v 0.1408 1.7905 -0.5080
v 0.1408 1.7905 -0.5080
v 0.1408 1.7905 -0.5080
v 0.1408 1.7905 -0.5080
v -0.2078 2.8680 0.2414
v -0.2078 2.8680 0.2414
v -0.2078 2.8680 0.2414
v -0.2078 2.8680 0.2414
v -0.2078 2.8680 0.2414
v -0.2078 2.8680 0.2414
v -0.2078 2.8680 0.2414
v -0.0994 2.8328 0.2414
v -0.1402 2.8328 0.3261
v -0.2319 2.8328 0.3470
v -0.3054 2.8328 0.2884
v -0.3054 2.8328 0.1943
v -0.2319 2.8328 0.1357
v -0.1402 2.8328 0.1566
v -0.0325 2.7406 0.2414
v -0.0985 2.7406 0.3784
v -0.2468 2.7406 0.4123
v -0.3658 2.7406 0.3174
v -0.3658 2.7406 0.1653
v -0.2468 2.7406 0.0704
v -0.0985 2.7406 0.1043
v -0.0325 2.6267 0.2414
v -0.0985 2.6267 0.3784
v -0.2468 2.6267 0.4123
v -0.3658 2.6267 0.3174
v -0.3658 2.6267 0.1653
v -0.2468 2.6267 0.0704
v -0.0985 2.6267 0.1043
v -0.0994 2.5345 0.2414
v -0.1402 2.5345 0.3261
v -0.2319 2.5345 0.3470
v -0.3054 2.5345 0.2884
v -0.3054 2.5345 0.1943
v -0.2319 2.5345 0.1357
v -0.1402 2.5345 0.1566
v -0.2078 2.4993 0.2414
v -0.2078 2.4993 0.2414
v -0.2078 2.4993 0.2414
v -0.2078 2.4993 0.2414
v -0.2078 2.4993 0.2414
v -0.2078 2.4993 0.2414
v -0.2078 2.4993 0.2414
v 0.4614 2.7061 -0.1559
v 0.4614 2.7061 -0.1559
v 0.4614 2.7061 -0.1559
v 0.4614 2.7061 -0.1559
v 0.4614 2.7061 -0.1559
v 0.4614 2.7061 -0.1559
v 0.4614 2.7061 -0.1559
v 0.5883 2.6649 -0.1559
v 0.5405 2.6649 -0.0567
v 0.4331 2.6649 -0.0322
v 0.3471 2.6649 -0.1009
v 0.3471 2.6649 -0.2110
v 0.4331 2.6649 -0.2796
v 0.5405 2.6649 -0.2551
v 0.6667 2.5569 -0.1559
v 0.5894 2.5569 0.0046
v 0.4157 2.5569 0.0442
v 0.2764 2.5569 -0.0669
v 0.2764 2.5569 -0.2450
v 0.4157 2.5569 -0.3561
v 0.5894 2.5569 -0.3165
v 0.6667 2.4235 -0.1559
v 0.5894 2.4235 0.0046
v 0.4157 2.4235 0.0442
v 0.2764 2.4235 -0.0669
v 0.2764 2.4235 -0.2450
v 0.4157 2.4235 -0.3561
v 0.5894 2.4235 -0.3165
v 0.5883 2.3156 -0.1559
v 0.5405 2.3156 -0.0567
v 0.4331 2.3156 -0.0322
v 0.3471 2.3156 -0.1009
v 0.3471 2.3156 -0.2110
v 0.4331 2.3156 -0.2796
v 0.5405 2.3156 -0.2551
v 0.4614 2.2744 -0.1559
v 0.4614 2.2744 -0.1559
v 0.4614 2.2744 -0.1559
v 0.4614 2.2744 -0.1559
v 0.4614 2.2744 -0.1559
v 0.4614 2.2744 -0.1559
v 0.4614 2.2744 -0.1559
v -0.0855 1.8307 -0.0084
v -0.0855 1.8307 -0.0084
v -0.0855 1.8307 -0.0084
v -0.0855 1.8307 -0.0084
v -0.0855 1.8307 -0.0084
v -0.0855 1.8307 -0.0084
v -0.0855 1.8307 -0.0084
v 0.0389 1.7902 -0.0084
v -0.0079 1.7902 0.0889
v -0.1132 1.7902 0.1129
v -0.1976 1.7902 0.0456
v -0.1976 1.7902 -0.0624
v -0.1132 1.7902 -0.1297
v -0.0079 1.7902 -0.1056
v 0.1158 1.6844 -0.0084
v 0.0400 1.6844 0.1490
v -0.1303 1.6844 0.1879
v -0.2669 1.6844 0.0790
v -0.2669 1.6844 -0.0957
v -0.1303 1.6844 -0.2046
v 0.0400 1.6844 -0.1658
v 0.1158 1.5535 -0.0084
v 0.0400 1.5535 0.1490
v -0.1303 1.5535 0.1879
v -0.2669 1.5535 0.0790
v -0.2669 1.5535 -0.0957
v -0.1303 1.5535 -0.2046
v 0.0400 1.5535 -0.1658
v 0.0389 1.4477 -0.0084
v -0.0079 1.4477 0.0889
v -0.1132 1.4477 0.1129
v -0.1976 1.4477 0.0456
v -0.1976 1.4477 -0.0624
v -0.1132 1.4477 -0.1297
v -0.0079 1.4477 -0.1056
v -0.0855 1.4073 -0.0084
v -0.0855 1.4073 -0.0084
v -0.0855 1.4073 -0.0084
v -0.0855 1.4073 -0.0084
v -0.0855 1.4073 -0.0084
v -0.0855 1.4073 -0.0084
v -0.0855 1.4073 -0.0084
v -0.0101 1.8771 -0.2227
v -0.0101 1.8771 -0.2227
v -0.0101 1.8771 -0.2227
v -0.0101 1.8771 -0.2227
v -0.0101 1.8771 -0.2227
v -0.0101 1.8771 -0.2227
v -0.0101 1.8771 -0.2227
v 0.1171 1.8357 -0.2227
v 0.0692 1.8357 -0.1233
v -0.0384 1.8357 -0.0987
v -0.1248 1.8357 -0.1675
v -0.1248 1.8357 -0.2779
v -0.0384 1.8357 -0.3468
v 0.0692 1.8357 -0.3222
v 0.1957 1.7275 -0.2227
v 0.1182 1.7275 -0.0618
v -0.0559 1.7275 -0.0220
v -0.1956 1.7275 -0.1334
v -0.1956 1.7275 -0.3121
v -0.0559 1.7275 -0.4234
v 0.1182 1.7275 -0.3837
v 0.1957 1.5937 -0.2227
v 0.1182 1.5937 -0.0618
v -0.0559 1.5937 -0.0220
v -0.1956 1.5937 -0.1334
v -0.1956 1.5937 -0.3121
v -0.0559 1.5937 -0.4234
v 0.1182 1.5937 -0.3837
v 0.1171 1.4855 -0.2227
v 0.0692 1.4855 -0.1233
v -0.0384 1.4855 -0.0987
v -0.1248 1.4855 -0.1675
v -0.1248 1.4855 -0.2779
v -0.0384 1.4855 -0.3468
v 0.0692 1.4855 -0.3222
v -0.0101 1.4442 -0.2227
v -0.0101 1.4442 -0.2227
v -0.0101 1.4442 -0.2227
v -0.0101 1.4442 -0.2227
v -0.0101 1.4442 -0.2227
v -0.0101 1.4442 -0.2227
v -0.0101 1.4442 -0.2227
v 0.3891 2.5601 -0.3738
v 0.3891 2.5601 -0.3738
v 0.3891 2.5601 -0.3738
v 0.3891 2.5601 -0.3738
v 0.3891 2.5601 -0.3738
v 0.3891 2.5601 -0.3738
v 0.3891 2.5601 -0.3738
v 0.5084 2.5214 -0.3738
v 0.4635 2.5214 -0.2806
v 0.3626 2.5214 -0.2576
v 0.2817 2.5214 -0.3221
v 0.2817 2.5214 -0.4256
v 0.3626 2.5214 -0.4901
v 0.4635 2.5214 -0.4671
v 0.5821 2.4199 -0.3738
v 0.5095 2.4199 -0.2230
v 0.3462 2.4199 -0.1857
v 0.2152 2.4199 -0.2901
v 0.2152 2.4199 -0.4576
v 0.3462 2.4199 -0.5620
v 0.5095 2.4199 -0.5247
v 0.5821 2.2945 -0.3738
v 0.5095 2.2945 -0.2230
v 0.3462 2.2945 -0.1857
v 0.2152 2.2945 -0.2901
v 0.2152 2.2945 -0.4576
v 0.3462 2.2945 -0.5620
v 0.5095 2.2945 -0.5247
v 0.5084 2.1930 -0.3738
v 0.4635 2.1930 -0.2806
v 0.3626 2.1930 -0.2576
v 0.2817 2.1930 -0.3221
v 0.2817 2.1930 -0.4256
v 0.3626 2.1930 -0.4901
v 0.4635 2.1930 -0.4671
v 0.3891 2.1543 -0.3738
v 0.3891 2.1543 -0.3738
v 0.3891 2.1543 -0.3738
v 0.3891 2.1543 -0.3738
v 0.3891 2.1543 -0.3738
v 0.3891 2.1543 -0.3738
v 0.3891 2.1543 -0.3738
v -0.5371 2.5975 -0.0662
v -0.5371 2.5975 -0.0662
v -0.5371 2.5975 -0.0662
v -0.5371 2.5975 -0.0662
v -0.5371 2.5975 -0.0662
v -0.5371 2.5975 -0.0662
v -0.5371 2.5975 -0.0662
v -0.3924 2.5505 -0.0662
v -0.4469 2.5505 0.0469
v -0.5692 2.5505 0.0748
v -0.6674 2.5505 -0.0034
v -0.6674 2.5505 -0.1289
v -0.5692 2.5505 -0.2072
v -0.4469 2.5505 -0.1793
v -0.3030 2.4275 -0.0662
v -0.3911 2.4275 0.1168
v -0.5891 2.4275 0.1620
v -0.7479 2.4275 0.0354
v -0.7479 2.4275 -0.1677
v -0.5891 2.4275 -0.2943
v -0.3911 2.4275 -0.2492
v -0.3030 2.2754 -0.0662
v -0.3911 2.2754 0.1168
v -0.5891 2.2754 0.1620
v -0.7479 2.2754 0.0354
v -0.7479 2.2754 -0.1677
v -0.5891 2.2754 -0.2943
v -0.3911 2.2754 -0.2492
v -0.3924 2.1523 -0.0662
v -0.4469 2.1523 0.0469
v -0.5692 2.1523 0.0748
v -0.6674 2.1523 -0.0034
v -0.6674 2.1523 -0.1289
v -0.5692 2.1523 -0.2072
v -0.4469 2.1523 -0.1793
v -0.5371 2.1053 -0.0662
v -0.5371 2.1053 -0.0662
v -0.5371 2.1053 -0.0662
v -0.5371 2.1053 -0.0662
v -0.5371 2.1053 -0.0662
v -0.5371 2.1053 -0.0662
v -0.5371 2.1053 -0.0662
v 0.1337 2.8483 -0.3640
v 0.1337 2.8483 -0.3640
v 0.1337 2.8483 -0.3640
v 0.1337 2.8483 -0.3640
v 0.1337 2.8483 -0.3640
v 0.1337 2.8483 -0.3640
v 0.1337 2.8483 -0.3640
v 0.2655 2.8055 -0.3640
v 0.2159 2.8055 -0.2610
v 0.1044 2.8055 -0.2356
v 0.0150 2.8055 -0.3068
v 0.0150 2.8055 -0.4211
v 0.1044 2.8055 -0.4924
v 0.2159 2.8055 -0.4670
v 0.3469 2.6935 -0.3640
v 0.2666 2.6935 -0.1973
v 0.0863 2.6935 -0.1562
v -0.0583 2.6935 -0.2715
v -0.0583 2.6935 -0.4565
v 0.0863 2.6935 -0.5718
v 0.2666 2.6935 -0.5306
v 0.3469 2.5550 -0.3640
v 0.2666 2.5550 -0.1973
v 0.0863 2.5550 -0.1562
v -0.0583 2.5550 -0.2715
v -0.0583 2.5550 -0.4565
v 0.0863 2.5550 -0.5718
v 0.2666 2.5550 -0.5306
v 0.2655 2.4429 -0.3640
v 0.2159 2.4429 -0.2610
v 0.1044 2.4429 -0.2356
v 0.0150 2.4429 -0.3068
v 0.0150 2.4429 -0.4211
v 0.1044 2.4429 -0.4924
v 0.2159 2.4429 -0.4670
v 0.1337 2.4001 -0.3640
v 0.1337 2.4001 -0.3640
v 0.1337 2.4001 -0.3640
v 0.1337 2.4001 -0.3640
v 0.1337 2.4001 -0.3640
v 0.1337 2.4001 -0.3640
v 0.1337 2.4001 -0.3640
v -0.3140 2.1088 -0.3328
v -0.3140 2.1088 -0.3328
v -0.3140 2.1088 -0.3328
v -0.3140 2.1088 -0.3328
v -0.3140 2.1088 -0.3328
v -0.3140 2.1088 -0.3328
v -0.3140 2.1088 -0.3328
v -0.1684 2.0614 -0.3328
v -0.2232 2.0614 -0.2190
v -0.3464 2.0614 -0.1909
v -0.4452 2.0614 -0.2696
v -0.4452 2.0614 -0.3960
v -0.3464 2.0614 -0.4748
v -0.2232 2.0614 -0.4467
v -0.0784 1.9376 -0.3328
v -0.1671 1.9376 -0.1486
v -0.3665 1.9376 -0.1031
v -0.5263 1.9376 -0.2306
v -0.5263 1.9376 -0.4350
v -0.3665 1.9376 -0.5625
v -0.1671 1.9376 -0.5170
v -0.0784 1.7845 -0.3328
v -0.1671 1.7845 -0.1486
v -0.3665 1.7845 -0.1031
v -0.5263 1.7845 -0.2306
v -0.5263 1.7845 -0.4350
v -0.3665 1.7845 -0.5625
v -0.1671 1.7845 -0.5170
v -0.1684 1.6606 -0.3328
v -0.2232 1.6606 -0.2190
v -0.3464 1.6606 -0.1909
v -0.4452 1.6606 -0.2696
v -0.4452 1.6606 -0.3960
v -0.3464 1.6606 -0.4748
v -0.2232 1.6606 -0.4467
v -0.3140 1.6133 -0.3328
v -0.3140 1.6133 -0.3328
v -0.3140 1.6133 -0.3328
v -0.3140 1.6133 -0.3328
v -0.3140 1.6133 -0.3328
v -0.3140 1.6133 -0.3328
v -0.3140 1.6133 -0.3328
v 0.3083 2.8662 0.1017
v 0.3083 2.8662 0.1017
v 0.3083 2.8662 0.1017
v 0.3083 2.8662 0.1017
v 0.3083 2.8662 0.1017
v 0.3083 2.8662 0.1017
v 0.3083 2.8662 0.1017
v 0.4182 2.8304 0.1017
v 0.3768 2.8304 0.1876
v 0.2838 2.8304 0.2089
v 0.2092 2.8304 0.1494
v 0.2092 2.8304 0.0540
v 0.2838 2.8304 -0.0055
v 0.3768 2.8304 0.0157
v 0.4862 2.7369 0.1017
v 0.4192 2.7369 0.2408
v 0.2687 2.7369 0.2751
v 0.1480 2.7369 0.1789
v 0.1480 2.7369 0.0245
v 0.2687 2.7369 -0.0717
v 0.4192 2.7369 -0.0374
v 0.4862 2.6213 0.1017
v 0.4192 2.6213 0.2408
v 0.2687 2.6213 0.2751
v 0.1480 2.6213 0.1789
v 0.1480 2.6213 0.0245
v 0.2687 2.6213 -0.0717
v 0.4192 2.6213 -0.0374
v 0.4182 2.5278 0.1017
v 0.3768 2.5278 0.1876
v 0.2838 2.5278 0.2089
v 0.2092 2.5278 0.1494
v 0.2092 2.5278 0.0540
v 0.2838 2.5278 -0.0055
v 0.3768 2.5278 0.0157
v 0.3083 2.4921 0.1017
v 0.3083 2.4921 0.1017
v 0.3083 2.4921 0.1017
v 0.3083 2.4921 0.1017
v 0.3083 2.4921 0.1017
v 0.3083 2.4921 0.1017
v 0.3083 2.4921 0.1017
v 0.1036 1.8270 -0.1628
v 0.1036 1.8270 -0.1628
v 0.1036 1.8270 -0.1628
v 0.1036 1.8270 -0.1628
v 0.1036 1.8270 -0.1628
v 0.1036 1.8270 -0.1628
v 0.1036 1.8270 -0.1628
v 0.2088 1.7928 -0.1628
v 0.1692 1.7928 -0.0806
v 0.0802 1.7928 -0.0603
v 0.0088 1.7928 -0.1172
v 0.0088 1.7928 -0.2085
v 0.0802 1.7928 -0.2654
v 0.1692 1.7928 -0.2451
v 0.2738 1.7033 -0.1628
v 0.2097 1.7033 -0.0298
v 0.0657 1.7033 0.0031
v -0.0498 1.7033 -0.0890
v -0.0498 1.7033 -0.2367
v 0.0657 1.7033 -0.3288
v 0.2097 1.7033 -0.2959
v 0.2738 1.5927 -0.1628
v 0.2097 1.5927 -0.0298
v 0.0657 1.5927 0.0031
v -0.0498 1.5927 -0.0890
v -0.0498 1.5927 -0.2367
v 0.0657 1.5927 -0.3288
v 0.2097 1.5927 -0.2959
v 0.2088 1.5032 -0.1628
v 0.1692 1.5032 -0.0806
v 0.0802 1.5032 -0.0603
v 0.0088 1.5032 -0.1172
v 0.0088 1.5032 -0.2085
v 0.0802 1.5032 -0.2654
v 0.1692 1.5032 -0.2451
v 0.1036 1.4690 -0.1628
v 0.1036 1.4690 -0.1628
v 0.1036 1.4690 -0.1628
v 0.1036 1.4690 -0.1628
v 0.1036 1.4690 -0.1628
v 0.1036 1.4690 -0.1628
v 0.1036 1.4690 -0.1628
v -0.2934 2.2540 -0.4578
v -0.2934 2.2540 -0.4578
v -0.2934 2.2540 -0.4578
v -0.2934 2.2540 -0.4578
v -0.2934 2.2540 -0.4578
v -0.2934 2.2540 -0.4578
v -0.2934 2.2540 -0.4578
v -0.1791 2.2168 -0.4578
v -0.2222 2.2168 -0.3684
v -0.3189 2.2168 -0.3463
v -0.3965 2.2168 -0.4082
v -0.3965 2.2168 -0.5074
v -0.3189 2.2168 -0.5693
v -0.2222 2.2168 -0.5472
v -0.1084 2.1195 -0.4578
v -0.1781 2.1195 -0.3131
v -0.3346 2.1195 -0.2774
v -0.4601 2.1195 -0.3775
v -0.4601 2.1195 -0.5381
v -0.3346 2.1195 -0.6382
v -0.1781 2.1195 -0.6024
v -0.1084 1.9993 -0.4578
v -0.1781 1.9993 -0.3131
v -0.3346 1.9993 -0.2774
v -0.4601 1.9993 -0.3775
v -0.4601 1.9993 -0.5381
v -0.3346 1.9993 -0.6382
v -0.1781 1.9993 -0.6024
v -0.1791 1.9020 -0.4578
v -0.2222 1.9020 -0.3684
v -0.3189 1.9020 -0.3463
v -0.3965 1.9020 -0.4082
v -0.3965 1.9020 -0.5074
v -0.3189 1.9020 -0.5693
v -0.2222 1.9020 -0.5472
v -0.2934 1.8649 -0.4578
v -0.2934 1.8649 -0.4578
v -0.2934 1.8649 -0.4578
v -0.2934 1.8649 -0.4578
v -0.2934 1.8649 -0.4578
v -0.2934 1.8649 -0.4578
v -0.2934 1.8649 -0.4578
v -0.3482 2.1868 -0.3961
v -0.3482 2.1868 -0.3961
v -0.3482 2.1868 -0.3961
v -0.3482 2.1868 -0.3961
v -0.3482 2.1868 -0.3961
v -0.3482 2.1868 -0.3961
v -0.3482 2.1868 -0.3961
v -0.2396 2.1515 -0.3961
v -0.2805 2.1515 -0.3112
v -0.3723 2.1515 -0.2902
v -0.4460 2.1515 -0.3489
v -0.4460 2.1515 -0.4432
v -0.3723 2.1515 -0.5019
v -0.2805 2.1515 -0.4809
v -0.1725 2.0592 -0.3961
v -0.2386 2.0592 -0.2587
v -0.3873 2.0592 -0.2248
v -0.5064 2.0592 -0.3198
v -0.5064 2.0592 -0.4723
v -0.3873 2.0592 -0.5673
v -0.2386 2.0592 -0.5334
v -0.1725 1.9450 -0.3961
v -0.2386 1.9450 -0.2587
v -0.3873 1.9450 -0.2248
v -0.5064 1.9450 -0.3198
v -0.5064 1.9450 -0.4723
v -0.3873 1.9450 -0.5673
v -0.2386 1.9450 -0.5334
v -0.2396 1.8527 -0.3961
v -0.2805 1.8527 -0.3112
v -0.3723 1.8527 -0.2902
v -0.4460 1.8527 -0.3489
v -0.4460 1.8527 -0.4432
v -0.3723 1.8527 -0.5019
v -0.2805 1.8527 -0.4809
v -0.3482 1.8174 -0.3961
v -0.3482 1.8174 -0.3961
v -0.3482 1.8174 -0.3961
v -0.3482 1.8174 -0.3961
v -0.3482 1.8174 -0.3961
v -0.3482 1.8174 -0.3961
v -0.3482 1.8174 -0.3961
v -0.0891 3.0087 0.0554
v -0.0891 3.0087 0.0554
v -0.0891 3.0087 0.0554
v -0.0891 3.0087 0.0554
v -0.0891 3.0087 0.0554
v -0.0891 3.0087 0.0554
v -0.0891 3.0087 0.0554
v 0.0467 2.9646 0.0554
v -0.0044 2.9646 0.1616
v -0.1194 2.9646 0.1878
v -0.2115 2.9646 0.1143
v -0.2115 2.9646 -0.0036
v -0.1194 2.9646 -0.0771
v -0.0044 2.9646 -0.0508
v 0.1307 2.8490 0.0554
v 0.0479 2.8490 0.2272
v -0.1381 2.8490 0.2697
v -0.2872 2.8490 0.1508
v -0.2872 2.8490 -0.0400
v -0.1381 2.8490 -0.1589
v 0.0479 2.8490 -0.1165
v 0.1307 2.7062 0.0554
v 0.0479 2.7062 0.2272
v -0.1381 2.7062 0.2697
v -0.2872 2.7062 0.1508
v -0.2872 2.7062 -0.0400
v -0.1381 2.7062 -0.1589
v 0.0479 2.7062 -0.1165
v 0.0467 2.5906 0.0554
v -0.0044 2.5906 0.1616
v -0.1194 2.5906 0.1878
v -0.2115 2.5906 0.1143
v -0.2115 2.5906 -0.0036
v -0.1194 2.5906 -0.0771
v -0.0044 2.5906 -0.0508
v -0.0891 2.5465 0.0554
v -0.0891 2.5465 0.0554
v -0.0891 2.5465 0.0554
v -0.0891 2.5465 0.0554
v -0.0891 2.5465 0.0554
v -0.0891 2.5465 0.0554
v -0.0891 2.5465 0.0554
v -0.0429 1.9136 -0.3395
v -0.0429 1.9136 -0.3395
v -0.0429 1.9136 -0.3395
v -0.0429 1.9136 -0.3395
v -0.0429 1.9136 -0.3395
v -0.0429 1.9136 -0.3395
v -0.0429 1.9136 -0.3395
v 0.0623 1.8794 -0.3395
v 0.0227 1.8794 -0.2572
v -0.0663 1.8794 -0.2369
v -0.1377 1.8794 -0.2938
v -0.1377 1.8794 -0.3851
v -0.0663 1.8794 -0.4421
v 0.0227 1.8794 -0.4217
v 0.1274 1.7899 -0.3395
v 0.0633 1.7899 -0.2063
v -0.0808 1.7899 -0.1734
v -0.1963 1.7899 -0.2656
v -0.1963 1.7899 -0.4133
v -0.0808 1.7899 -0.5055
v 0.0633 1.7899 -0.4726
v 0.1274 1.6792 -0.3395
v 0.0633 1.6792 -0.2063
v -0.0808 1.6792 -0.1734
v -0.1963 1.6792 -0.2656
v -0.1963 1.6792 -0.4133
v -0.0808 1.6792 -0.5055
v 0.0633 1.6792 -0.4726
v 0.0623 1.5897 -0.3395
v 0.0227 1.5897 -0.2572
v -0.0663 1.5897 -0.2369
v -0.1377 1.5897 -0.2938
v -0.1377 1.5897 -0.3851
v -0.0663 1.5897 -0.4421
v 0.0227 1.5897 -0.4217
v -0.0429 1.5555 -0.3395
v -0.0429 1.5555 -0.3395
v -0.0429 1.5555 -0.3395
v -0.0429 1.5555 -0.3395
v -0.0429 1.5555 -0.3395
v -0.0429 1.5555 -0.3395
v -0.0429 1.5555 -0.3395
v 0.0631 1.8896 -0.1860
v 0.0631 1.8896 -0.1860
v 0.0631 1.8896 -0.1860
v 0.0631 1.8896 -0.1860
v 0.0631 1.8896 -0.1860
v 0.0631 1.8896 -0.1860
v 0.0631 1.8896 -0.1860
v 0.2043 1.8437 -0.1860
v 0.1511 1.8437 -0.0756
v 0.0316 1.8437 -0.0483
v -0.0641 1.8437 -0.1247
v -0.0641 1.8437 -0.2472
v 0.0316 1.8437 -0.3236
v 0.1511 1.8437 -0.2964
v 0.2915 1.7236 -0.1860
v 0.2055 1.7236 -0.0074
v 0.0122 1.7236 0.0368
v -0.1428 1.7236 -0.0868
v -0.1428 1.7236 -0.2851
v 0.0122 1.7236 -0.4087
v 0.2055 1.7236 -0.3646
v 0.2915 1.5751 -0.1860
v 0.2055 1.5751 -0.0074
v 0.0122 1.5751 0.0368
v -0.1428 1.5751 -0.0868
v -0.1428 1.5751 -0.2851
v 0.0122 1.5751 -0.4087
v 0.2055 1.5751 -0.3646
v 0.2043 1.4550 -0.1860
v 0.1511 1.4550 -0.0756
v 0.0316 1.4550 -0.0483
v -0.0641 1.4550 -0.1247
v -0.0641 1.4550 -0.2472
v 0.0316 1.4550 -0.3236
v 0.1511 1.4550 -0.2964
v 0.0631 1.4091 -0.1860
v 0.0631 1.4091 -0.1860
v 0.0631 1.4091 -0.1860
v 0.0631 1.4091 -0.1860
v 0.0631 1.4091 -0.1860
v 0.0631 1.4091 -0.1860
v 0.0631 1.4091 -0.1860
v 0.4830 2.3597 -0.2831
v 0.4830 2.3597 -0.2831
v 0.4830 2.3597 -0.2831
v 0.4830 2.3597 -0.2831
v 0.4830 2.3597 -0.2831
v 0.4830 2.3597 -0.2831
v 0.4830 2.3597 -0.2831
v 0.5851 2.3265 -0.2831
v 0.5467 2.3265 -0.2032
v 0.4603 2.3265 -0.1835
v 0.3910 2.3265 -0.2387
v 0.3910 2.3265 -0.3274
v 0.4603 2.3265 -0.3826
v 0.5467 2.3265 -0.3629
v 0.6482 2.2396 -0.2831
v 0.5860 2.2396 -0.1539
v 0.4462 2.2396 -0.1220
v 0.3341 2.2396 -0.2114
v 0.3341 2.2396 -0.3547
v 0.4462 2.2396 -0.4441
v 0.5860 2.2396 -0.4122
v 0.6482 2.1323 -0.2831
v 0.5860 2.1323 -0.1539
v 0.4462 2.1323 -0.1220
v 0.3341 2.1323 -0.2114
v 0.3341 2.1323 -0.3547
v 0.4462 2.1323 -0.4441
v 0.5860 2.1323 -0.4122
v 0.5851 2.0454 -0.2831
v 0.5467 2.0454 -0.2032
v 0.4603 2.0454 -0.1835
v 0.3910 2.0454 -0.2387
v 0.3910 2.0454 -0.3274
v 0.4603 2.0454 -0.3826
v 0.5467 2.0454 -0.3629
v 0.4830 2.0122 -0.2831
v 0.4830 2.0122 -0.2831
v 0.4830 2.0122 -0.2831
v 0.4830 2.0122 -0.2831
v 0.4830 2.0122 -0.2831
v 0.4830 2.0122 -0.2831
v 0.4830 2.0122 -0.2831
v 0.0512 2.9757 0.0065
v 0.0512 2.9757 0.0065
v 0.0512 2.9757 0.0065
v 0.0512 2.9757 0.0065
v 0.0512 2.9757 0.0065
v 0.0512 2.9757 0.0065
v 0.0512 2.9757 0.0065
v 0.1630 2.9394 0.0065
v 0.1209 2.9394 0.0940
v 0.0263 2.9394 0.1155
v -0.0495 2.9394 0.0551
v -0.0495 2.9394 -0.0420
v 0.0263 2.9394 -0.1025
v 0.1209 2.9394 -0.0809
v 0.2321 2.8443 0.0065
v 0.1640 2.8443 0.1480
v 0.0109 2.8443 0.1829
v -0.1118 2.8443 0.0850
v -0.1118 2.8443 -0.0720
v 0.0109 2.8443 -0.1698
v 0.1640 2.8443 -0.1349
v 0.2321 2.7267 0.0065
v 0.1640 2.7267 0.1480
v 0.0109 2.7267 0.1829
v -0.1118 2.7267 0.0850
v -0.1118 2.7267 -0.0720
v 0.0109 2.7267 -0.1698
v 0.1640 2.7267 -0.1349
v 0.1630 2.6316 0.0065
v 0.1209 2.6316 0.0940
v 0.0263 2.6316 0.1155
v -0.0495 2.6316 0.0551
v -0.0495 2.6316 -0.0420
v 0.0263 2.6316 -0.1025
v 0.1209 2.6316 -0.0809
v 0.0512 2.5953 0.0065
v 0.0512 2.5953 0.0065
v 0.0512 2.5953 0.0065
v 0.0512 2.5953 0.0065
v 0.0512 2.5953 0.0065
v 0.0512 2.5953 0.0065
v 0.0512 2.5953 0.0065
v 0.4207 2.7568 -0.1716
v 0.4207 2.7568 -0.1716
v 0.4207 2.7568 -0.1716
v 0.4207 2.7568 -0.1716
v 0.4207 2.7568 -0.1716
v 0.4207 2.7568 -0.1716
v 0.4207 2.7568 -0.1716
v 0.5459 2.7161 -0.1716
v 0.4988 2.7161 -0.0737
v 0.3928 2.7161 -0.0495
v 0.3078 2.7161 -0.1173
v 0.3078 2.7161 -0.2260
v 0.3928 2.7161 -0.2937
v 0.4988 2.7161 -0.2696
v 0.6233 2.6096 -0.1716
v 0.5470 2.6096 -0.0132
v 0.3756 2.6096 0.0259
v 0.2381 2.6096 -0.0837
v 0.2381 2.6096 -0.2596
v 0.3756 2.6096 -0.3692
v 0.5470 2.6096 -0.3301
v 0.6233 2.4779 -0.1716
v 0.5470 2.4779 -0.0132
v 0.3756 2.4779 0.0259
v 0.2381 2.4779 -0.0837
v 0.2381 2.4779 -0.2596
v 0.3756 2.4779 -0.3692
v 0.5470 2.4779 -0.3301
v 0.5459 2.3714 -0.1716
v 0.4988 2.3714 -0.0737
v 0.3928 2.3714 -0.0495
v 0.3078 2.3714 -0.1173
v 0.3078 2.3714 -0.2260
v 0.3928 2.3714 -0.2937
v 0.4988 2.3714 -0.2696
v 0.4207 2.3307 -0.1716
v 0.4207 2.3307 -0.1716
v 0.4207 2.3307 -0.1716
v 0.4207 2.3307 -0.1716
v 0.4207 2.3307 -0.1716
v 0.4207 2.3307 -0.1716
v 0.4207 2.3307 -0.1716
v -0.1896 1.9574 -0.2907
v -0.1896 1.9574 -0.2907
v -0.1896 1.9574 -0.2907
v -0.1896 1.9574 -0.2907
v -0.1896 1.9574 -0.2907
v -0.1896 1.9574 -0.2907
v -0.1896 1.9574 -0.2907
v -0.0609 1.9156 -0.2907
v -0.1094 1.9156 -0.1901
v -0.2182 1.9156 -0.1653
v -0.3055 1.9156 -0.2349
v -0.3055 1.9156 -0.3465
v -0.2182 1.9156 -0.4161
v -0.1094 1.9156 -0.3913
v 0.0186 1.8062 -0.2907
v -0.0598 1.8062 -0.1280
v -0.2359 1.8062 -0.0878
v -0.3771 1.8062 -0.2004
v -0.3771 1.8062 -0.3810
v -0.2359 1.8062 -0.4936
v -0.0598 1.8062 -0.4534
v 0.0186 1.6709 -0.2907
v -0.0598 1.6709 -0.1280
v -0.2359 1.6709 -0.0878
v -0.3771 1.6709 -0.2004
v -0.3771 1.6709 -0.3810
v -0.2359 1.6709 -0.4936
v -0.0598 1.6709 -0.4534
v -0.0609 1.5615 -0.2907
v -0.1094 1.5615 -0.1901
v -0.2182 1.5615 -0.1653
v -0.3055 1.5615 -0.2349
v -0.3055 1.5615 -0.3465
v -0.2182 1.5615 -0.4161
v -0.1094 1.5615 -0.3913
v -0.1896 1.5197 -0.2907
v -0.1896 1.5197 -0.2907
v -0.1896 1.5197 -0.2907
v -0.1896 1.5197 -0.2907
v -0.1896 1.5197 -0.2907
v -0.1896 1.5197 -0.2907
v -0.1896 1.5197 -0.2907
v -0.2751 2.8641 -0.1389
v -0.2751 2.8641 -0.1389
v -0.2751 2.8641 -0.1389
v -0.2751 2.8641 -0.1389
v -0.2751 2.8641 -0.1389
v -0.2751 2.8641 -0.1389
v -0.2751 2.8641 -0.1389
v -0.1734 2.8310 -0.1389
v -0.2117 2.8310 -0.0593
v -0.2978 2.8310 -0.0396
v -0.3669 2.8310 -0.0947
v -0.3669 2.8310 -0.1830
v -0.2978 2.8310 -0.2381
v -0.2117 2.8310 -0.2185
v -0.1104 2.7444 -0.1389
v -0.1725 2.7444 -0.0101
v -0.3118 2.7444 0.0217
v -0.4235 2.7444 -0.0674
v -0.4235 2.7444 -0.2103
v -0.3118 2.7444 -0.2994
v -0.1725 2.7444 -0.2676
v -0.1104 2.6374 -0.1389
v -0.1725 2.6374 -0.0101
v -0.3118 2.6374 0.0217
v -0.4235 2.6374 -0.0674
v -0.4235 2.6374 -0.2103
v -0.3118 2.6374 -0.2994
v -0.1725 2.6374 -0.2676
v -0.1734 2.5508 -0.1389
v -0.2117 2.5508 -0.0593
v -0.2978 2.5508 -0.0396
v -0.3669 2.5508 -0.0947
v -0.3669 2.5508 -0.1830
v -0.2978 2.5508 -0.2381
v -0.2117 2.5508 -0.2185
v -0.2751 2.5178 -0.1389
v -0.2751 2.5178 -0.1389
v -0.2751 2.5178 -0.1389
v -0.2751 2.5178 -0.1389
v -0.2751 2.5178 -0.1389
v -0.2751 2.5178 -0.1389
v -0.2751 2.5178 -0.1389
v 0.3489 1.9881 -0.0894
v 0.3489 1.9881 -0.0894
v 0.3489 1.9881 -0.0894
v 0.3489 1.9881 -0.0894
v 0.3489 1.9881 -0.0894
v 0.3489 1.9881 -0.0894
v 0.3489 1.9881 -0.0894
v 0.4890 1.9426 -0.0894
v 0.4362 1.9426 0.0201
v 0.3177 1.9426 0.0472
v 0.2227 1.9426 -0.0286
v 0.2227 1.9426 -0.1502
v 0.3177 1.9426 -0.2260
v 0.4362 1.9426 -0.1989
v 0.5756 1.8234 -0.0894
v 0.4902 1.8234 0.0878
v 0.2985 1.8234 0.1316
v 0.1447 1.8234 0.0089
v 0.1447 1.8234 -0.1878
v 0.2985 1.8234 -0.3104
v 0.4902 1.8234 -0.2666
v 0.5756 1.6761 -0.0894
v 0.4902 1.6761 0.0878
v 0.2985 1.6761 0.1316
v 0.1447 1.6761 0.0089
v 0.1447 1.6761 -0.1878
v 0.2985 1.6761 -0.3104
v 0.4902 1.6761 -0.2666
v 0.4890 1.5570 -0.0894
v 0.4362 1.5570 0.0201
v 0.3177 1.5570 0.0472
v 0.2227 1.5570 -0.0286
v 0.2227 1.5570 -0.1502
v 0.3177 1.5570 -0.2260
v 0.4362 1.5570 -0.1989
v 0.3489 1.5114 -0.0894
v 0.3489 1.5114 -0.0894
v 0.3489 1.5114 -0.0894
v 0.3489 1.5114 -0.0894
v 0.3489 1.5114 -0.0894
v 0.3489 1.5114 -0.0894
v 0.3489 1.5114 -0.0894
v -0.0456 2.9764 0.0732
v -0.0456 2.9764 0.0732
v -0.0456 2.9764 0.0732
v -0.0456 2.9764 0.0732
v -0.0456 2.9764 0.0732
v -0.0456 2.9764 0.0732
v -0.0456 2.9764 0.0732
v 0.0693 2.9391 0.0732
v 0.0261 2.9391 0.1630
v -0.0711 2.9391 0.1852
v -0.1491 2.9391 0.1230
v -0.1491 2.9391 0.0233
v -0.0711 2.9391 -0.0388
v 0.0261 2.9391 -0.0167
v 0.1403 2.8414 0.0732
v 0.0703 2.8414 0.2185
v -0.0869 2.8414 0.2544
v -0.2130 2.8414 0.1538
v -0.2130 2.8414 -0.0075
v -0.0869 2.8414 -0.1081
v 0.0703 2.8414 -0.0722
v 0.1403 2.7206 0.0732
v 0.0703 2.7206 0.2185
v -0.0869 2.7206 0.2544
v -0.2130 2.7206 0.1538
v -0.2130 2.7206 -0.0075
v -0.0869 2.7206 -0.1081
v 0.0703 2.7206 -0.0722
v 0.0693 2.6229 0.0732
v 0.0261 2.6229 0.1630
v -0.0711 2.6229 0.1852
v -0.1491 2.6229 0.1230
v -0.1491 2.6229 0.0233
v -0.0711 2.6229 -0.0388
v 0.0261 2.6229 -0.0167
v -0.0456 2.5856 0.0732
v -0.0456 2.5856 0.0732
v -0.0456 2.5856 0.0732
v -0.0456 2.5856 0.0732
v -0.0456 2.5856 0.0732
v -0.0456 2.5856 0.0732
v -0.0456 2.5856 0.0732
v -0.1320 2.9874 -0.1347
v -0.1320 2.9874 -0.1347
v -0.1320 2.9874 -0.1347
v -0.1320 2.9874 -0.1347
v -0.1320 2.9874 -0.1347
v -0.1320 2.9874 -0.1347
v -0.1320 2.9874 -0.1347
v 0.0054 2.9428 -0.1347
v -0.0463 2.9428 -0.0273
v -0.1626 2.9428 -0.0007
v -0.2558 2.9428 -0.0751
v -0.2558 2.9428 -0.1943
v -0.1626 2.9428 -0.2687
v -0.0463 2.9428 -0.2421
v 0.0904 2.8259 -0.1347
v 0.0066 2.8259 0.0391
v -0.1815 2.8259 0.0821
v -0.3323 2.8259 -0.0382
v -0.3323 2.8259 -0.2312
v -0.1815 2.8259 -0.3515
v 0.0066 2.8259 -0.3085
v 0.0904 2.6814 -0.1347
v 0.0066 2.6814 0.0391
v -0.1815 2.6814 0.0821
v -0.3323 2.6814 -0.0382
v -0.3323 2.6814 -0.2312
v -0.1815 2.6814 -0.3515
v 0.0066 2.6814 -0.3085
v 0.0054 2.5645 -0.1347
v -0.0463 2.5645 -0.0273
v -0.1626 2.5645 -0.0007
v -0.2558 2.5645 -0.0751
v -0.2558 2.5645 -0.1943
v -0.1626 2.5645 -0.2687
v -0.0463 2.5645 -0.2421
v -0.1320 2.5199 -0.1347
v -0.1320 2.5199 -0.1347
v -0.1320 2.5199 -0.1347
v -0.1320 2.5199 -0.1347
v -0.1320 2.5199 -0.1347
v -0.1320 2.5199 -0.1347
v -0.1320 2.5199 -0.1347
v 0.2978 2.7729 -0.3473
v 0.2978 2.7729 -0.3473
v 0.2978 2.7729 -0.3473
v 0.2978 2.7729 -0.3473
v 0.2978 2.7729 -0.3473
v 0.2978 2.7729 -0.3473
v 0.2978 2.7729 -0.3473
v 0.4352 2.7283 -0.3473
v 0.3834 2.7283 -0.2399
v 0.2672 2.7283 -0.2133
v 0.1740 2.7283 -0.2877
v 0.1740 2.7283 -0.4069
v 0.2672 2.7283 -0.4812
v 0.3834 2.7283 -0.4547
v 0.5201 2.6114 -0.3473
v 0.4364 2.6114 -0.1735
v 0.2483 2.6114 -0.1305
v 0.0975 2.6114 -0.2508
v 0.0975 2.6114 -0.4437
v 0.2483 2.6114 -0.5640
v 0.4364 2.6114 -0.5211
v 0.5201 2.4669 -0.3473
v 0.4364 2.4669 -0.1735
v 0.2483 2.4669 -0.1305
v 0.0975 2.4669 -0.2508
v 0.0975 2.4669 -0.4437
v 0.2483 2.4669 -0.5640
v 0.4364 2.4669 -0.5211
v 0.4352 2.3500 -0.3473
v 0.3834 2.3500 -0.2399
v 0.2672 2.3500 -0.2133
v 0.1740 2.3500 -0.2877
v 0.1740 2.3500 -0.4069
v 0.2672 2.3500 -0.4812
v 0.3834 2.3500 -0.4547
v 0.2978 2.3054 -0.3473
v 0.2978 2.3054 -0.3473
v 0.2978 2.3054 -0.3473
v 0.2978 2.3054 -0.3473
v 0.2978 2.3054 -0.3473
v 0.2978 2.3054 -0.3473
v 0.2978 2.3054 -0.3473
v 0.0227 2.9837 -0.2135
v 0.0227 2.9837 -0.2135
v 0.0227 2.9837 -0.2135
v 0.0227 2.9837 -0.2135
v 0.0227 2.9837 -0.2135
v 0.0227 2.9837 -0.2135
v 0.0227 2.9837 -0.2135
v 0.1641 2.9377 -0.2135
v 0.1109 2.9377 -0.1030
v -0.0088 2.9377 -0.0756
v -0.1047 2.9377 -0.1522
v -0.1047 2.9377 -0.2749
v -0.0088 2.9377 -0.3514
v 0.1109 2.9377 -0.3241
v 0.2515 2.8174 -0.2135
v 0.1654 2.8174 -0.0346
v -0.0282 2.8174 0.0096
v -0.1835 2.8174 -0.1142
v -0.1835 2.8174 -0.3128
v -0.0282 2.8174 -0.4366
v 0.1654 2.8174 -0.3924
v 0.2515 2.6687 -0.2135
v 0.1654 2.6687 -0.0346
v -0.0282 2.6687 0.0096
v -0.1835 2.6687 -0.1142
v -0.1835 2.6687 -0.3128
v -0.0282 2.6687 -0.4366
v 0.1654 2.6687 -0.3924
v 0.1641 2.5484 -0.2135
v 0.1109 2.5484 -0.1030
v -0.0088 2.5484 -0.0756
v -0.1047 2.5484 -0.1522
v -0.1047 2.5484 -0.2749
v -0.0088 2.5484 -0.3514
v 0.1109 2.5484 -0.3241
v 0.0227 2.5024 -0.2135
v 0.0227 2.5024 -0.2135
v 0.0227 2.5024 -0.2135
v 0.0227 2.5024 -0.2135
v 0.0227 2.5024 -0.2135
v 0.0227 2.5024 -0.2135
v 0.0227 2.5024 -0.2135
v -0.2834 2.9060 -0.1414
v -0.2834 2.9060 -0.1414
v -0.2834 2.9060 -0.1414
v -0.2834 2.9060 -0.1414
v -0.2834 2.9060 -0.1414
v -0.2834 2.9060 -0.1414
v -0.2834 2.9060 -0.1414
v -0.1535 2.8638 -0.1414
v -0.2024 2.8638 -0.0398
v -0.3124 2.8638 -0.0147
v -0.4005 2.8638 -0.0850
v -0.4005 2.8638 -0.1978
v -0.3124 2.8638 -0.2681
v -0.2024 2.8638 -0.2430
v -0.0732 2.7532 -0.1414
v -0.1523 2.7532 0.0230
v -0.3302 2.7532 0.0636
v -0.4729 2.7532 -0.0501
v -0.4729 2.7532 -0.2326
v -0.3302 2.7532 -0.3464
v -0.1523 2.7532 -0.3058
v -0.0732 2.6166 -0.1414
v -0.1523 2.6166 0.0230
v -0.3302 2.6166 0.0636
v -0.4729 2.6166 -0.0501
v -0.4729 2.6166 -0.2326
v -0.3302 2.6166 -0.3464
v -0.1523 2.6166 -0.3058
v -0.1535 2.5060 -0.1414
v -0.2024 2.5060 -0.0398
v -0.3124 2.5060 -0.0147
v -0.4005 2.5060 -0.0850
v -0.4005 2.5060 -0.1978
v -0.3124 2.5060 -0.2681
v -0.2024 2.5060 -0.2430
v -0.2834 2.4638 -0.1414
v -0.2834 2.4638 -0.1414
v -0.2834 2.4638 -0.1414
v -0.2834 2.4638 -0.1414
v -0.2834 2.4638 -0.1414
v -0.2834 2.4638 -0.1414
v -0.2834 2.4638 -0.1414
v -0.3416 2.1833 -0.3729
v -0.3416 2.1833 -0.3729
v -0.3416 2.1833 -0.3729
v -0.3416 2.1833 -0.3729
v -0.3416 2.1833 -0.3729
v -0.3416 2.1833 -0.3729
v -0.3416 2.1833 -0.3729
v -0.2029 2.1382 -0.3729
v -0.2552 2.1382 -0.2644
v -0.3725 2.1382 -0.2377
v -0.4665 2.1382 -0.3127
v -0.4665 2.1382 -0.4330
v -0.3725 2.1382 -0.5080
v -0.2552 2.1382 -0.4813
v -0.1172 2.0203 -0.3729
v -0.2017 2.0203 -0.1974
v -0.3915 2.0203 -0.1541
v -0.5438 2.0203 -0.2755
v -0.5438 2.0203 -0.4702
v -0.3915 2.0203 -0.5916
v -0.2017 2.0203 -0.5483
v -0.1172 1.8745 -0.3729
v -0.2017 1.8745 -0.1974
v -0.3915 1.8745 -0.1541
v -0.5438 1.8745 -0.2755
v -0.5438 1.8745 -0.4702
v -0.3915 1.8745 -0.5916
v -0.2017 1.8745 -0.5483
v -0.2029 1.7565 -0.3729
v -0.2552 1.7565 -0.2644
v -0.3725 1.7565 -0.2377
v -0.4665 1.7565 -0.3127
v -0.4665 1.7565 -0.4330
v -0.3725 1.7565 -0.5080
v -0.2552 1.7565 -0.4813
v -0.3416 1.7115 -0.3729
v -0.3416 1.7115 -0.3729
v -0.3416 1.7115 -0.3729
v -0.3416 1.7115 -0.3729
v -0.3416 1.7115 -0.3729
v -0.3416 1.7115 -0.3729
v -0.3416 1.7115 -0.3729
v 0.3042 2.0952 -0.3352
v 0.3042 2.0952 -0.3352
v 0.3042 2.0952 -0.3352
v 0.3042 2.0952 -0.3352
v 0.3042 2.0952 -0.3352
v 0.3042 2.0952 -0.3352
v 0.3042 2.0952 -0.3352
v 0.4461 2.0491 -0.3352
v 0.3926 2.0491 -0.2243
v 0.2726 2.0491 -0.1969
v 0.1763 2.0491 -0.2737
v 0.1763 2.0491 -0.3968
v 0.2726 2.0491 -0.4736
v 0.3926 2.0491 -0.4462
v 0.5338 1.9284 -0.3352
v 0.4473 1.9284 -0.1557
v 0.2531 1.9284 -0.1114
v 0.0973 1.9284 -0.2356
v 0.0973 1.9284 -0.4349
v 0.2531 1.9284 -0.5591
v 0.4473 1.9284 -0.5148
v 0.5338 1.7792 -0.3352
v 0.4473 1.7792 -0.1557
v 0.2531 1.7792 -0.1114
v 0.0973 1.7792 -0.2356
v 0.0973 1.7792 -0.4349
v 0.2531 1.7792 -0.5591
v 0.4473 1.7792 -0.5148
v 0.4461 1.6585 -0.3352
v 0.3926 1.6585 -0.2243
v 0.2726 1.6585 -0.1969
v 0.1763 1.6585 -0.2737
v 0.1763 1.6585 -0.3968
v 0.2726 1.6585 -0.4736
v 0.3926 1.6585 -0.4462
v 0.3042 1.6124 -0.3352
v 0.3042 1.6124 -0.3352
v 0.3042 1.6124 -0.3352
v 0.3042 1.6124 -0.3352
v 0.3042 1.6124 -0.3352
v 0.3042 1.6124 -0.3352
v 0.3042 1.6124 -0.3352
v 0.2609 2.9403 0.0442
v 0.2609 2.9403 0.0442
v 0.2609 2.9403 0.0442
v 0.2609 2.9403 0.0442
v 0.2609 2.9403 0.0442
v 0.2609 2.9403 0.0442
v 0.2609 2.9403 0.0442
v 0.3914 2.8979 0.0442
v 0.3423 2.8979 0.1462
v 0.2319 2.8979 0.1714
v 0.1433 2.8979 0.1008
v 0.1433 2.8979 -0.0124
v 0.2319 2.8979 -0.0831
v 0.3423 2.8979 -0.0579
v 0.4721 2.7868 0.0442
v 0.3926 2.7868 0.2093
v 0.2139 2.7868 0.2501
v 0.0706 2.7868 0.1358
v 0.0706 2.7868 -0.0474
v 0.2139 2.7868 -0.1617
v 0.3926 2.7868 -0.1209
v 0.4721 2.6496 0.0442
v 0.3926 2.6496 0.2093
v 0.2139 2.6496 0.2501
v 0.0706 2.6496 0.1358
v 0.0706 2.6496 -0.0474
v 0.2139 2.6496 -0.1617
v 0.3926 2.6496 -0.1209
v 0.3914 2.5386 0.0442
v 0.3423 2.5386 0.1462
v 0.2319 2.5386 0.1714
v 0.1433 2.5386 0.1008
v 0.1433 2.5386 -0.0124
v 0.2319 2.5386 -0.0831
v 0.3423 2.5386 -0.0579
v 0.2609 2.4961 0.0442
v 0.2609 2.4961 0.0442
v 0.2609 2.4961 0.0442
v 0.2609 2.4961 0.0442
v 0.2609 2.4961 0.0442
v 0.2609 2.4961 0.0442
v 0.2609 2.4961 0.0442
v -0.3138 2.9122 -0.1328
v -0.3138 2.9122 -0.1328
v -0.3138 2.9122 -0.1328
v -0.3138 2.9122 -0.1328
v -0.3138 2.9122 -0.1328
v -0.3138 2.9122 -0.1328
v -0.3138 2.9122 -0.1328
v -0.1695 2.8653 -0.1328
v -0.2238 2.8653 -0.0199
v -0.3460 2.8653 0.0079
v -0.4439 2.8653 -0.0702
v -0.4439 2.8653 -0.1954
v -0.3460 2.8653 -0.2735
v -0.2238 2.8653 -0.2457
v -0.0803 2.7425 -0.1328
v -0.1682 2.7425 0.0498
v -0.3658 2.7425 0.0949
v -0.5243 2.7425 -0.0315
v -0.5243 2.7425 -0.2341
v -0.3658 2.7425 -0.3605
v -0.1682 2.7425 -0.3154
v -0.0803 2.5907 -0.1328
v -0.1682 2.5907 0.0498
v -0.3658 2.5907 0.0949
v -0.5243 2.5907 -0.0315
v -0.5243 2.5907 -0.2341
v -0.3658 2.5907 -0.3605
v -0.1682 2.5907 -0.3154
v -0.1695 2.4679 -0.1328
v -0.2238 2.4679 -0.0199
v -0.3460 2.4679 0.0079
v -0.4439 2.4679 -0.0702
v -0.4439 2.4679 -0.1954
v -0.3460 2.4679 -0.2735
v -0.2238 2.4679 -0.2457
v -0.3138 2.4210 -0.1328
v -0.3138 2.4210 -0.1328
v -0.3138 2.4210 -0.1328
v -0.3138 2.4210 -0.1328
v -0.3138 2.4210 -0.1328
v -0.3138 2.4210 -0.1328
v -0.3138 2.4210 -0.1328
v -0.3032 2.4832 -0.4600
v -0.3032 2.4832 -0.4600
v -0.3032 2.4832 -0.4600
v -0.3032 2.4832 -0.4600
v -0.3032 2.4832 -0.4600
v -0.3032 2.4832 -0.4600
v -0.3032 2.4832 -0.4600
v -0.1986 2.4491 -0.4600
v -0.2380 2.4491 -0.3782
v -0.3265 2.4491 -0.3580
v -0.3976 2.4491 -0.4146
v -0.3976 2.4491 -0.5054
v -0.3265 2.4491 -0.5621
v -0.2380 2.4491 -0.5419
v -0.1339 2.3601 -0.4600
v -0.1976 2.3601 -0.3276
v -0.3409 2.3601 -0.2949
v -0.4558 2.3601 -0.3865
v -0.4558 2.3601 -0.5335
v -0.3409 2.3601 -0.6252
v -0.1976 2.3601 -0.5925
v -0.1339 2.2500 -0.4600
v -0.1976 2.2500 -0.3276
v -0.3409 2.2500 -0.2949
v -0.4558 2.2500 -0.3865
v -0.4558 2.2500 -0.5335
v -0.3409 2.2500 -0.6252
v -0.1976 2.2500 -0.5925
v -0.1986 2.1610 -0.4600
v -0.2380 2.1610 -0.3782
v -0.3265 2.1610 -0.3580
v -0.3976 2.1610 -0.4146
v -0.3976 2.1610 -0.5054
v -0.3265 2.1610 -0.5621
v -0.2380 2.1610 -0.5419
v -0.3032 2.1270 -0.4600
v -0.3032 2.1270 -0.4600
v -0.3032 2.1270 -0.4600
v -0.3032 2.1270 -0.4600
v -0.3032 2.1270 -0.4600
v -0.3032 2.1270 -0.4600
v -0.3032 2.1270 -0.4600
v 0.2447 2.1455 -0.4415
v 0.2447 2.1455 -0.4415
v 0.2447 2.1455 -0.4415
v 0.2447 2.1455 -0.4415
v 0.2447 2.1455 -0.4415
v 0.2447 2.1455 -0.4415
v 0.2447 2.1455 -0.4415
v 0.3623 2.1073 -0.4415
v 0.3181 2.1073 -0.3495
v 0.2185 2.1073 -0.3268
v 0.1387 2.1073 -0.3904
v 0.1387 2.1073 -0.4925
v 0.2185 2.1073 -0.5562
v 0.3181 2.1073 -0.5335
v 0.4351 2.0072 -0.4415
v 0.3634 2.0072 -0.2927
v 0.2023 2.0072 -0.2559
v 0.0732 2.0072 -0.3589
v 0.0732 2.0072 -0.5241
v 0.2023 2.0072 -0.6271
v 0.3634 2.0072 -0.5903
v 0.4351 1.8835 -0.4415
v 0.3634 1.8835 -0.2927
v 0.2023 1.8835 -0.2559
v 0.0732 1.8835 -0.3589
v 0.0732 1.8835 -0.5241
v 0.2023 1.8835 -0.6271
v 0.3634 1.8835 -0.5903
v 0.3623 1.7834 -0.4415
v 0.3181 1.7834 -0.3495
v 0.2185 1.7834 -0.3268
v 0.1387 1.7834 -0.3904
v 0.1387 1.7834 -0.4925
v 0.2185 1.7834 -0.5562
v 0.3181 1.7834 -0.5335
v 0.2447 1.7452 -0.4415
v 0.2447 1.7452 -0.4415
v 0.2447 1.7452 -0.4415
v 0.2447 1.7452 -0.4415
v 0.2447 1.7452 -0.4415
v 0.2447 1.7452 -0.4415
v 0.2447 1.7452 -0.4415
v -0.4916 2.6366 -0.1246
v -0.4916 2.6366 -0.1246
v -0.4916 2.6366 -0.1246
v -0.4916 2.6366 -0.1246
v -0.4916 2.6366 -0.1246
v -0.4916 2.6366 -0.1246
v -0.4916 2.6366 -0.1246
v -0.3815 2.6009 -0.1246
v -0.4230 2.6009 -0.0386
v -0.5161 2.6009 -0.0174
v -0.5907 2.6009 -0.0769
v -0.5907 2.6009 -0.1724
v -0.5161 2.6009 -0.2319
v -0.4230 2.6009 -0.2107
v -0.3135 2.5073 -0.1246
v -0.3806 2.5073 0.0146
v -0.5312 2.5073 0.0489
v -0.6520 2.5073 -0.0474
v -0.6520 2.5073 -0.2019
v -0.5312 2.5073 -0.2982
v -0.3806 2.5073 -0.2638
v -0.3135 2.3916 -0.1246
v -0.3806 2.3916 0.0146
v -0.5312 2.3916 0.0489
v -0.6520 2.3916 -0.0474
v -0.6520 2.3916 -0.2019
v -0.5312 2.3916 -0.2982
v -0.3806 2.3916 -0.2638
v -0.3815 2.2979 -0.1246
v -0.4230 2.2979 -0.0386
v -0.5161 2.2979 -0.0174
v -0.5907 2.2979 -0.0769
v -0.5907 2.2979 -0.1724
v -0.5161 2.2979 -0.2319
v -0.4230 2.2979 -0.2107
v -0.4916 2.2622 -0.1246
v -0.4916 2.2622 -0.1246
v -0.4916 2.2622 -0.1246
v -0.4916 2.2622 -0.1246
v -0.4916 2.2622 -0.1246
v -0.4916 2.2622 -0.1246
v -0.4916 2.2622 -0.1246
v -0.3691 2.0049 -0.2001
v -0.3691 2.0049 -0.2001
v -0.3691 2.0049 -0.2001
v -0.3691 2.0049 -0.2001
v -0.3691 2.0049 -0.2001
v -0.3691 2.0049 -0.2001
v -0.3691 2.0049 -0.2001
v -0.2551 1.9679 -0.2001
v -0.2981 1.9679 -0.1110
v -0.3945 1.9679 -0.0889
v -0.4719 1.9679 -0.1506
v -0.4719 1.9679 -0.2496
v -0.3945 1.9679 -0.3113
v -0.2981 1.9679 -0.2892
v -0.1847 1.8709 -0.2001
v -0.2541 1.8709 -0.0559
v -0.4102 1.8709 -0.0202
v -0.5354 1.8709 -0.1200
v -0.5354 1.8709 -0.2801
v -0.4102 1.8709 -0.3799
v -0.2541 1.8709 -0.3443
v -0.1847 1.7510 -0.2001
v -0.2541 1.7510 -0.0559
v -0.4102 1.7510 -0.0202
v -0.5354 1.7510 -0.1200
v -0.5354 1.7510 -0.2801
v -0.4102 1.7510 -0.3799
v -0.2541 1.7510 -0.3443
v -0.2551 1.6540 -0.2001
v -0.2981 1.6540 -0.1110
v -0.3945 1.6540 -0.0889
v -0.4719 1.6540 -0.1506
v -0.4719 1.6540 -0.2496
v -0.3945 1.6540 -0.3113
v -0.2981 1.6540 -0.2892
v -0.3691 1.6170 -0.2001
v -0.3691 1.6170 -0.2001
v -0.3691 1.6170 -0.2001
v -0.3691 1.6170 -0.2001
v -0.3691 1.6170 -0.2001
v -0.3691 1.6170 -0.2001
v -0.3691 1.6170 -0.2001
v 0.0108 2.9521 -0.1307
v 0.0108 2.9521 -0.1307
v 0.0108 2.9521 -0.1307
v 0.0108 2.9521 -0.1307
v 0.0108 2.9521 -0.1307
v 0.0108 2.9521 -0.1307
v 0.0108 2.9521 -0.1307
v 0.1169 2.9177 -0.1307
v 0.0770 2.9177 -0.0477
v -0.0128 2.9177 -0.0272
v -0.0847 2.9177 -0.0846
v -0.0847 2.9177 -0.1767
v -0.0128 2.9177 -0.2341
v 0.0770 2.9177 -0.2136
v 0.1825 2.8274 -0.1307
v 0.1179 2.8274 0.0035
v -0.0274 2.8274 0.0367
v -0.1438 2.8274 -0.0562
v -0.1438 2.8274 -0.2051
v -0.0274 2.8274 -0.2980
v 0.1179 2.8274 -0.2649
v 0.1825 2.7159 -0.1307
v 0.1179 2.7159 0.0035
v -0.0274 2.7159 0.0367
v -0.1438 2.7159 -0.0562
v -0.1438 2.7159 -0.2051
v -0.0274 2.7159 -0.2980
v 0.1179 2.7159 -0.2649
v 0.1169 2.6256 -0.1307
v 0.0770 2.6256 -0.0477
v -0.0128 2.6256 -0.0272
v -0.0847 2.6256 -0.0846
v -0.0847 2.6256 -0.1767
v -0.0128 2.6256 -0.2341
v 0.0770 2.6256 -0.2136
v 0.0108 2.5912 -0.1307
v 0.0108 2.5912 -0.1307
v 0.0108 2.5912 -0.1307
v 0.0108 2.5912 -0.1307
v 0.0108 2.5912 -0.1307
v 0.0108 2.5912 -0.1307
v 0.0108 2.5912 -0.1307
v 0.1507 2.9167 0.1618
v 0.1507 2.9167 0.1618
v 0.1507 2.9167 0.1618
v 0.1507 2.9167 0.1618
v 0.1507 2.9167 0.1618
v 0.1507 2.9167 0.1618
v 0.1507 2.9167 0.1618
v 0.2544 2.8830 0.1618
v 0.2154 2.8830 0.2430
v 0.1276 2.8830 0.2630
v 0.0572 2.8830 0.2069
v 0.0572 2.8830 0.1168
v 0.1276 2.8830 0.0607
v 0.2154 2.8830 0.0807
v 0.3185 2.7948 0.1618
v 0.2553 2.7948 0.2931
v 0.1133 2.7948 0.3255
v -0.0006 2.7948 0.2347
v -0.0006 2.7948 0.0890
v 0.1133 2.7948 -0.0018
v 0.2553 2.7948 0.0306
v 0.3185 2.6857 0.1618
v 0.2553 2.6857 0.2931
v 0.1133 2.6857 0.3255
v -0.0006 2.6857 0.2347
v -0.0006 2.6857 0.0890
v 0.1133 2.6857 -0.0018
v 0.2553 2.6857 0.0306
v 0.2544 2.5974 0.1618
v 0.2154 2.5974 0.2430
v 0.1276 2.5974 0.2630
v 0.0572 2.5974 0.2069
v 0.0572 2.5974 0.1168
v 0.1276 2.5974 0.0607
v 0.2154 2.5974 0.0807
v 0.1507 2.5637 0.1618
v 0.1507 2.5637 0.1618
v 0.1507 2.5637 0.1618
v 0.1507 2.5637 0.1618
v 0.1507 2.5637 0.1618
v 0.1507 2.5637 0.1618
v 0.1507 2.5637 0.1618
v 0.2238 2.7694 -0.3906
v 0.2238 2.7694 -0.3906
v 0.2238 2.7694 -0.3906
v 0.2238 2.7694 -0.3906
v 0.2238 2.7694 -0.3906
v 0.2238 2.7694 -0.3906
v 0.2238 2.7694 -0.3906
v 0.3528 2.7274 -0.3906
v 0.3042 2.7274 -0.2897
v 0.1950 2.7274 -0.2648
v 0.1075 2.7274 -0.3346
v 0.1075 2.7274 -0.4466
v 0.1950 2.7274 -0.5164
v 0.3042 2.7274 -0.4915
v 0.4326 2.6176 -0.3906
v 0.3540 2.6176 -0.2273
v 0.1773 2.6176 -0.1870
v 0.0356 2.6176 -0.3000
v 0.0356 2.6176 -0.4812
v 0.1773 2.6176 -0.5942
v 0.3540 2.6176 -0.5539
v 0.4326 2.4819 -0.3906
v 0.3540 2.4819 -0.2273
v 0.1773 2.4819 -0.1870
v 0.0356 2.4819 -0.3000
v 0.0356 2.4819 -0.4812
v 0.1773 2.4819 -0.5942
v 0.3540 2.4819 -0.5539
v 0.3528 2.3721 -0.3906
v 0.3042 2.3721 -0.2897
v 0.1950 2.3721 -0.2648
v 0.1075 2.3721 -0.3346
v 0.1075 2.3721 -0.4466
v 0.1950 2.3721 -0.5164
v 0.3042 2.3721 -0.4915
v 0.2238 2.3302 -0.3906
v 0.2238 2.3302 -0.3906
v 0.2238 2.3302 -0.3906
v 0.2238 2.3302 -0.3906
v 0.2238 2.3302 -0.3906
v 0.2238 2.3302 -0.3906
v 0.2238 2.3302 -0.3906
v -0.2773 2.9357 0.1204
v -0.2773 2.9357 0.1204
v -0.2773 2.9357 0.1204
v -0.2773 2.9357 0.1204
v -0.2773 2.9357 0.1204
v -0.2773 2.9357 0.1204
v -0.2773 2.9357 0.1204
v -0.1358 2.8897 0.1204
v -0.1891 2.8897 0.2310
v -0.3088 2.8897 0.2583
v -0.4048 2.8897 0.1818
v -0.4048 2.8897 0.0590
v -0.3088 2.8897 -0.0175
v -0.1891 2.8897 0.0098
v -0.0484 2.7693 0.1204
v -0.1346 2.7693 0.2994
v -0.3283 2.7693 0.3436
v -0.4836 2.7693 0.2197
v -0.4836 2.7693 0.0211
v -0.3283 2.7693 -0.1028
v -0.1346 2.7693 -0.0586
v -0.0484 2.6206 0.1204
v -0.1346 2.6206 0.2994
v -0.3283 2.6206 0.3436
v -0.4836 2.6206 0.2197
v -0.4836 2.6206 0.0211
v -0.3283 2.6206 -0.1028
v -0.1346 2.6206 -0.0586
v -0.1358 2.5002 0.1204
v -0.1891 2.5002 0.2310
v -0.3088 2.5002 0.2583
v -0.4048 2.5002 0.1818
v -0.4048 2.5002 0.0590
v -0.3088 2.5002 -0.0175
v -0.1891 2.5002 0.0098
v -0.2773 2.4542 0.1204
v -0.2773 2.4542 0.1204
v -0.2773 2.4542 0.1204
v -0.2773 2.4542 0.1204
v -0.2773 2.4542 0.1204
v -0.2773 2.4542 0.1204
v -0.2773 2.4542 0.1204
v -0.1550 2.7311 -0.6180
v -0.1550 2.7311 -0.6180
v -0.1550 2.7311 -0.6180
v -0.1550 2.7311 -0.6180
v -0.1550 2.7311 -0.6180
v -0.1550 2.7311 -0.6180
v -0.1550 2.7311 -0.6180
v -0.0629 2.7012 -0.6180
v -0.0976 2.7012 -0.5460
v -0.1755 2.7012 -0.5282
v -0.2381 2.7012 -0.5780
v -0.2381 2.7012 -0.6580
v -0.1755 2.7012 -0.7079
v -0.0976 2.7012 -0.6901
v -0.0059 2.6228 -0.6180
v -0.0621 2.6228 -0.5015
v -0.1882 2.6228 -0.4727
v -0.2894 2.6228 -0.5533
v -0.2894 2.6228 -0.6827
v -0.1882 2.6228 -0.7634
v -0.0621 2.6228 -0.7346
v -0.0059 2.5259 -0.6180
v -0.0621 2.5259 -0.5015
v -0.1882 2.5259 -0.4727
v -0.2894 2.5259 -0.5533
v -0.2894 2.5259 -0.6827
v -0.1882 2.5259 -0.7634
v -0.0621 2.5259 -0.7346
v -0.0629 2.4475 -0.6180
v -0.0976 2.4475 -0.5460
v -0.1755 2.4475 -0.5282
v -0.2381 2.4475 -0.5780
v -0.2381 2.4475 -0.6580
v -0.1755 2.4475 -0.7079
v -0.0976 2.4475 -0.6901
v -0.1550 2.4176 -0.6180
v -0.1550 2.4176 -0.6180
v -0.1550 2.4176 -0.6180
v -0.1550 2.4176 -0.6180
v -0.1550 2.4176 -0.6180
v -0.1550 2.4176 -0.6180
v -0.1550 2.4176 -0.6180
v 0.0926 2.0356 -0.5514
v 0.0926 2.0356 -0.5514
v 0.0926 2.0356 -0.5514
v 0.0926 2.0356 -0.5514
v 0.0926 2.0356 -0.5514
v 0.0926 2.0356 -0.5514
v 0.0926 2.0356 -0.5514
v 0.2147 1.9959 -0.5514
v 0.1687 1.9959 -0.4559
v 0.0654 1.9959 -0.4323
v -0.0175 1.9959 -0.4984
v -0.0175 1.9959 -0.6044
v 0.0654 1.9959 -0.6705
v 0.1687 1.9959 -0.6469
v 0.2902 1.8920 -0.5514
v 0.2158 1.8920 -0.3969
v 0.0486 1.8920 -0.3587
v -0.0855 1.8920 -0.4656
v -0.0855 1.8920 -0.6371
v 0.0486 1.8920 -0.7441
v 0.2158 1.8920 -0.7059
v 0.2902 1.7635 -0.5514
v 0.2158 1.7635 -0.3969
v 0.0486 1.7635 -0.3587
v -0.0855 1.7635 -0.4656
v -0.0855 1.7635 -0.6371
v 0.0486 1.7635 -0.7441
v 0.2158 1.7635 -0.7059
v 0.2147 1.6596 -0.5514
v 0.1687 1.6596 -0.4559
v 0.0654 1.6596 -0.4323
v -0.0175 1.6596 -0.4984
v -0.0175 1.6596 -0.6044
v 0.0654 1.6596 -0.6705
v 0.1687 1.6596 -0.6469
v 0.0926 1.6200 -0.5514
v 0.0926 1.6200 -0.5514
v 0.0926 1.6200 -0.5514
v 0.0926 1.6200 -0.5514
v 0.0926 1.6200 -0.5514
v 0.0926 1.6200 -0.5514
v 0.0926 1.6200 -0.5514
v -0.1352 3.1940 -0.0160
v -0.1352 3.1940 -0.0160
v -0.1352 3.1940 -0.0160
v -0.1352 3.1940 -0.0160
v -0.1352 3.1940 -0.0160
v -0.1352 3.1940 -0.0160
v -0.1352 3.1940 -0.0160
v -0.0158 3.1552 -0.0160
v -0.0608 3.1552 0.0773
v -0.1617 3.1552 0.1003
v -0.2427 3.1552 0.0358
v -0.2427 3.1552 -0.0678
v -0.1617 3.1552 -0.1324
v -0.0608 3.1552 -0.1093
v 0.0579 3.0537 -0.0160
v -0.0148 3.0537 0.1349
v -0.1781 3.0537 0.1722
v -0.3091 3.0537 0.0678
v -0.3091 3.0537 -0.0998
v -0.1781 3.0537 -0.2043
v -0.0148 3.0537 -0.1670
v 0.0579 2.9282 -0.0160
v -0.0148 2.9282 0.1349
v -0.1781 2.9282 0.1722
v -0.3091 2.9282 0.0678
v -0.3091 2.9282 -0.0998
v -0.1781 2.9282 -0.2043
v -0.0148 2.9282 -0.1670
v -0.0158 2.8267 -0.0160
v -0.0608 2.8267 0.0773
v -0.1617 2.8267 0.1003
v -0.2427 2.8267 0.0358
v -0.2427 2.8267 -0.0678
v -0.1617 2.8267 -0.1324
v -0.0608 2.8267 -0.1093
v -0.1352 2.7880 -0.0160
v -0.1352 2.7880 -0.0160
v -0.1352 2.7880 -0.0160
v -0.1352 2.7880 -0.0160
v -0.1352 2.7880 -0.0160
v -0.1352 2.7880 -0.0160
v -0.1352 2.7880 -0.0160
v -0.0392 3.0717 0.3825
v -0.0392 3.0717 0.3825
v -0.0392 3.0717 0.3825
v -0.0392 3.0717 0.3825
v -0.0392 3.0717 0.3825
v -0.0392 3.0717 0.3825
v -0.0392 3.0717 0.3825
v 0.0711 3.0359 0.3825
v 0.0296 3.0359 0.4687
v -0.0637 3.0359 0.4900
v -0.1385 3.0359 0.4303
v -0.1385 3.0359 0.3347
v -0.0637 3.0359 0.2751
v 0.0296 3.0359 0.2963
v 0.1392 2.9421 0.3825
v 0.0720 2.9421 0.5220
v -0.0788 2.9421 0.5564
v -0.1998 2.9421 0.4599
v -0.1998 2.9421 0.3051
v -0.0788 2.9421 0.2086
v 0.0720 2.9421 0.2431
v 0.1392 2.8262 0.3825
v 0.0720 2.8262 0.5220
v -0.0788 2.8262 0.5564
v -0.1998 2.8262 0.4599
v -0.1998 2.8262 0.3051
v -0.0788 2.8262 0.2086
v 0.0720 2.8262 0.2431
v 0.0711 2.7325 0.3825
v 0.0296 2.7325 0.4687
v -0.0637 2.7325 0.4900
v -0.1385 2.7325 0.4303
v -0.1385 2.7325 0.3347
v -0.0637 2.7325 0.2751
v 0.0296 2.7325 0.2963
v -0.0392 2.6966 0.3825
v -0.0392 2.6966 0.3825
v -0.0392 2.6966 0.3825
v -0.0392 2.6966 0.3825
v -0.0392 2.6966 0.3825
v -0.0392 2.6966 0.3825
v -0.0392 2.6966 0.3825
v 0.4228 1.9499 -0.3213
v 0.4228 1.9499 -0.3213
v 0.4228 1.9499 -0.3213
v 0.4228 1.9499 -0.3213
v 0.4228 1.9499 -0.3213
v 0.4228 1.9499 -0.3213
v 0.4228 1.9499 -0.3213
v 0.5162 1.9196 -0.3213
v 0.4810 1.9196 -0.2483
v 0.4020 1.9196 -0.2303
v 0.3387 1.9196 -0.2808
v 0.3387 1.9196 -0.3618
v 0.4020 1.9196 -0.4123
v 0.4810 1.9196 -0.3942
v 0.5738 1.8402 -0.3213
v 0.5170 1.8402 -0.2032
v 0.3892 1.8402 -0.1740
v 0.2867 1.8402 -0.2557
v 0.2867 1.8402 -0.3868
v 0.3892 1.8402 -0.4685
v 0.5170 1.8402 -0.4393
v 0.5738 1.7420 -0.3213
v 0.5170 1.7420 -0.2032
v 0.3892 1.7420 -0.1740
v 0.2867 1.7420 -0.2557
v 0.2867 1.7420 -0.3868
v 0.3892 1.7420 -0.4685
v 0.5170 1.7420 -0.4393
v 0.5162 1.6626 -0.3213
v 0.4810 1.6626 -0.2483
v 0.4020 1.6626 -0.2303
v 0.3387 1.6626 -0.2808
v 0.3387 1.6626 -0.3618
v 0.4020 1.6626 -0.4123
v 0.4810 1.6626 -0.3942
v 0.4228 1.6323 -0.3213
v 0.4228 1.6323 -0.3213
v 0.4228 1.6323 -0.3213
v 0.4228 1.6323 -0.3213
v 0.4228 1.6323 -0.3213
v 0.4228 1.6323 -0.3213
v 0.4228 1.6323 -0.3213
v 0.1142 3.0872 -0.3548
v 0.1142 3.0872 -0.3548
v 0.1142 3.0872 -0.3548
v 0.1142 3.0872 -0.3548
v 0.1142 3.0872 -0.3548
v 0.1142 3.0872 -0.3548
v 0.1142 3.0872 -0.3548
v 0.2288 3.0500 -0.3548
v 0.1857 3.0500 -0.2652
v 0.0886 3.0500 -0.2430
v 0.0108 3.0500 -0.3051
v 0.0108 3.0500 -0.4046
v 0.0886 3.0500 -0.4666
v 0.1857 3.0500 -0.4445
v 0.2997 2.9524 -0.3548
v 0.2299 2.9524 -0.2097
v 0.0729 2.9524 -0.1739
v -0.0530 2.9524 -0.2743
v -0.0530 2.9524 -0.4353
v 0.0729 2.9524 -0.5357
v 0.2299 2.9524 -0.4999
v 0.2997 2.8318 -0.3548
v 0.2299 2.8318 -0.2097
v 0.0729 2.8318 -0.1739
v -0.0530 2.8318 -0.2743
v -0.0530 2.8318 -0.4353
v 0.0729 2.8318 -0.5357
v 0.2299 2.8318 -0.4999
v 0.2288 2.7343 -0.3548
v 0.1857 2.7343 -0.2652
v 0.0886 2.7343 -0.2430
v 0.0108 2.7343 -0.3051
v 0.0108 2.7343 -0.4046
v 0.0886 2.7343 -0.4666
v 0.1857 2.7343 -0.4445
v 0.1142 2.6970 -0.3548
v 0.1142 2.6970 -0.3548
v 0.1142 2.6970 -0.3548
v 0.1142 2.6970 -0.3548
v 0.1142 2.6970 -0.3548
v 0.1142 2.6970 -0.3548
v 0.1142 2.6970 -0.3548
v 0.1066 1.7679 -0.1611
v 0.1066 1.7679 -0.1611
v 0.1066 1.7679 -0.1611
v 0.1066 1.7679 -0.1611
v 0.1066 1.7679 -0.1611
v 0.1066 1.7679 -0.1611
v 0.1066 1.7679 -0.1611
v 0.2267 1.7289 -0.1611
v 0.1815 1.7289 -0.0672
v 0.0799 1.7289 -0.0440
v -0.0017 1.7289 -0.1090
v -0.0017 1.7289 -0.2132
v 0.0799 1.7289 -0.2782
v 0.1815 1.7289 -0.2550
v 0.3010 1.6267 -0.1611
v 0.2278 1.6267 -0.0091
v 0.0633 1.6267 0.0284
v -0.0686 1.6267 -0.0768
v -0.0686 1.6267 -0.2454
v 0.0633 1.6267 -0.3506
v 0.2278 1.6267 -0.3131
v 0.3010 1.5004 -0.1611
v 0.2278 1.5004 -0.0091
v 0.0633 1.5004 0.0284
v -0.0686 1.5004 -0.0768
v -0.0686 1.5004 -0.2454
v 0.0633 1.5004 -0.3506
v 0.2278 1.5004 -0.3131
v 0.2267 1.3982 -0.1611
v 0.1815 1.3982 -0.0672
v 0.0799 1.3982 -0.0440
v -0.0017 1.3982 -0.1090
v -0.0017 1.3982 -0.2132
v 0.0799 1.3982 -0.2782
v 0.1815 1.3982 -0.2550
v 0.1066 1.3591 -0.1611
v 0.1066 1.3591 -0.1611
v 0.1066 1.3591 -0.1611
v 0.1066 1.3591 -0.1611
v 0.1066 1.3591 -0.1611
v 0.1066 1.3591 -0.1611
v 0.1066 1.3591 -0.1611
v -0.4126 2.6967 -0.5066
v -0.4126 2.6967 -0.5066
v -0.4126 2.6967 -0.5066
v -0.4126 2.6967 -0.5066
v -0.4126 2.6967 -0.5066
v -0.4126 2.6967 -0.5066
v -0.4126 2.6967 -0.5066
v -0.3168 2.6656 -0.5066
v -0.3529 2.6656 -0.4318
v -0.4339 2.6656 -0.4133
v -0.4989 2.6656 -0.4651
v -0.4989 2.6656 -0.5482
v -0.4339 2.6656 -0.6000
v -0.3529 2.6656 -0.5815
v -0.2576 2.5841 -0.5066
v -0.3160 2.5841 -0.3855
v -0.4471 2.5841 -0.3556
v -0.5522 2.5841 -0.4394
v -0.5522 2.5841 -0.5739
v -0.4471 2.5841 -0.6577
v -0.3160 2.5841 -0.6278
v -0.2576 2.4834 -0.5066
v -0.3160 2.4834 -0.3855
v -0.4471 2.4834 -0.3556
v -0.5522 2.4834 -0.4394
v -0.5522 2.4834 -0.5739
v -0.4471 2.4834 -0.6577
v -0.3160 2.4834 -0.6278
v -0.3168 2.4020 -0.5066
v -0.3529 2.4020 -0.4318
v -0.4339 2.4020 -0.4133
v -0.4989 2.4020 -0.4651
v -0.4989 2.4020 -0.5482
v -0.4339 2.4020 -0.6000
v -0.3529 2.4020 -0.5815
v -0.4126 2.3708 -0.5066
v -0.4126 2.3708 -0.5066
v -0.4126 2.3708 -0.5066
v -0.4126 2.3708 -0.5066
v -0.4126 2.3708 -0.5066
v -0.4126 2.3708 -0.5066
v -0.4126 2.3708 -0.5066
v 0.0249 1.9729 -0.5146
v 0.0249 1.9729 -0.5146
v 0.0249 1.9729 -0.5146
v 0.0249 1.9729 -0.5146
v 0.0249 1.9729 -0.5146
v 0.0249 1.9729 -0.5146
v 0.0249 1.9729 -0.5146
v 0.1427 1.9346 -0.5146
v 0.0984 1.9346 -0.4225
v -0.0013 1.9346 -0.3997
v -0.0813 1.9346 -0.4635
v -0.0813 1.9346 -0.5657
v -0.0013 1.9346 -0.6295
v 0.0984 1.9346 -0.6067
v 0.2156 1.8344 -0.5146
v 0.1438 1.8344 -0.3655
v -0.0175 1.8344 -0.3287
v -0.1469 1.8344 -0.4319
v -0.1469 1.8344 -0.5973
v -0.0175 1.8344 -0.7005
v 0.1438 1.8344 -0.6637
v 0.2156 1.7105 -0.5146
v 0.1438 1.7105 -0.3655
v -0.0175 1.7105 -0.3287
v -0.1469 1.7105 -0.4319
v -0.1469 1.7105 -0.5973
v -0.0175 1.7105 -0.7005
v 0.1438 1.7105 -0.6637
v 0.1427 1.6102 -0.5146
v 0.0984 1.6102 -0.4225
v -0.0013 1.6102 -0.3997
v -0.0813 1.6102 -0.4635
v -0.0813 1.6102 -0.5657
v -0.0013 1.6102 -0.6295
v 0.0984 1.6102 -0.6067
v 0.0249 1.5719 -0.5146
v 0.0249 1.5719 -0.5146
v 0.0249 1.5719 -0.5146
v 0.0249 1.5719 -0.5146
v 0.0249 1.5719 -0.5146
v 0.0249 1.5719 -0.5146
v 0.0249 1.5719 -0.5146
v -0.3637 1.8278 -0.0992
v -0.3637 1.8278 -0.0992
v -0.3637 1.8278 -0.0992
v -0.3637 1.8278 -0.0992
v -0.3637 1.8278 -0.0992
v -0.3637 1.8278 -0.0992
v -0.3637 1.8278 -0.0992
v -0.2596 1.7940 -0.0992
v -0.2988 1.7940 -0.0178
v -0.3868 1.7940 0.0023
v -0.4575 1.7940 -0.0540
v -0.4575 1.7940 -0.1443
v -0.3868 1.7940 -0.2007
v -0.2988 1.7940 -0.1806
v -0.1952 1.7054 -0.0992
v -0.2586 1.7054 0.0325
v -0.4012 1.7054 0.0651
v -0.5154 1.7054 -0.0261
v -0.5154 1.7054 -0.1723
v -0.4012 1.7054 -0.2634
v -0.2586 1.7054 -0.2309
v -0.1952 1.5959 -0.0992
v -0.2586 1.5959 0.0325
v -0.4012 1.5959 0.0651
v -0.5154 1.5959 -0.0261
v -0.5154 1.5959 -0.1723
v -0.4012 1.5959 -0.2634
v -0.2586 1.5959 -0.2309
v -0.2596 1.5074 -0.0992
v -0.2988 1.5074 -0.0178
v -0.3868 1.5074 0.0023
v -0.4575 1.5074 -0.0540
v -0.4575 1.5074 -0.1443
v -0.3868 1.5074 -0.2007
v -0.2988 1.5074 -0.1806
v -0.3637 1.4735 -0.0992
v -0.3637 1.4735 -0.0992
v -0.3637 1.4735 -0.0992
v -0.3637 1.4735 -0.0992
v -0.3637 1.4735 -0.0992
v -0.3637 1.4735 -0.0992
v -0.3637 1.4735 -0.0992
v -0.1235 2.3739 -0.6855
v -0.1235 2.3739 -0.6855
v -0.1235 2.3739 -0.6855
v -0.1235 2.3739 -0.6855
v -0.1235 2.3739 -0.6855
v -0.1235 2.3739 -0.6855
v -0.1235 2.3739 -0.6855
v -0.0196 2.3401 -0.6855
v -0.0587 2.3401 -0.6043
v -0.1466 2.3401 -0.5843
v -0.2170 2.3401 -0.6405
v -0.2170 2.3401 -0.7306
v -0.1466 2.3401 -0.7868
v -0.0587 2.3401 -0.7667
v 0.0446 2.2518 -0.6855
v -0.0187 2.2518 -0.5541
v -0.1609 2.2518 -0.5217
v -0.2749 2.2518 -0.6126
v -0.2749 2.2518 -0.7584
v -0.1609 2.2518 -0.8494
v -0.0187 2.2518 -0.8169
v 0.0446 2.1426 -0.6855
v -0.0187 2.1426 -0.5541
v -0.1609 2.1426 -0.5217
v -0.2749 2.1426 -0.6126
v -0.2749 2.1426 -0.7584
v -0.1609 2.1426 -0.8494
v -0.0187 2.1426 -0.8169
v -0.0196 2.0542 -0.6855
v -0.0587 2.0542 -0.6043
v -0.1466 2.0542 -0.5843
v -0.2170 2.0542 -0.6405
v -0.2170 2.0542 -0.7306
v -0.1466 2.0542 -0.7868
v -0.0587 2.0542 -0.7667
v -0.1235 2.0205 -0.6855
v -0.1235 2.0205 -0.6855
v -0.1235 2.0205 -0.6855
v -0.1235 2.0205 -0.6855
v -0.1235 2.0205 -0.6855
v -0.1235 2.0205 -0.6855
v -0.1235 2.0205 -0.6855
v 0.3509 1.8448 -0.1945
v 0.3509 1.8448 -0.1945
v 0.3509 1.8448 -0.1945
v 0.3509 1.8448 -0.1945
v 0.3509 1.8448 -0.1945
v 0.3509 1.8448 -0.1945
v 0.3509 1.8448 -0.1945
v 0.4550 1.8110 -0.1945
v 0.4158 1.8110 -0.1131
v 0.3278 1.8110 -0.0930
v 0.2571 1.8110 -0.1493
v 0.2571 1.8110 -0.2396
v 0.3278 1.8110 -0.2960
v 0.4158 1.8110 -0.2759
v 0.5194 1.7224 -0.1945
v 0.4560 1.7224 -0.0628
v 0.3134 1.7224 -0.0302
v 0.1992 1.7224 -0.1214
v 0.1992 1.7224 -0.2676
v 0.3134 1.7224 -0.3587
v 0.4560 1.7224 -0.3262
v 0.5194 1.6130 -0.1945
v 0.4560 1.6130 -0.0628
v 0.3134 1.6130 -0.0302
v 0.1992 1.6130 -0.1214
v 0.1992 1.6130 -0.2676
v 0.3134 1.6130 -0.3587
v 0.4560 1.6130 -0.3262
v 0.4550 1.5244 -0.1945
v 0.4158 1.5244 -0.1131
v 0.3278 1.5244 -0.0930
v 0.2571 1.5244 -0.1493
v 0.2571 1.5244 -0.2396
v 0.3278 1.5244 -0.2960
v 0.4158 1.5244 -0.2759
v 0.3509 1.4906 -0.1945
v 0.3509 1.4906 -0.1945
v 0.3509 1.4906 -0.1945
v 0.3509 1.4906 -0.1945
v 0.3509 1.4906 -0.1945
v 0.3509 1.4906 -0.1945
v 0.3509 1.4906 -0.1945
v 0.0186 3.1606 -0.2848
v 0.0186 3.1606 -0.2848
v 0.0186 3.1606 -0.2848
v 0.0186 3.1606 -0.2848
v 0.0186 3.1606 -0.2848
v 0.0186 3.1606 -0.2848
v 0.0186 3.1606 -0.2848
v 0.1476 3.1187 -0.2848
v 0.0990 3.1187 -0.1839
v -0.0101 3.1187 -0.1590
v -0.0977 3.1187 -0.2288
v -0.0977 3.1187 -0.3408
v -0.0101 3.1187 -0.4106
v 0.0990 3.1187 -0.3857
v 0.2274 3.0090 -0.2848
v 0.1488 3.0090 -0.1216
v -0.0279 3.0090 -0.0813
v -0.1695 3.0090 -0.1942
v -0.1695 3.0090 -0.3754
v -0.0279 3.0090 -0.4883
v 0.1488 3.0090 -0.4480
v 0.2274 2.8733 -0.2848
v 0.1488 2.8733 -0.1216
v -0.0279 2.8733 -0.0813
v -0.1695 2.8733 -0.1942
v -0.1695 2.8733 -0.3754
v -0.0279 2.8733 -0.4883
v 0.1488 2.8733 -0.4480
v 0.1476 2.7635 -0.2848
v 0.0990 2.7635 -0.1839
v -0.0101 2.7635 -0.1590
v -0.0977 2.7635 -0.2288
v -0.0977 2.7635 -0.3408
v -0.0101 2.7635 -0.4106
v 0.0990 2.7635 -0.3857
v 0.0186 2.7216 -0.2848
v 0.0186 2.7216 -0.2848
v 0.0186 2.7216 -0.2848
v 0.0186 2.7216 -0.2848
v 0.0186 2.7216 -0.2848
v 0.0186 2.7216 -0.2848
v 0.0186 2.7216 -0.2848
v -0.0709 3.1393 -0.2967
v -0.0709 3.1393 -0.2967
v -0.0709 3.1393 -0.2967
v -0.0709 3.1393 -0.2967
v -0.0709 3.1393 -0.2967
v -0.0709 3.1393 -0.2967
v -0.0709 3.1393 -0.2967
v 0.0512 3.0996 -0.2967
v 0.0053 3.0996 -0.2013
v -0.0981 3.0996 -0.1777
v -0.1809 3.0996 -0.2437
v -0.1809 3.0996 -0.3497
v -0.0981 3.0996 -0.4158
v 0.0053 3.0996 -0.3922
v 0.1267 2.9957 -0.2967
v 0.0523 2.9957 -0.1422
v -0.1149 2.9957 -0.1041
v -0.2489 2.9957 -0.2110
v -0.2489 2.9957 -0.3825
v -0.1149 2.9957 -0.4894
v 0.0523 2.9957 -0.4512
v 0.1267 2.8673 -0.2967
v 0.0523 2.8673 -0.1422
v -0.1149 2.8673 -0.1041
v -0.2489 2.8673 -0.2110
v -0.2489 2.8673 -0.3825
v -0.1149 2.8673 -0.4894
v 0.0523 2.8673 -0.4512
v 0.0512 2.7634 -0.2967
v 0.0053 2.7634 -0.2013
v -0.0981 2.7634 -0.1777
v -0.1809 2.7634 -0.2437
v -0.1809 2.7634 -0.3497
v -0.0981 2.7634 -0.4158
v 0.0053 2.7634 -0.3922
v -0.0709 2.7237 -0.2967
v -0.0709 2.7237 -0.2967
v -0.0709 2.7237 -0.2967
v -0.0709 2.7237 -0.2967
v -0.0709 2.7237 -0.2967
v -0.0709 2.7237 -0.2967
v -0.0709 2.7237 -0.2967
v 0.1927 3.1346 -0.0147
v 0.1927 3.1346 -0.0147
v 0.1927 3.1346 -0.0147
v 0.1927 3.1346 -0.0147
v 0.1927 3.1346 -0.0147
v 0.1927 3.1346 -0.0147
v 0.1927 3.1346 -0.0147
v 0.2857 3.1044 -0.0147
v 0.2507 3.1044 0.0580
v 0.1720 3.1044 0.0759
v 0.1090 3.1044 0.0256
v 0.1090 3.1044 -0.0551
v 0.1720 3.1044 -0.1054
v 0.2507 3.1044 -0.0874
v 0.3432 3.0253 -0.0147
v 0.2865 3.0253 0.1029
v 0.1593 3.0253 0.1319
v 0.0572 3.0253 0.0506
v 0.0572 3.0253 -0.0800
v 0.1593 3.0253 -0.1614
v 0.2865 3.0253 -0.1323
v 0.3432 2.9275 -0.0147
v 0.2865 2.9275 0.1029
v 0.1593 2.9275 0.1319
v 0.0572 2.9275 0.0506
v 0.0572 2.9275 -0.0800
v 0.1593 2.9275 -0.1614
v 0.2865 2.9275 -0.1323
v 0.2857 2.8485 -0.0147
v 0.2507 2.8485 0.0580
v 0.1720 2.8485 0.0759
v 0.1090 2.8485 0.0256
v 0.1090 2.8485 -0.0551
v 0.1720 2.8485 -0.1054
v 0.2507 2.8485 -0.0874
v 0.1927 2.8182 -0.0147
v 0.1927 2.8182 -0.0147
v 0.1927 2.8182 -0.0147
v 0.1927 2.8182 -0.0147
v 0.1927 2.8182 -0.0147
v 0.1927 2.8182 -0.0147
v 0.1927 2.8182 -0.0147
v -0.3201 3.0821 -0.1630
v -0.3201 3.0821 -0.1630
v -0.3201 3.0821 -0.1630
v -0.3201 3.0821 -0.1630
v -0.3201 3.0821 -0.1630
v -0.3201 3.0821 -0.1630
v -0.3201 3.0821 -0.1630
v -0.2135 3.0475 -0.1630
v -0.2537 3.0475 -0.0797
v -0.3438 3.0475 -0.0591
v -0.4161 3.0475 -0.1167
v -0.4161 3.0475 -0.2092
v -0.3438 3.0475 -0.2668
v -0.2537 3.0475 -0.2463
v -0.1477 2.9569 -0.1630
v -0.2126 2.9569 -0.0282
v -0.3584 2.9569 0.0051
v -0.4754 2.9569 -0.0882
v -0.4754 2.9569 -0.2378
v -0.3584 2.9569 -0.3310
v -0.2126 2.9569 -0.2977
v -0.1477 2.8449 -0.1630
v -0.2126 2.8449 -0.0282
v -0.3584 2.8449 0.0051
v -0.4754 2.8449 -0.0882
v -0.4754 2.8449 -0.2378
v -0.3584 2.8449 -0.3310
v -0.2126 2.8449 -0.2977
v -0.2135 2.7542 -0.1630
v -0.2537 2.7542 -0.0797
v -0.3438 2.7542 -0.0591
v -0.4161 2.7542 -0.1167
v -0.4161 2.7542 -0.2092
v -0.3438 2.7542 -0.2668
v -0.2537 2.7542 -0.2463
v -0.3201 2.7196 -0.1630
v -0.3201 2.7196 -0.1630
v -0.3201 2.7196 -0.1630
v -0.3201 2.7196 -0.1630
v -0.3201 2.7196 -0.1630
v -0.3201 2.7196 -0.1630
v -0.3201 2.7196 -0.1630
v -0.2180 2.8942 0.5288
v -0.2180 2.8942 0.5288
v -0.2180 2.8942 0.5288
v -0.2180 2.8942 0.5288
v -0.2180 2.8942 0.5288
v -0.2180 2.8942 0.5288
v -0.2180 2.8942 0.5288
v -0.1002 2.8559 0.5288
v -0.1445 2.8559 0.6209
v -0.2442 2.8559 0.6436
v -0.3241 2.8559 0.5799
v -0.3241 2.8559 0.4777
v -0.2442 2.8559 0.4139
v -0.1445 2.8559 0.4367
v -0.0274 2.7557 0.5288
v -0.0992 2.7557 0.6778
v -0.2604 2.7557 0.7146
v -0.3897 2.7557 0.6115
v -0.3897 2.7557 0.4461
v -0.2604 2.7557 0.3430
v -0.0992 2.7557 0.3798
v -0.0274 2.6318 0.5288
v -0.0992 2.6318 0.6778
v -0.2604 2.6318 0.7146
v -0.3897 2.6318 0.6115
v -0.3897 2.6318 0.4461
v -0.2604 2.6318 0.3430
v -0.0992 2.6318 0.3798
v -0.1002 2.5317 0.5288
v -0.1445 2.5317 0.6209
v -0.2442 2.5317 0.6436
v -0.3241 2.5317 0.5799
v -0.3241 2.5317 0.4777
v -0.2442 2.5317 0.4139
v -0.1445 2.5317 0.4367
v -0.2180 2.4934 0.5288
v -0.2180 2.4934 0.5288
v -0.2180 2.4934 0.5288
v -0.2180 2.4934 0.5288
v -0.2180 2.4934 0.5288
v -0.2180 2.4934 0.5288
v -0.2180 2.4934 0.5288
v 0.2545 3.1376 0.0536
v 0.2545 3.1376 0.0536
v 0.2545 3.1376 0.0536
v 0.2545 3.1376 0.0536
v 0.2545 3.1376 0.0536
v 0.2545 3.1376 0.0536
v 0.2545 3.1376 0.0536
v 0.3634 3.1023 0.0536
v 0.3224 3.1023 0.1387
v 0.2302 3.1023 0.1597
v 0.1564 3.1023 0.1008
v 0.1564 3.1023 0.0063
v 0.2302 3.1023 -0.0526
v 0.3224 3.1023 -0.0315
v 0.4306 3.0096 0.0536
v 0.3643 3.0096 0.1913
v 0.2153 3.0096 0.2253
v 0.0958 3.0096 0.1300
v 0.0958 3.0096 -0.0229
v 0.2153 3.0096 -0.1182
v 0.3643 3.0096 -0.0842
v 0.4306 2.8952 0.0536
v 0.3643 2.8952 0.1913
v 0.2153 2.8952 0.2253
v 0.0958 2.8952 0.1300
v 0.0958 2.8952 -0.0229
v 0.2153 2.8952 -0.1182
v 0.3643 2.8952 -0.0842
v 0.3634 2.8025 0.0536
v 0.3224 2.8025 0.1387
v 0.2302 2.8025 0.1597
v 0.1564 2.8025 0.1008
v 0.1564 2.8025 0.0063
v 0.2302 2.8025 -0.0526
v 0.3224 2.8025 -0.0315
v 0.2545 2.7672 0.0536
v 0.2545 2.7672 0.0536
v 0.2545 2.7672 0.0536
v 0.2545 2.7672 0.0536
v 0.2545 2.7672 0.0536
v 0.2545 2.7672 0.0536
v 0.2545 2.7672 0.0536
v 0.1146 3.1641 0.2295
v 0.1146 3.1641 0.2295
v 0.1146 3.1641 0.2295
v 0.1146 3.1641 0.2295
v 0.1146 3.1641 0.2295
v 0.1146 3.1641 0.2295
v 0.1146 3.1641 0.2295
v 0.2382 3.1239 0.2295
v 0.1916 3.1239 0.3261
v 0.0871 3.1239 0.3500
v 0.0033 3.1239 0.2831
v 0.0033 3.1239 0.1759
v 0.0871 3.1239 0.1091
v 0.1916 3.1239 0.1329
v 0.3145 3.0188 0.2295
v 0.2393 3.0188 0.3858
v 0.0701 3.0188 0.4245
v -0.0656 3.0188 0.3163
v -0.0656 3.0188 0.1428
v 0.0701 3.0188 0.0346
v 0.2393 3.0188 0.0732
v 0.3145 2.8889 0.2295
v 0.2393 2.8889 0.3858
v 0.0701 2.8889 0.4245
v -0.0656 2.8889 0.3163
v -0.0656 2.8889 0.1428
v 0.0701 2.8889 0.0346
v 0.2393 2.8889 0.0732
v 0.2382 2.7838 0.2295
v 0.1916 2.7838 0.3261
v 0.0871 2.7838 0.3500
v 0.0033 2.7838 0.2831
v 0.0033 2.7838 0.1759
v 0.0871 2.7838 0.1091
v 0.1916 2.7838 0.1329
v 0.1146 2.7436 0.2295
v 0.1146 2.7436 0.2295
v 0.1146 2.7436 0.2295
v 0.1146 2.7436 0.2295
v 0.1146 2.7436 0.2295
v 0.1146 2.7436 0.2295
v 0.1146 2.7436 0.2295
v -0.4839 2.4560 -0.5058
v -0.4839 2.4560 -0.5058
v -0.4839 2.4560 -0.5058
v -0.4839 2.4560 -0.5058
v -0.4839 2.4560 -0.5058
v -0.4839 2.4560 -0.5058
v -0.4839 2.4560 -0.5058
v -0.3736 2.4202 -0.5058
v -0.4151 2.4202 -0.4197
v -0.5084 2.4202 -0.3984
v -0.5832 2.4202 -0.4580
v -0.5832 2.4202 -0.5537
v -0.5084 2.4202 -0.6133
v -0.4151 2.4202 -0.5920
v -0.3055 2.3264 -0.5058
v -0.3727 2.3264 -0.3664
v -0.5236 2.3264 -0.3320
v -0.6446 2.3264 -0.4285
v -0.6446 2.3264 -0.5832
v -0.5236 2.3264 -0.6797
v -0.3727 2.3264 -0.6453
v -0.3055 2.2105 -0.5058
v -0.3727 2.2105 -0.3664
v -0.5236 2.2105 -0.3320
v -0.6446 2.2105 -0.4285
v -0.6446 2.2105 -0.5832
v -0.5236 2.2105 -0.6797
v -0.3727 2.2105 -0.6453
v -0.3736 2.1167 -0.5058
v -0.4151 2.1167 -0.4197
v -0.5084 2.1167 -0.3984
v -0.5832 2.1167 -0.4580
v -0.5832 2.1167 -0.5537
v -0.5084 2.1167 -0.6133
v -0.4151 2.1167 -0.5920
v -0.4839 2.0809 -0.5058
v -0.4839 2.0809 -0.5058
v -0.4839 2.0809 -0.5058
v -0.4839 2.0809 -0.5058
v -0.4839 2.0809 -0.5058
v -0.4839 2.0809 -0.5058
v -0.4839 2.0809 -0.5058
v 0.1658 2.7437 -0.6324
v 0.1658 2.7437 -0.6324
v 0.1658 2.7437 -0.6324
v 0.1658 2.7437 -0.6324
v 0.1658 2.7437 -0.6324
v 0.1658 2.7437 -0.6324
v 0.1658 2.7437 -0.6324
v 0.2899 2.7033 -0.6324
v 0.2432 2.7033 -0.5354
v 0.1382 2.7033 -0.5114
v 0.0540 2.7033 -0.5786
v 0.0540 2.7033 -0.6863
v 0.1382 2.7033 -0.7534
v 0.2432 2.7033 -0.7295
v 0.3666 2.5978 -0.6324
v 0.2910 2.5978 -0.4754
v 0.1212 2.5978 -0.4367
v -0.0151 2.5978 -0.5453
v -0.0151 2.5978 -0.7196
v 0.1212 2.5978 -0.8282
v 0.2910 2.5978 -0.7894
v 0.3666 2.4673 -0.6324
v 0.2910 2.4673 -0.4754
v 0.1212 2.4673 -0.4367
v -0.0151 2.4673 -0.5453
v -0.0151 2.4673 -0.7196
v 0.1212 2.4673 -0.8282
v 0.2910 2.4673 -0.7894
v 0.2899 2.3617 -0.6324
v 0.2432 2.3617 -0.5354
v 0.1382 2.3617 -0.5114
v 0.0540 2.3617 -0.5786
v 0.0540 2.3617 -0.6863
v 0.1382 2.3617 -0.7534
v 0.2432 2.3617 -0.7295
v 0.1658 2.3214 -0.6324
v 0.1658 2.3214 -0.6324
v 0.1658 2.3214 -0.6324
v 0.1658 2.3214 -0.6324
v 0.1658 2.3214 -0.6324
v 0.1658 2.3214 -0.6324
v 0.1658 2.3214 -0.6324
v 0.2384 3.0558 0.2749
v 0.2384 3.0558 0.2749
v 0.2384 3.0558 0.2749
v 0.2384 3.0558 0.2749
v 0.2384 3.0558 0.2749
v 0.2384 3.0558 0.2749
v 0.2384 3.0558 0.2749
v 0.3312 3.0257 0.2749
v 0.2962 3.0257 0.3475
v 0.2177 3.0257 0.3654
v 0.1547 3.0257 0.3152
v 0.1547 3.0257 0.2346
v 0.2177 3.0257 0.1844
v 0.2962 3.0257 0.2023
v 0.3886 2.9467 0.2749
v 0.3320 2.9467 0.3923
v 0.2049 2.9467 0.4213
v 0.1030 2.9467 0.3401
v 0.1030 2.9467 0.2097
v 0.2049 2.9467 0.1285
v 0.3320 2.9467 0.1575
v 0.3886 2.8491 0.2749
v 0.3320 2.8491 0.3923
v 0.2049 2.8491 0.4213
v 0.1030 2.8491 0.3401
v 0.1030 2.8491 0.2097
v 0.2049 2.8491 0.1285
v 0.3320 2.8491 0.1575
v 0.3312 2.7701 0.2749
v 0.2962 2.7701 0.3475
v 0.2177 2.7701 0.3654
v 0.1547 2.7701 0.3152
v 0.1547 2.7701 0.2346
v 0.2177 2.7701 0.1844
v 0.2962 2.7701 0.2023
v 0.2384 2.7400 0.2749
v 0.2384 2.7400 0.2749
v 0.2384 2.7400 0.2749
v 0.2384 2.7400 0.2749
v 0.2384 2.7400 0.2749
v 0.2384 2.7400 0.2749
v 0.2384 2.7400 0.2749
v 0.4445 2.9953 -0.0851
v 0.4445 2.9953 -0.0851
v 0.4445 2.9953 -0.0851
v 0.4445 2.9953 -0.0851
v 0.4445 2.9953 -0.0851
v 0.4445 2.9953 -0.0851
v 0.4445 2.9953 -0.0851
v 0.5412 2.9639 -0.0851
v 0.5048 2.9639 -0.0094
v 0.4229 2.9639 0.0092
v 0.3573 2.9639 -0.0431
v 0.3573 2.9639 -0.1270
v 0.4229 2.9639 -0.1793
v 0.5048 2.9639 -0.1607
v 0.6009 2.8816 -0.0851
v 0.5420 2.8816 0.0373
v 0.4096 2.8816 0.0675
v 0.3035 2.8816 -0.0172
v 0.3035 2.8816 -0.1530
v 0.4096 2.8816 -0.2376
v 0.5420 2.8816 -0.2074
v 0.6009 2.7799 -0.0851
v 0.5420 2.7799 0.0373
v 0.4096 2.7799 0.0675
v 0.3035 2.7799 -0.0172
v 0.3035 2.7799 -0.1530
v 0.4096 2.7799 -0.2376
v 0.5420 2.7799 -0.2074
v 0.5412 2.6977 -0.0851
v 0.5048 2.6977 -0.0094
v 0.4229 2.6977 0.0092
v 0.3573 2.6977 -0.0431
v 0.3573 2.6977 -0.1270
v 0.4229 2.6977 -0.1793
v 0.5048 2.6977 -0.1607
v 0.4445 2.6662 -0.0851
v 0.4445 2.6662 -0.0851
v 0.4445 2.6662 -0.0851
v 0.4445 2.6662 -0.0851
v 0.4445 2.6662 -0.0851
v 0.4445 2.6662 -0.0851
v 0.4445 2.6662 -0.0851
v -0.4643 2.8456 -0.3372
v -0.4643 2.8456 -0.3372
v -0.4643 2.8456 -0.3372
v -0.4643 2.8456 -0.3372
v -0.4643 2.8456 -0.3372
v -0.4643 2.8456 -0.3372
v -0.4643 2.8456 -0.3372
v -0.3734 2.8161 -0.3372
v -0.4076 2.8161 -0.2661
v -0.4845 2.8161 -0.2486
v -0.5462 2.8161 -0.2978
v -0.5462 2.8161 -0.3767
v -0.4845 2.8161 -0.4258
v -0.4076 2.8161 -0.4083
v -0.3172 2.7387 -0.3372
v -0.3726 2.7387 -0.2222
v -0.4970 2.7387 -0.1938
v -0.5968 2.7387 -0.2734
v -0.5968 2.7387 -0.4010
v -0.4970 2.7387 -0.4806
v -0.3726 2.7387 -0.4522
v -0.3172 2.6432 -0.3372
v -0.3726 2.6432 -0.2222
v -0.4970 2.6432 -0.1938
v -0.5968 2.6432 -0.2734
v -0.5968 2.6432 -0.4010
v -0.4970 2.6432 -0.4806
v -0.3726 2.6432 -0.4522
v -0.3734 2.5658 -0.3372
v -0.4076 2.5658 -0.2661
v -0.4845 2.5658 -0.2486
v -0.5462 2.5658 -0.2978
v -0.5462 2.5658 -0.3767
v -0.4845 2.5658 -0.4258
v -0.4076 2.5658 -0.4083
v -0.4643 2.5363 -0.3372
v -0.4643 2.5363 -0.3372
v -0.4643 2.5363 -0.3372
v -0.4643 2.5363 -0.3372
v -0.4643 2.5363 -0.3372
v -0.4643 2.5363 -0.3372
v -0.4643 2.5363 -0.3372
v -0.4509 3.0338 0.1006
v -0.4509 3.0338 0.1006
v -0.4509 3.0338 0.1006
v -0.4509 3.0338 0.1006
v -0.4509 3.0338 0.1006
v -0.4509 3.0338 0.1006
v -0.4509 3.0338 0.1006
v -0.3265 2.9934 0.1006
v -0.3734 2.9934 0.1979
v -0.4786 2.9934 0.2219
v -0.5630 2.9934 0.1546
v -0.5630 2.9934 0.0466
v -0.4786 2.9934 -0.0207
v -0.3734 2.9934 0.0033
v -0.2496 2.8876 0.1006
v -0.3254 2.8876 0.2580
v -0.4957 2.8876 0.2969
v -0.6323 2.8876 0.1879
v -0.6323 2.8876 0.0133
v -0.4957 2.8876 -0.0956
v -0.3254 2.8876 -0.0568
v -0.2496 2.7568 0.1006
v -0.3254 2.7568 0.2580
v -0.4957 2.7568 0.2969
v -0.6323 2.7568 0.1879
v -0.6323 2.7568 0.0133
v -0.4957 2.7568 -0.0956
v -0.3254 2.7568 -0.0568
v -0.3265 2.6509 0.1006
v -0.3734 2.6509 0.1979
v -0.4786 2.6509 0.2219
v -0.5630 2.6509 0.1546
v -0.5630 2.6509 0.0466
v -0.4786 2.6509 -0.0207
v -0.3734 2.6509 0.0033
v -0.4509 2.6105 0.1006
v -0.4509 2.6105 0.1006
v -0.4509 2.6105 0.1006
v -0.4509 2.6105 0.1006
v -0.4509 2.6105 0.1006
v -0.4509 2.6105 0.1006
v -0.4509 2.6105 0.1006
v 0.2443 1.9733 -0.4512
v 0.2443 1.9733 -0.4512
v 0.2443 1.9733 -0.4512
v 0.2443 1.9733 -0.4512
v 0.2443 1.9733 -0.4512
v 0.2443 1.9733 -0.4512
v 0.2443 1.9733 -0.4512
v 0.3638 1.9345 -0.4512
v 0.3188 1.9345 -0.3578
v 0.2177 1.9345 -0.3347
v 0.1366 1.9345 -0.3994
v 0.1366 1.9345 -0.5030
v 0.2177 1.9345 -0.5677
v 0.3188 1.9345 -0.5446
v 0.4376 1.8328 -0.4512
v 0.3648 1.8328 -0.3000
v 0.2013 1.8328 -0.2627
v 0.0701 1.8328 -0.3673
v 0.0701 1.8328 -0.5351
v 0.2013 1.8328 -0.6397
v 0.3648 1.8328 -0.6023
v 0.4376 1.7072 -0.4512
v 0.3648 1.7072 -0.3000
v 0.2013 1.7072 -0.2627
v 0.0701 1.7072 -0.3673
v 0.0701 1.7072 -0.5351
v 0.2013 1.7072 -0.6397
v 0.3648 1.7072 -0.6023
v 0.3638 1.6056 -0.4512
v 0.3188 1.6056 -0.3578
v 0.2177 1.6056 -0.3347
v 0.1366 1.6056 -0.3994
v 0.1366 1.6056 -0.5030
v 0.2177 1.6056 -0.5677
v 0.3188 1.6056 -0.5446
v 0.2443 1.5667 -0.4512
v 0.2443 1.5667 -0.4512
v 0.2443 1.5667 -0.4512
v 0.2443 1.5667 -0.4512
v 0.2443 1.5667 -0.4512
v 0.2443 1.5667 -0.4512
v 0.2443 1.5667 -0.4512
v 0.3419 2.0613 -0.4725
v 0.3419 2.0613 -0.4725
v 0.3419 2.0613 -0.4725
v 0.3419 2.0613 -0.4725
v 0.3419 2.0613 -0.4725
v 0.3419 2.0613 -0.4725
v 0.3419 2.0613 -0.4725
v 0.4581 2.0235 -0.4725
v 0.4144 2.0235 -0.3817
v 0.3161 2.0235 -0.3592
v 0.2372 2.0235 -0.4221
v 0.2372 2.0235 -0.5229
v 0.3161 2.0235 -0.5858
v 0.4144 2.0235 -0.5634
v 0.5299 1.9247 -0.4725
v 0.4592 1.9247 -0.3255
v 0.3001 1.9247 -0.2892
v 0.1725 1.9247 -0.3909
v 0.1725 1.9247 -0.5541
v 0.3001 1.9247 -0.6558
v 0.4592 1.9247 -0.6195
v 0.5299 1.8025 -0.4725
v 0.4592 1.8025 -0.3255
v 0.3001 1.8025 -0.2892
v 0.1725 1.8025 -0.3909
v 0.1725 1.8025 -0.5541
v 0.3001 1.8025 -0.6558
v 0.4592 1.8025 -0.6195
v 0.4581 1.7037 -0.4725
v 0.4144 1.7037 -0.3817
v 0.3161 1.7037 -0.3592
v 0.2372 1.7037 -0.4221
v 0.2372 1.7037 -0.5229
v 0.3161 1.7037 -0.5858
v 0.4144 1.7037 -0.5634
v 0.3419 1.6659 -0.4725
v 0.3419 1.6659 -0.4725
v 0.3419 1.6659 -0.4725
v 0.3419 1.6659 -0.4725
v 0.3419 1.6659 -0.4725
v 0.3419 1.6659 -0.4725
v 0.3419 1.6659 -0.4725
v 0.0140 3.0728 -0.3420
v 0.0140 3.0728 -0.3420
v 0.0140 3.0728 -0.3420
v 0.0140 3.0728 -0.3420
v 0.0140 3.0728 -0.3420
v 0.0140 3.0728 -0.3420
v 0.0140 3.0728 -0.3420
v 0.1090 3.0419 -0.3420
v 0.0733 3.0419 -0.2677
v -0.0071 3.0419 -0.2494
v -0.0716 3.0419 -0.3007
v -0.0716 3.0419 -0.3832
v -0.0071 3.0419 -0.4346
v 0.0733 3.0419 -0.4162
v 0.1677 2.9611 -0.3420
v 0.1099 2.9611 -0.2218
v -0.0202 2.9611 -0.1921
v -0.1245 2.9611 -0.2753
v -0.1245 2.9611 -0.4086
v -0.0202 2.9611 -0.4918
v 0.1099 2.9611 -0.4621
v 0.1677 2.8612 -0.3420
v 0.1099 2.8612 -0.2218
v -0.0202 2.8612 -0.1921
v -0.1245 2.8612 -0.2753
v -0.1245 2.8612 -0.4086
v -0.0202 2.8612 -0.4918
v 0.1099 2.8612 -0.4621
v 0.1090 2.7804 -0.3420
v 0.0733 2.7804 -0.2677
v -0.0071 2.7804 -0.2494
v -0.0716 2.7804 -0.3007
v -0.0716 2.7804 -0.3832
v -0.0071 2.7804 -0.4346
v 0.0733 2.7804 -0.4162
v 0.0140 2.7496 -0.3420
v 0.0140 2.7496 -0.3420
v 0.0140 2.7496 -0.3420
v 0.0140 2.7496 -0.3420
v 0.0140 2.7496 -0.3420
v 0.0140 2.7496 -0.3420
v 0.0140 2.7496 -0.3420
v -0.1915 1.7501 -0.1331
v -0.1915 1.7501 -0.1331
v -0.1915 1.7501 -0.1331
v -0.1915 1.7501 -0.1331
v -0.1915 1.7501 -0.1331
v -0.1915 1.7501 -0.1331
v -0.1915 1.7501 -0.1331
v -0.0898 1.7170 -0.1331
v -0.1281 1.7170 -0.0536
v -0.2142 1.7170 -0.0339
v -0.2832 1.7170 -0.0889
v -0.2832 1.7170 -0.1772
v -0.2142 1.7170 -0.2323
v -0.1281 1.7170 -0.2126
v -0.0270 1.6305 -0.1331
v -0.0889 1.6305 -0.0044
v -0.2282 1.6305 0.0274
v -0.3398 1.6305 -0.0617
v -0.3398 1.6305 -0.2045
v -0.2282 1.6305 -0.2935
v -0.0889 1.6305 -0.2618
v -0.0270 1.5235 -0.1331
v -0.0889 1.5235 -0.0044
v -0.2282 1.5235 0.0274
v -0.3398 1.5235 -0.0617
v -0.3398 1.5235 -0.2045
v -0.2282 1.5235 -0.2935
v -0.0889 1.5235 -0.2618
v -0.0898 1.4370 -0.1331
v -0.1281 1.4370 -0.0536
v -0.2142 1.4370 -0.0339
v -0.2832 1.4370 -0.0889
v -0.2832 1.4370 -0.1772
v -0.2142 1.4370 -0.2323
v -0.1281 1.4370 -0.2126
v -0.1915 1.4039 -0.1331
v -0.1915 1.4039 -0.1331
v -0.1915 1.4039 -0.1331
v -0.1915 1.4039 -0.1331
v -0.1915 1.4039 -0.1331
v -0.1915 1.4039 -0.1331
v -0.1915 1.4039 -0.1331
v -0.1314 1.9021 -0.4304
v -0.1314 1.9021 -0.4304
v -0.1314 1.9021 -0.4304
v -0.1314 1.9021 -0.4304
v -0.1314 1.9021 -0.4304
v -0.1314 1.9021 -0.4304
v -0.1314 1.9021 -0.4304
v -0.0167 1.8648 -0.4304
v -0.0599 1.8648 -0.3408
v -0.1569 1.8648 -0.3186
v -0.2347 1.8648 -0.3807
v -0.2347 1.8648 -0.4801
v -0.1569 1.8648 -0.5422
v -0.0599 1.8648 -0.5200
v 0.0541 1.7673 -0.4304
v -0.0157 1.7673 -0.2854
v -0.1727 1.7673 -0.2495
v -0.2985 1.7673 -0.3499
v -0.2985 1.7673 -0.5109
v -0.1727 1.7673 -0.6113
v -0.0157 1.7673 -0.5754
v 0.0541 1.6467 -0.4304
v -0.0157 1.6467 -0.2854
v -0.1727 1.6467 -0.2495
v -0.2985 1.6467 -0.3499
v -0.2985 1.6467 -0.5109
v -0.1727 1.6467 -0.6113
v -0.0157 1.6467 -0.5754
v -0.0167 1.5492 -0.4304
v -0.0599 1.5492 -0.3408
v -0.1569 1.5492 -0.3186
v -0.2347 1.5492 -0.3807
v -0.2347 1.5492 -0.4801
v -0.1569 1.5492 -0.5422
v -0.0599 1.5492 -0.5200
v -0.1314 1.5120 -0.4304
v -0.1314 1.5120 -0.4304
v -0.1314 1.5120 -0.4304
v -0.1314 1.5120 -0.4304
v -0.1314 1.5120 -0.4304
v -0.1314 1.5120 -0.4304
v -0.1314 1.5120 -0.4304
v -0.2374 2.6998 -0.6239
v -0.2374 2.6998 -0.6239
v -0.2374 2.6998 -0.6239
v -0.2374 2.6998 -0.6239
v -0.2374 2.6998 -0.6239
v -0.2374 2.6998 -0.6239
v -0.2374 2.6998 -0.6239
v -0.1149 2.6600 -0.6239
v -0.1610 2.6600 -0.5281
v -0.2647 2.6600 -0.5044
v -0.3478 2.6600 -0.5707
v -0.3478 2.6600 -0.6770
v -0.2647 2.6600 -0.7433
v -0.1610 2.6600 -0.7196
v -0.0392 2.5557 -0.6239
v -0.1138 2.5557 -0.4689
v -0.2815 2.5557 -0.4306
v -0.4161 2.5557 -0.5378
v -0.4161 2.5557 -0.7099
v -0.2815 2.5557 -0.8171
v -0.1138 2.5557 -0.7789
v -0.0392 2.4269 -0.6239
v -0.1138 2.4269 -0.4689
v -0.2815 2.4269 -0.4306
v -0.4161 2.4269 -0.5378
v -0.4161 2.4269 -0.7099
v -0.2815 2.4269 -0.8171
v -0.1138 2.4269 -0.7789
v -0.1149 2.3227 -0.6239
v -0.1610 2.3227 -0.5281
v -0.2647 2.3227 -0.5044
v -0.3478 2.3227 -0.5707
v -0.3478 2.3227 -0.6770
v -0.2647 2.3227 -0.7433
v -0.1610 2.3227 -0.7196
v -0.2374 2.2829 -0.6239
v -0.2374 2.2829 -0.6239
v -0.2374 2.2829 -0.6239
v -0.2374 2.2829 -0.6239
v -0.2374 2.2829 -0.6239
v -0.2374 2.2829 -0.6239
v -0.2374 2.2829 -0.6239
v -0.2887 2.8186 -0.5224
v -0.2887 2.8186 -0.5224
v -0.2887 2.8186 -0.5224
v -0.2887 2.8186 -0.5224
v -0.2887 2.8186 -0.5224
v -0.2887 2.8186 -0.5224
v -0.2887 2.8186 -0.5224
v -0.1919 2.7872 -0.5224
v -0.2283 2.7872 -0.4468
v -0.3102 2.7872 -0.4281
v -0.3759 2.7872 -0.4804
v -0.3759 2.7872 -0.5644
v -0.3102 2.7872 -0.6168
v -0.2283 2.7872 -0.5981
v -0.1321 2.7049 -0.5224
v -0.1911 2.7049 -0.4000
v -0.3235 2.7049 -0.3698
v -0.4297 2.7049 -0.4545
v -0.4297 2.7049 -0.5904
v -0.3235 2.7049 -0.6751
v -0.1911 2.7049 -0.6448
v -0.1321 2.6031 -0.5224
v -0.1911 2.6031 -0.4000
v -0.3235 2.6031 -0.3698
v -0.4297 2.6031 -0.4545
v -0.4297 2.6031 -0.5904
v -0.3235 2.6031 -0.6751
v -0.1911 2.6031 -0.6448
v -0.1919 2.5208 -0.5224
v -0.2283 2.5208 -0.4468
v -0.3102 2.5208 -0.4281
v -0.3759 2.5208 -0.4804
v -0.3759 2.5208 -0.5644
v -0.3102 2.5208 -0.6168
v -0.2283 2.5208 -0.5981
v -0.2887 2.4894 -0.5224
v -0.2887 2.4894 -0.5224
v -0.2887 2.4894 -0.5224
v -0.2887 2.4894 -0.5224
v -0.2887 2.4894 -0.5224
v -0.2887 2.4894 -0.5224
v -0.2887 2.4894 -0.5224
v 0.0836 2.3436 -0.6907
v 0.0836 2.3436 -0.6907
v 0.0836 2.3436 -0.6907
v 0.0836 2.3436 -0.6907
v 0.0836 2.3436 -0.6907
v 0.0836 2.3436 -0.6907
v 0.0836 2.3436 -0.6907
v 0.1745 2.3141 -0.6907
v 0.1403 2.3141 -0.6197
v 0.0634 2.3141 -0.6021
v 0.0017 2.3141 -0.6513
v 0.0017 2.3141 -0.7301
v 0.0634 2.3141 -0.7793
v 0.1403 2.3141 -0.7617
v 0.2306 2.2368 -0.6907
v 0.1753 2.2368 -0.5758
v 0.0509 2.2368 -0.5474
v -0.0488 2.2368 -0.6269
v -0.0488 2.2368 -0.7545
v 0.0509 2.2368 -0.8340
v 0.1753 2.2368 -0.8056
v 0.2306 2.1412 -0.6907
v 0.1753 2.1412 -0.5758
v 0.0509 2.1412 -0.5474
v -0.0488 2.1412 -0.6269
v -0.0488 2.1412 -0.7545
v 0.0509 2.1412 -0.8340
v 0.1753 2.1412 -0.8056
v 0.1745 2.0640 -0.6907
v 0.1403 2.0640 -0.6197
v 0.0634 2.0640 -0.6021
v 0.0017 2.0640 -0.6513
v 0.0017 2.0640 -0.7301
v 0.0634 2.0640 -0.7793
v 0.1403 2.0640 -0.7617
v 0.0836 2.0344 -0.6907
v 0.0836 2.0344 -0.6907
v 0.0836 2.0344 -0.6907
v 0.0836 2.0344 -0.6907
v 0.0836 2.0344 -0.6907
v 0.0836 2.0344 -0.6907
v 0.0836 2.0344 -0.6907
v -0.1225 2.6908 -0.6521
v -0.1225 2.6908 -0.6521
v -0.1225 2.6908 -0.6521
v -0.1225 2.6908 -0.6521
v -0.1225 2.6908 -0.6521
v -0.1225 2.6908 -0.6521
v -0.1225 2.6908 -0.6521
v -0.0128 2.6551 -0.6521
v -0.0541 2.6551 -0.5664
v -0.1469 2.6551 -0.5452
v -0.2213 2.6551 -0.6045
v -0.2213 2.6551 -0.6997
v -0.1469 2.6551 -0.7591
v -0.0541 2.6551 -0.7379
v 0.0550 2.5618 -0.6521
v -0.0118 2.5618 -0.5133
v -0.1620 2.5618 -0.4791
v -0.2824 2.5618 -0.5751
v -0.2824 2.5618 -0.7291
v -0.1620 2.5618 -0.8252
v -0.0118 2.5618 -0.7909
v 0.0550 2.4465 -0.6521
v -0.0118 2.4465 -0.5133
v -0.1620 2.4465 -0.4791
v -0.2824 2.4465 -0.5751
v -0.2824 2.4465 -0.7291
v -0.1620 2.4465 -0.8252
v -0.0118 2.4465 -0.7909
v -0.0128 2.3532 -0.6521
v -0.0541 2.3532 -0.5664
v -0.1469 2.3532 -0.5452
v -0.2213 2.3532 -0.6045
v -0.2213 2.3532 -0.6997
v -0.1469 2.3532 -0.7591
v -0.0541 2.3532 -0.7379
v -0.1225 2.3175 -0.6521
v -0.1225 2.3175 -0.6521
v -0.1225 2.3175 -0.6521
v -0.1225 2.3175 -0.6521
v -0.1225 2.3175 -0.6521
v -0.1225 2.3175 -0.6521
v -0.1225 2.3175 -0.6521
v -0.6471 2.3796 -0.2473
v -0.6471 2.3796 -0.2473
v -0.6471 2.3796 -0.2473
v -0.6471 2.3796 -0.2473
v -0.6471 2.3796 -0.2473
v -0.6471 2.3796 -0.2473
v -0.6471 2.3796 -0.2473
v -0.5206 2.3385 -0.2473
v -0.5682 2.3385 -0.1484
v -0.6752 2.3385 -0.1240
v -0.7611 2.3385 -0.1924
v -0.7611 2.3385 -0.3022
v -0.6752 2.3385 -0.3707
v -0.5682 2.3385 -0.3463
v -0.4424 2.2309 -0.2473
v -0.5194 2.2309 -0.0873
v -0.6926 2.2309 -0.0478
v -0.8315 2.2309 -0.1585
v -0.8315 2.2309 -0.3362
v -0.6926 2.2309 -0.4469
v -0.5194 2.2309 -0.4074
v -0.4424 2.0978 -0.2473
v -0.5194 2.0978 -0.0873
v -0.6926 2.0978 -0.0478
v -0.8315 2.0978 -0.1585
v -0.8315 2.0978 -0.3362
v -0.6926 2.0978 -0.4469
v -0.5194 2.0978 -0.4074
v -0.5206 1.9902 -0.2473
v -0.5682 1.9902 -0.1484
v -0.6752 1.9902 -0.1240
v -0.7611 1.9902 -0.1924
v -0.7611 1.9902 -0.3022
v -0.6752 1.9902 -0.3707
v -0.5682 1.9902 -0.3463
v -0.6471 1.9491 -0.2473
v -0.6471 1.9491 -0.2473
v -0.6471 1.9491 -0.2473
v -0.6471 1.9491 -0.2473
v -0.6471 1.9491 -0.2473
v -0.6471 1.9491 -0.2473
v -0.6471 1.9491 -0.2473
v -0.0806 3.1938 0.0246
v -0.0806 3.1938 0.0246
v -0.0806 3.1938 0.0246
v -0.0806 3.1938 0.0246
v -0.0806 3.1938 0.0246
v -0.0806 3.1938 0.0246
v -0.0806 3.1938 0.0246
v 0.0335 3.1567 0.0246
v -0.0094 3.1567 0.1139
v -0.1060 3.1567 0.1359
v -0.1834 3.1567 0.0741
v -0.1834 3.1567 -0.0249
v -0.1060 3.1567 -0.0867
v -0.0094 3.1567 -0.0646
v 0.1041 3.0597 0.0246
v 0.0345 3.0597 0.1690
v -0.1217 3.0597 0.2047
v -0.2470 3.0597 0.1047
v -0.2470 3.0597 -0.0555
v -0.1217 3.0597 -0.1554
v 0.0345 3.0597 -0.1198
v 0.1041 2.9396 0.0246
v 0.0345 2.9396 0.1690
v -0.1217 2.9396 0.2047
v -0.2470 2.9396 0.1047
v -0.2470 2.9396 -0.0555
v -0.1217 2.9396 -0.1554
v 0.0345 2.9396 -0.1198
v 0.0335 2.8426 0.0246
v -0.0094 2.8426 0.1139
v -0.1060 2.8426 0.1359
v -0.1834 2.8426 0.0741
v -0.1834 2.8426 -0.0249
v -0.1060 2.8426 -0.0867
v -0.0094 2.8426 -0.0646
v -0.0806 2.8055 0.0246
v -0.0806 2.8055 0.0246
v -0.0806 2.8055 0.0246
v -0.0806 2.8055 0.0246
v -0.0806 2.8055 0.0246
v -0.0806 2.8055 0.0246
v -0.0806 2.8055 0.0246
v 0.2842 3.0422 -0.2713
v 0.2842 3.0422 -0.2713
v 0.2842 3.0422 -0.2713
v 0.2842 3.0422 -0.2713
v 0.2842 3.0422 -0.2713
v 0.2842 3.0422 -0.2713
v 0.2842 3.0422 -0.2713
v 0.3805 3.0109 -0.2713
v 0.3442 3.0109 -0.1960
v 0.2627 3.0109 -0.1774
v 0.1974 3.0109 -0.2295
v 0.1974 3.0109 -0.3131
v 0.2627 3.0109 -0.3652
v 0.3442 3.0109 -0.3466
v 0.4400 2.9289 -0.2713
v 0.3813 2.9289 -0.1495
v 0.2495 2.9289 -0.1194
v 0.1438 2.9289 -0.2037
v 0.1438 2.9289 -0.3389
v 0.2495 2.9289 -0.4232
v 0.3813 2.9289 -0.3931
v 0.4400 2.8277 -0.2713
v 0.3813 2.8277 -0.1495
v 0.2495 2.8277 -0.1194
v 0.1438 2.8277 -0.2037
v 0.1438 2.8277 -0.3389
v 0.2495 2.8277 -0.4232
v 0.3813 2.8277 -0.3931
v 0.3805 2.7458 -0.2713
v 0.3442 2.7458 -0.1960
v 0.2627 2.7458 -0.1774
v 0.1974 2.7458 -0.2295
v 0.1974 2.7458 -0.3131
v 0.2627 2.7458 -0.3652
v 0.3442 2.7458 -0.3466
v 0.2842 2.7145 -0.2713
v 0.2842 2.7145 -0.2713
v 0.2842 2.7145 -0.2713
v 0.2842 2.7145 -0.2713
v 0.2842 2.7145 -0.2713
v 0.2842 2.7145 -0.2713
v 0.2842 2.7145 -0.2713
v 0.0012 2.6057 -0.6879
v 0.0012 2.6057 -0.6879
v 0.0012 2.6057 -0.6879
v 0.0012 2.6057 -0.6879
v 0.0012 2.6057 -0.6879
v 0.0012 2.6057 -0.6879
v 0.0012 2.6057 -0.6879
v 0.1185 2.5676 -0.6879
v 0.0744 2.5676 -0.5962
v -0.0249 2.5676 -0.5735
v -0.1044 2.5676 -0.6370
v -0.1044 2.5676 -0.7388
v -0.0249 2.5676 -0.8022
v 0.0744 2.5676 -0.7796
v 0.1910 2.4679 -0.6879
v 0.1195 2.4679 -0.5395
v -0.0410 2.4679 -0.5029
v -0.1697 2.4679 -0.6055
v -0.1697 2.4679 -0.7702
v -0.0410 2.4679 -0.8729
v 0.1195 2.4679 -0.8362
v 0.1910 2.3446 -0.6879
v 0.1195 2.3446 -0.5395
v -0.0410 2.3446 -0.5029
v -0.1697 2.3446 -0.6055
v -0.1697 2.3446 -0.7702
v -0.0410 2.3446 -0.8729
v 0.1195 2.3446 -0.8362
v 0.1185 2.2448 -0.6879
v 0.0744 2.2448 -0.5962
v -0.0249 2.2448 -0.5735
v -0.1044 2.2448 -0.6370
v -0.1044 2.2448 -0.7388
v -0.0249 2.2448 -0.8022
v 0.0744 2.2448 -0.7796
v 0.0012 2.2067 -0.6879
v 0.0012 2.2067 -0.6879
v 0.0012 2.2067 -0.6879
v 0.0012 2.2067 -0.6879
v 0.0012 2.2067 -0.6879
v 0.0012 2.2067 -0.6879
v 0.0012 2.2067 -0.6879
v 0.2439 2.3677 -0.6511
v 0.2439 2.3677 -0.6511
v 0.2439 2.3677 -0.6511
v 0.2439 2.3677 -0.6511
v 0.2439 2.3677 -0.6511
v 0.2439 2.3677 -0.6511
v 0.2439 2.3677 -0.6511
v 0.3513 2.3328 -0.6511
v 0.3108 2.3328 -0.5672
v 0.2200 2.3328 -0.5465
v 0.1472 2.3328 -0.6046
v 0.1472 2.3328 -0.6977
v 0.2200 2.3328 -0.7558
v 0.3108 2.3328 -0.7350
v 0.4176 2.2415 -0.6511
v 0.3522 2.2415 -0.5153
v 0.2053 2.2415 -0.4818
v 0.0874 2.2415 -0.5758
v 0.0874 2.2415 -0.7265
v 0.2053 2.2415 -0.8204
v 0.3522 2.2415 -0.7869
v 0.4176 2.1287 -0.6511
v 0.3522 2.1287 -0.5153
v 0.2053 2.1287 -0.4818
v 0.0874 2.1287 -0.5758
v 0.0874 2.1287 -0.7265
v 0.2053 2.1287 -0.8204
v 0.3522 2.1287 -0.7869
v 0.3513 2.0374 -0.6511
v 0.3108 2.0374 -0.5672
v 0.2200 2.0374 -0.5465
v 0.1472 2.0374 -0.6046
v 0.1472 2.0374 -0.6977
v 0.2200 2.0374 -0.7558
v 0.3108 2.0374 -0.7350
v 0.2439 2.0025 -0.6511
v 0.2439 2.0025 -0.6511
v 0.2439 2.0025 -0.6511
v 0.2439 2.0025 -0.6511
v 0.2439 2.0025 -0.6511
v 0.2439 2.0025 -0.6511
v 0.2439 2.0025 -0.6511
v 0.2788 2.2364 -0.6032
v 0.2788 2.2364 -0.6032
v 0.2788 2.2364 -0.6032
v 0.2788 2.2364 -0.6032
v 0.2788 2.2364 -0.6032
v 0.2788 2.2364 -0.6032
v 0.2788 2.2364 -0.6032
v 0.3949 2.1987 -0.6032
v 0.3512 2.1987 -0.5124
v 0.2530 2.1987 -0.4900
v 0.1743 2.1987 -0.5528
v 0.1743 2.1987 -0.6536
v 0.2530 2.1987 -0.7163
v 0.3512 2.1987 -0.6939
v 0.4666 2.1000 -0.6032
v 0.3959 2.1000 -0.4564
v 0.2371 2.1000 -0.4201
v 0.1096 2.1000 -0.5217
v 0.1096 2.1000 -0.6847
v 0.2371 2.1000 -0.7863
v 0.3959 2.1000 -0.7500
v 0.4666 1.9780 -0.6032
v 0.3959 1.9780 -0.4564
v 0.2371 1.9780 -0.4201
v 0.1096 1.9780 -0.5217
v 0.1096 1.9780 -0.6847
v 0.2371 1.9780 -0.7863
v 0.3959 1.9780 -0.7500
v 0.3949 1.8792 -0.6032
v 0.3512 1.8792 -0.5124
v 0.2530 1.8792 -0.4900
v 0.1743 1.8792 -0.5528
v 0.1743 1.8792 -0.6536
v 0.2530 1.8792 -0.7163
v 0.3512 1.8792 -0.6939
v 0.2788 1.8415 -0.6032
v 0.2788 1.8415 -0.6032
v 0.2788 1.8415 -0.6032
v 0.2788 1.8415 -0.6032
v 0.2788 1.8415 -0.6032
v 0.2788 1.8415 -0.6032
v 0.2788 1.8415 -0.6032
v -0.2400 2.3300 0.5200
v -0.2400 2.3300 0.5200
v -0.2400 2.3300 0.5200
v -0.2400 2.3300 0.5200
v -0.2400 2.3300 0.5200
v -0.2400 2.3300 0.5200
v -0.2400 2.3300 0.5200
v -0.2400 2.3300 0.5200
v -0.2400 2.3300 0.5200
v -0.2400 2.3300 0.5200
v -0.2400 2.3300 0.5200
v -0.2400 2.3300 0.5200
v -0.1936 2.3227 0.5200
v -0.1999 2.3227 0.5432
v -0.2168 2.3227 0.5601
v -0.2400 2.3227 0.5664
v -0.2632 2.3227 0.5601
v -0.2801 2.3227 0.5432
v -0.2864 2.3227 0.5200
v -0.2801 2.3227 0.4968
v -0.2632 2.3227 0.4799
v -0.2400 2.3227 0.4736
v -0.2168 2.3227 0.4799
v -0.1999 2.3227 0.4968
v -0.1518 2.3014 0.5200
v -0.1636 2.3014 0.5641
v -0.1959 2.3014 0.5964
v -0.2400 2.3014 0.6082
v -0.2841 2.3014 0.5964
v -0.3164 2.3014 0.5641
v -0.3282 2.3014 0.5200
v -0.3164 2.3014 0.4759
v -0.2841 2.3014 0.4436
v -0.2400 2.3014 0.4318
v -0.1959 2.3014 0.4436
v -0.1636 2.3014 0.4759
v -0.1186 2.2682 0.5200
v -0.1349 2.2682 0.5807
v -0.1793 2.2682 0.6251
v -0.2400 2.2682 0.6414
v -0.3007 2.2682 0.6251
v -0.3451 2.2682 0.5807
v -0.3614 2.2682 0.5200
v -0.3451 2.2682 0.4593
v -0.3007 2.2682 0.4149
v -0.2400 2.2682 0.3986
v -0.1793 2.2682 0.4149
v -0.1349 2.2682 0.4593
v -0.0973 2.2264 0.5200
v -0.1165 2.2264 0.5913
v -0.1687 2.2264 0.6435
v -0.2400 2.2264 0.6627
v -0.3113 2.2264 0.6435
v -0.3635 2.2264 0.5913
v -0.3827 2.2264 0.5200
v -0.3635 2.2264 0.4487
v -0.3113 2.2264 0.3965
v -0.2400 2.2264 0.3773
v -0.1687 2.2264 0.3965
v -0.1165 2.2264 0.4487
v -0.0900 2.1800 0.5200
v -0.1101 2.1800 0.5950
v -0.1650 2.1800 0.6499
v -0.2400 2.1800 0.6700
v -0.3150 2.1800 0.6499
v -0.3699 2.1800 0.5950
v -0.3900 2.1800 0.5200
v -0.3699 2.1800 0.4450
v -0.3150 2.1800 0.3901
v -0.2400 2.1800 0.3700
v -0.1650 2.1800 0.3901
v -0.1101 2.1800 0.4450
v -0.0973 2.1336 0.5200
v -0.1165 2.1336 0.5913
v -0.1687 2.1336 0.6435
v -0.2400 2.1336 0.6627
v -0.3113 2.1336 0.6435
v -0.3635 2.1336 0.5913
v -0.3827 2.1336 0.5200
v -0.3635 2.1336 0.4487
v -0.3113 2.1336 0.3965
v -0.2400 2.1336 0.3773
v -0.1687 2.1336 0.3965
v -0.1165 2.1336 0.4487
v -0.1186 2.0918 0.5200
v -0.1349 2.0918 0.5807
v -0.1793 2.0918 0.6251
v -0.2400 2.0918 0.6414
v -0.3007 2.0918 0.6251
v -0.3451 2.0918 0.5807
v -0.3614 2.0918 0.5200
v -0.3451 2.0918 0.4593
v -0.3007 2.0918 0.4149
v -0.2400 2.0918 0.3986
v -0.1793 2.0918 0.4149
v -0.1349 2.0918 0.4593
v -0.1518 2.0586 0.5200
v -0.1636 2.0586 0.5641
v -0.1959 2.0586 0.5964
v -0.2400 2.0586 0.6082
v -0.2841 2.0586 0.5964
v -0.3164 2.0586 0.5641
v -0.3282 2.0586 0.5200
v -0.3164 2.0586 0.4759
v -0.2841 2.0586 0.4436
v -0.2400 2.0586 0.4318
v -0.1959 2.0586 0.4436
v -0.1636 2.0586 0.4759
v -0.1936 2.0373 0.5200
v -0.1999 2.0373 0.5432
v -0.2168 2.0373 0.5601
v -0.2400 2.0373 0.5664
v -0.2632 2.0373 0.5601
v -0.2801 2.0373 0.5432
v -0.2864 2.0373 0.5200
v -0.2801 2.0373 0.4968
v -0.2632 2.0373 0.4799
v -0.2400 2.0373 0.4736
v -0.2168 2.0373 0.4799
v -0.1999 2.0373 0.4968
v -0.2400 2.0300 0.5200
v -0.2400 2.0300 0.5200
v -0.2400 2.0300 0.5200
v -0.2400 2.0300 0.5200
v -0.2400 2.0300 0.5200
v -0.2400 2.0300 0.5200
v -0.2400 2.0300 0.5200
v -0.2400 2.0300 0.5200
v -0.2400 2.0300 0.5200
v -0.2400 2.0300 0.5200
v -0.2400 2.0300 0.5200
v -0.2400 2.0300 0.5200
v 0.0050 2.1800 0.5500
v -0.0053 2.1800 0.5747
v -0.0300 2.1800 0.5850
v -0.0547 2.1800 0.5747
v -0.0650 2.1800 0.5500
v -0.0547 2.1800 0.5253
v -0.0300 2.1800 0.5150
v -0.0053 2.1800 0.5253
v -0.0049 2.2490 0.5500
v -0.0148 2.2461 0.5747
v -0.0385 2.2392 0.5850
v -0.0623 2.2322 0.5747
v -0.0721 2.2293 0.5500
v -0.0623 2.2322 0.5253
v -0.0385 2.2392 0.5150
v -0.0148 2.2461 0.5253
v -0.0339 2.3125 0.5500
v -0.0425 2.3069 0.5747
v -0.0633 2.2935 0.5850
v -0.0842 2.2802 0.5747
v -0.0928 2.2746 0.5500
v -0.0842 2.2802 0.5253
v -0.0633 2.2935 0.5150
v -0.0425 2.3069 0.5253
v -0.0796 2.3652 0.5500
v -0.0863 2.3574 0.5747
v -0.1025 2.3387 0.5850
v -0.1187 2.3200 0.5747
v -0.1254 2.3123 0.5500
v -0.1187 2.3200 0.5253
v -0.1025 2.3387 0.5150
v -0.0863 2.3574 0.5253
v -0.1382 2.4029 0.5500
v -0.1425 2.3935 0.5747
v -0.1528 2.3710 0.5850
v -0.1630 2.3485 0.5747
v -0.1673 2.3392 0.5500
v -0.1630 2.3485 0.5253
v -0.1528 2.3710 0.5150
v -0.1425 2.3935 0.5253
v -0.2051 2.4225 0.5500
v -0.2066 2.4124 0.5747
v -0.2101 2.3879 0.5850
v -0.2136 2.3634 0.5747
v -0.2151 2.3532 0.5500
v -0.2136 2.3634 0.5253
v -0.2101 2.3879 0.5150
v -0.2066 2.4124 0.5253
v -0.2749 2.4225 0.5500
v -0.2734 2.4124 0.5747
v -0.2699 2.3879 0.5850
v -0.2664 2.3634 0.5747
v -0.2649 2.3532 0.5500
v -0.2664 2.3634 0.5253
v -0.2699 2.3879 0.5150
v -0.2734 2.4124 0.5253
v -0.3418 2.4029 0.5500
v -0.3375 2.3935 0.5747
v -0.3272 2.3710 0.5850
v -0.3170 2.3485 0.5747
v -0.3127 2.3392 0.5500
v -0.3170 2.3485 0.5253
v -0.3272 2.3710 0.5150
v -0.3375 2.3935 0.5253
v -0.4004 2.3652 0.5500
v -0.3937 2.3574 0.5747
v -0.3775 2.3387 0.5850
v -0.3613 2.3200 0.5747
v -0.3546 2.3123 0.5500
v -0.3613 2.3200 0.5253
v -0.3775 2.3387 0.5150
v -0.3937 2.3574 0.5253
v -0.4461 2.3125 0.5500
v -0.4375 2.3069 0.5747
v -0.4167 2.2935 0.5850
v -0.3958 2.2802 0.5747
v -0.3872 2.2746 0.5500
v -0.3958 2.2802 0.5253
v -0.4167 2.2935 0.5150
v -0.4375 2.3069 0.5253
v -0.4751 2.2490 0.5500
v -0.4652 2.2461 0.5747
v -0.4415 2.2392 0.5850
v -0.4177 2.2322 0.5747
v -0.4079 2.2293 0.5500
v -0.4177 2.2322 0.5253
v -0.4415 2.2392 0.5150
v -0.4652 2.2461 0.5253
v -0.4850 2.1800 0.5500
v -0.4747 2.1800 0.5747
v -0.4500 2.1800 0.5850
v -0.4253 2.1800 0.5747
v -0.4150 2.1800 0.5500
v -0.4253 2.1800 0.5253
v -0.4500 2.1800 0.5150
v -0.4747 2.1800 0.5253
v -0.4751 2.1110 0.5500
v -0.4652 2.1139 0.5747
v -0.4415 2.1208 0.5850
v -0.4177 2.1278 0.5747
v -0.4079 2.1307 0.5500
v -0.4177 2.1278 0.5253
v -0.4415 2.1208 0.5150
v -0.4652 2.1139 0.5253
v -0.4461 2.0475 0.5500
v -0.4375 2.0531 0.5747
v -0.4167 2.0665 0.5850
v -0.3958 2.0798 0.5747
v -0.3872 2.0854 0.5500
v -0.3958 2.0798 0.5253
v -0.4167 2.0665 0.5150
v -0.4375 2.0531 0.5253
v -0.4004 1.9948 0.5500
v -0.3937 2.0026 0.5747
v -0.3775 2.0213 0.5850
v -0.3613 2.0400 0.5747
v -0.3546 2.0477 0.5500
v -0.3613 2.0400 0.5253
v -0.3775 2.0213 0.5150
v -0.3937 2.0026 0.5253
v -0.3418 1.9571 0.5500
v -0.3375 1.9665 0.5747
v -0.3272 1.9890 0.5850
v -0.3170 2.0115 0.5747
v -0.3127 2.0208 0.5500
v -0.3170 2.0115 0.5253
v -0.3272 1.9890 0.5150
v -0.3375 1.9665 0.5253
v -0.2749 1.9375 0.5500
v -0.2734 1.9476 0.5747
v -0.2699 1.9721 0.5850
v -0.2664 1.9966 0.5747
v -0.2649 2.0068 0.5500
v -0.2664 1.9966 0.5253
v -0.2699 1.9721 0.5150
v -0.2734 1.9476 0.5253
v -0.2051 1.9375 0.5500
v -0.2066 1.9476 0.5747
v -0.2101 1.9721 0.5850
v -0.2136 1.9966 0.5747
v -0.2151 2.0068 0.5500
v -0.2136 1.9966 0.5253
v -0.2101 1.9721 0.5150
v -0.2066 1.9476 0.5253
v -0.1382 1.9571 0.5500
v -0.1425 1.9665 0.5747
v -0.1528 1.9890 0.5850
v -0.1630 2.0115 0.5747
v -0.1673 2.0208 0.5500
v -0.1630 2.0115 0.5253
v -0.1528 1.9890 0.5150
v -0.1425 1.9665 0.5253
v -0.0796 1.9948 0.5500
v -0.0863 2.0026 0.5747
v -0.1025 2.0213 0.5850
v -0.1187 2.0400 0.5747
v -0.1254 2.0477 0.5500
v -0.1187 2.0400 0.5253
v -0.1025 2.0213 0.5150
v -0.0863 2.0026 0.5253
v -0.0339 2.0475 0.5500
v -0.0425 2.0531 0.5747
v -0.0633 2.0665 0.5850
v -0.0842 2.0798 0.5747
v -0.0928 2.0854 0.5500
v -0.0842 2.0798 0.5253
v -0.0633 2.0665 0.5150
v -0.0425 2.0531 0.5253
v -0.0049 2.1110 0.5500
v -0.0148 2.1139 0.5747
v -0.0385 2.1208 0.5850
v -0.0623 2.1278 0.5747
v -0.0721 2.1307 0.5500
v -0.0623 2.1278 0.5253
v -0.0385 2.1208 0.5150
v -0.0148 2.1139 0.5253
v 0.2400 2.3300 0.5200
v 0.2400 2.3300 0.5200
v 0.2400 2.3300 0.5200
v 0.2400 2.3300 0.5200
v 0.2400 2.3300 0.5200
v 0.2400 2.3300 0.5200
v 0.2400 2.3300 0.5200
v 0.2400 2.3300 0.5200
v 0.2400 2.3300 0.5200
v 0.2400 2.3300 0.5200
v 0.2400 2.3300 0.5200
v 0.2400 2.3300 0.5200
v 0.2864 2.3227 0.5200
v 0.2801 2.3227 0.5432
v 0.2632 2.3227 0.5601
v 0.2400 2.3227 0.5664
v 0.2168 2.3227 0.5601
v 0.1999 2.3227 0.5432
v 0.1936 2.3227 0.5200
v 0.1999 2.3227 0.4968
v 0.2168 2.3227 0.4799
v 0.2400 2.3227 0.4736
v 0.2632 2.3227 0.4799
v 0.2801 2.3227 0.4968
v 0.3282 2.3014 0.5200
v 0.3164 2.3014 0.5641
v 0.2841 2.3014 0.5964
v 0.2400 2.3014 0.6082
v 0.1959 2.3014 0.5964
v 0.1636 2.3014 0.5641
v 0.1518 2.3014 0.5200
v 0.1636 2.3014 0.4759
v 0.1959 2.3014 0.4436
v 0.2400 2.3014 0.4318
v 0.2841 2.3014 0.4436
v 0.3164 2.3014 0.4759
v 0.3614 2.2682 0.5200
v 0.3451 2.2682 0.5807
v 0.3007 2.2682 0.6251
v 0.2400 2.2682 0.6414
v 0.1793 2.2682 0.6251
v 0.1349 2.2682 0.5807
v 0.1186 2.2682 0.5200
v 0.1349 2.2682 0.4593
v 0.1793 2.2682 0.4149
v 0.2400 2.2682 0.3986
v 0.3007 2.2682 0.4149
v 0.3451 2.2682 0.4593
v 0.3827 2.2264 0.5200
v 0.3635 2.2264 0.5913
v 0.3113 2.2264 0.6435
v 0.2400 2.2264 0.6627
v 0.1687 2.2264 0.6435
v 0.1165 2.2264 0.5913
v 0.0973 2.2264 0.5200
v 0.1165 2.2264 0.4487
v 0.1687 2.2264 0.3965
v 0.2400 2.2264 0.3773
v 0.3113 2.2264 0.3965
v 0.3635 2.2264 0.4487
v 0.3900 2.1800 0.5200
v 0.3699 2.1800 0.5950
v 0.3150 2.1800 0.6499
v 0.2400 2.1800 0.6700
v 0.1650 2.1800 0.6499
v 0.1101 2.1800 0.5950
v 0.0900 2.1800 0.5200
v 0.1101 2.1800 0.4450
v 0.1650 2.1800 0.3901
v 0.2400 2.1800 0.3700
v 0.3150 2.1800 0.3901
v 0.3699 2.1800 0.4450
v 0.3827 2.1336 0.5200
v 0.3635 2.1336 0.5913
v 0.3113 2.1336 0.6435
v 0.2400 2.1336 0.6627
v 0.1687 2.1336 0.6435
v 0.1165 2.1336 0.5913
v 0.0973 2.1336 0.5200
v 0.1165 2.1336 0.4487
v 0.1687 2.1336 0.3965
v 0.2400 2.1336 0.3773
v 0.3113 2.1336 0.3965
v 0.3635 2.1336 0.4487
v 0.3614 2.0918 0.5200
v 0.3451 2.0918 0.5807
v 0.3007 2.0918 0.6251
v 0.2400 2.0918 0.6414
v 0.1793 2.0918 0.6251
v 0.1349 2.0918 0.5807
v 0.1186 2.0918 0.5200
v 0.1349 2.0918 0.4593
v 0.1793 2.0918 0.4149
v 0.2400 2.0918 0.3986
v 0.3007 2.0918 0.4149
v 0.3451 2.0918 0.4593
v 0.3282 2.0586 0.5200
v 0.3164 2.0586 0.5641
v 0.2841 2.0586 0.5964
v 0.2400 2.0586 0.6082
v 0.1959 2.0586 0.5964
v 0.1636 2.0586 0.5641
v 0.1518 2.0586 0.5200
v 0.1636 2.0586 0.4759
v 0.1959 2.0586 0.4436
v 0.2400 2.0586 0.4318
v 0.2841 2.0586 0.4436
v 0.3164 2.0586 0.4759
v 0.2864 2.0373 0.5200
v 0.2801 2.0373 0.5432
v 0.2632 2.0373 0.5601
v 0.2400 2.0373 0.5664
v 0.2168 2.0373 0.5601
v 0.1999 2.0373 0.5432
v 0.1936 2.0373 0.5200
v 0.1999 2.0373 0.4968
v 0.2168 2.0373 0.4799
v 0.2400 2.0373 0.4736
v 0.2632 2.0373 0.4799
v 0.2801 2.0373 0.4968
v 0.2400 2.0300 0.5200
v 0.2400 2.0300 0.5200
v 0.2400 2.0300 0.5200
v 0.2400 2.0300 0.5200
v 0.2400 2.0300 0.5200
v 0.2400 2.0300 0.5200
v 0.2400 2.0300 0.5200
v 0.2400 2.0300 0.5200
v 0.2400 2.0300 0.5200
v 0.2400 2.0300 0.5200
v 0.2400 2.0300 0.5200
v 0.2400 2.0300 0.5200
v 0.4850 2.1800 0.5500
v 0.4747 2.1800 0.5747
v 0.4500 2.1800 0.5850
v 0.4253 2.1800 0.5747
v 0.4150 2.1800 0.5500
v 0.4253 2.1800 0.5253
v 0.4500 2.1800 0.5150
v 0.4747 2.1800 0.5253
v 0.4751 2.2490 0.5500
v 0.4652 2.2461 0.5747
v 0.4415 2.2392 0.5850
v 0.4177 2.2322 0.5747
v 0.4079 2.2293 0.5500
v 0.4177 2.2322 0.5253
v 0.4415 2.2392 0.5150
v 0.4652 2.2461 0.5253
v 0.4461 2.3125 0.5500
v 0.4375 2.3069 0.5747
v 0.4167 2.2935 0.5850
v 0.3958 2.2802 0.5747
v 0.3872 2.2746 0.5500
v 0.3958 2.2802 0.5253
v 0.4167 2.2935 0.5150
v 0.4375 2.3069 0.5253
v 0.4004 2.3652 0.5500
v 0.3937 2.3574 0.5747
v 0.3775 2.3387 0.5850
v 0.3613 2.3200 0.5747
v 0.3546 2.3123 0.5500
v 0.3613 2.3200 0.5253
v 0.3775 2.3387 0.5150
v 0.3937 2.3574 0.5253
v 0.3418 2.4029 0.5500
v 0.3375 2.3935 0.5747
v 0.3272 2.3710 0.5850
v 0.3170 2.3485 0.5747
v 0.3127 2.3392 0.5500
v 0.3170 2.3485 0.5253
v 0.3272 2.3710 0.5150
v 0.3375 2.3935 0.5253
v 0.2749 2.4225 0.5500
v 0.2734 2.4124 0.5747
v 0.2699 2.3879 0.5850
v 0.2664 2.3634 0.5747
v 0.2649 2.3532 0.5500
v 0.2664 2.3634 0.5253
v 0.2699 2.3879 0.5150
v 0.2734 2.4124 0.5253
v 0.2051 2.4225 0.5500
v 0.2066 2.4124 0.5747
v 0.2101 2.3879 0.5850
v 0.2136 2.3634 0.5747
v 0.2151 2.3532 0.5500
v 0.2136 2.3634 0.5253
v 0.2101 2.3879 0.5150
v 0.2066 2.4124 0.5253
v 0.1382 2.4029 0.5500
v 0.1425 2.3935 0.5747
v 0.1528 2.3710 0.5850
v 0.1630 2.3485 0.5747
v 0.1673 2.3392 0.5500
v 0.1630 2.3485 0.5253
v 0.1528 2.3710 0.5150
v 0.1425 2.3935 0.5253
v 0.0796 2.3652 0.5500
v 0.0863 2.3574 0.5747
v 0.1025 2.3387 0.5850
v 0.1187 2.3200 0.5747
v 0.1254 2.3123 0.5500
v 0.1187 2.3200 0.5253
v 0.1025 2.3387 0.5150
v 0.0863 2.3574 0.5253
v 0.0339 2.3125 0.5500
v 0.0425 2.3069 0.5747
v 0.0633 2.2935 0.5850
v 0.0842 2.2802 0.5747
v 0.0928 2.2746 0.5500
v 0.0842 2.2802 0.5253
v 0.0633 2.2935 0.5150
v 0.0425 2.3069 0.5253
v 0.0049 2.2490 0.5500
v 0.0148 2.2461 0.5747
v 0.0385 2.2392 0.5850
v 0.0623 2.2322 0.5747
v 0.0721 2.2293 0.5500
v 0.0623 2.2322 0.5253
v 0.0385 2.2392 0.5150
v 0.0148 2.2461 0.5253
v -0.0050 2.1800 0.5500
v 0.0053 2.1800 0.5747
v 0.0300 2.1800 0.5850
v 0.0547 2.1800 0.5747
v 0.0650 2.1800 0.5500
v 0.0547 2.1800 0.5253
v 0.0300 2.1800 0.5150
v 0.0053 2.1800 0.5253
v 0.0049 2.1110 0.5500
v 0.0148 2.1139 0.5747
v 0.0385 2.1208 0.5850
v 0.0623 2.1278 0.5747
v 0.0721 2.1307 0.5500
v 0.0623 2.1278 0.5253
v 0.0385 2.1208 0.5150
v 0.0148 2.1139 0.5253
v 0.0339 2.0475 0.5500
v 0.0425 2.0531 0.5747
v 0.0633 2.0665 0.5850
v 0.0842 2.0798 0.5747
v 0.0928 2.0854 0.5500
v 0.0842 2.0798 0.5253
v 0.0633 2.0665 0.5150
v 0.0425 2.0531 0.5253
v 0.0796 1.9948 0.5500
v 0.0863 2.0026 0.5747
v 0.1025 2.0213 0.5850
v 0.1187 2.0400 0.5747
v 0.1254 2.0477 0.5500
v 0.1187 2.0400 0.5253
v 0.1025 2.0213 0.5150
v 0.0863 2.0026 0.5253
v 0.1382 1.9571 0.5500
v 0.1425 1.9665 0.5747
v 0.1528 1.9890 0.5850
v 0.1630 2.0115 0.5747
v 0.1673 2.0208 0.5500
v 0.1630 2.0115 0.5253
v 0.1528 1.9890 0.5150
v 0.1425 1.9665 0.5253
v 0.2051 1.9375 0.5500
v 0.2066 1.9476 0.5747
v 0.2101 1.9721 0.5850
v 0.2136 1.9966 0.5747
v 0.2151 2.0068 0.5500
v 0.2136 1.9966 0.5253
v 0.2101 1.9721 0.5150
v 0.2066 1.9476 0.5253
v 0.2749 1.9375 0.5500
v 0.2734 1.9476 0.5747
v 0.2699 1.9721 0.5850
v 0.2664 1.9966 0.5747
v 0.2649 2.0068 0.5500
v 0.2664 1.9966 0.5253
v 0.2699 1.9721 0.5150
v 0.2734 1.9476 0.5253
v 0.3418 1.9571 0.5500
v 0.3375 1.9665 0.5747
v 0.3272 1.9890 0.5850
v 0.3170 2.0115 0.5747
v 0.3127 2.0208 0.5500
v 0.3170 2.0115 0.5253
v 0.3272 1.9890 0.5150
v 0.3375 1.9665 0.5253
v 0.4004 1.9948 0.5500
v 0.3937 2.0026 0.5747
v 0.3775 2.0213 0.5850
v 0.3613 2.0400 0.5747
v 0.3546 2.0477 0.5500
v 0.3613 2.0400 0.5253
v 0.3775 2.0213 0.5150
v 0.3937 2.0026 0.5253
v 0.4461 2.0475 0.5500
v 0.4375 2.0531 0.5747
v 0.4167 2.0665 0.5850
v 0.3958 2.0798 0.5747
v 0.3872 2.0854 0.5500
v 0.3958 2.0798 0.5253
v 0.4167 2.0665 0.5150
v 0.4375 2.0531 0.5253
v 0.4751 2.1110 0.5500
v 0.4652 2.1139 0.5747
v 0.4415 2.1208 0.5850
v 0.4177 2.1278 0.5747
v 0.4079 2.1307 0.5500
v 0.4177 2.1278 0.5253
v 0.4415 2.1208 0.5150
v 0.4652 2.1139 0.5253
v -0.0500 2.1800 0.5800
v -0.0500 2.1627 0.5700
v -0.0500 2.1627 0.5500
v -0.0500 2.1800 0.5400
v -0.0500 2.1973 0.5500
v -0.0500 2.1973 0.5700
v 0.0500 2.1800 0.5800
v 0.0500 2.1627 0.5700
v 0.0500 2.1627 0.5500
v 0.0500 2.1800 0.5400
v 0.0500 2.1973 0.5500
v 0.0500 2.1973 0.5700
v -0.0500 2.1800 0.5600
v 0.0500 2.1800 0.5600
v -0.4210 2.2000 0.4939
v -0.4309 2.1827 0.4957
v -0.4499 2.1827 0.5018
v -0.4590 2.2000 0.5061
v -0.4491 2.2173 0.5043
v -0.4301 2.2173 0.4982
v -0.5810 2.2400 -0.0061
v -0.5909 2.2227 -0.0043
v -0.6099 2.2227 0.0018
v -0.6190 2.2400 0.0061
v -0.6091 2.2573 0.0043
v -0.5901 2.2573 -0.0018
v -0.4400 2.2000 0.5000
v -0.6000 2.2400 0.0000
v 0.4590 2.2000 0.5061
v 0.4499 2.1827 0.5018
v 0.4309 2.1827 0.4957
v 0.4210 2.2000 0.4939
v 0.4301 2.2173 0.4982
v 0.4491 2.2173 0.5043
v 0.6190 2.2400 0.0061
v 0.6099 2.2227 0.0018
v 0.5909 2.2227 -0.0043
v 0.5810 2.2400 -0.0061
v 0.5901 2.2573 -0.0018
v 0.6091 2.2573 0.0043
v 0.4400 2.2000 0.5000
v 0.6000 2.2400 0.0000
usemtl base_dark
f 1 21 22
f 1 22 2
f 2 22 23
f 2 23 3
f 3 23 24
f 3 24 4
f 4 24 25
f 4 25 5
f 5 25 26
f 5 26 6
f 6 26 27
f 6 27 7
f 7 27 28
f 7 28 8
f 8 28 29
f 8 29 9
f 9 29 30
f 9 30 10
f 10 30 31
f 10 31 11
f 11 31 32
f 11 32 12
f 12 32 33
f 12 33 13
f 13 33 34
f 13 34 14
f 14 34 35
f 14 35 15
f 15 35 36
f 15 36 16
f 16 36 37
f 16 37 17
f 17 37 38
f 17 38 18
f 18 38 39
f 18 39 19
f 19 39 40
f 19 40 20
f 20 40 21
f 20 21 1
f 41 2 1
f 41 3 2
f 41 4 3
f 41 5 4
f 41 6 5
f 41 7 6
f 41 8 7
f 41 9 8
f 41 10 9
f 41 11 10
f 41 12 11
f 41 13 12
f 41 14 13
f 41 15 14
f 41 16 15
f 41 17 16
f 41 18 17
f 41 19 18
f 41 20 19
f 41 1 20
f 42 21 22
f 42 22 23
f 42 23 24
f 42 24 25
f 42 25 26
f 42 26 27
f 42 27 28
f 42 28 29
f 42 29 30
f 42 30 31
f 42 31 32
f 42 32 33
f 42 33 34
f 42 34 35
f 42 35 36
f 42 36 37
f 42 37 38
f 42 38 39
f 42 39 40
f 42 40 21
usemtl dress
f 43 65 66
f 43 66 44
f 44 66 67
f 44 67 45
f 45 67 68
f 45 68 46
f 46 68 69
f 46 69 47
f 47 69 70
f 47 70 48
f 48 70 71
f 48 71 49
f 49 71 72
f 49 72 50
f 50 72 73
f 50 73 51
f 51 73 74
f 51 74 52
f 52 74 75
f 52 75 53
f 53 75 76
f 53 76 54
f 54 76 77
f 54 77 55
f 55 77 78
f 55 78 56
f 56 78 79
f 56 79 57
f 57 79 80
f 57 80 58
f 58 80 81
f 58 81 59
f 59 81 82
f 59 82 60
f 60 82 83
f 60 83 61
f 61 83 84
f 61 84 62
f 62 84 85
f 62 85 63
f 63 85 86
f 63 86 64
f 64 86 65
f 64 65 43
f 65 87 88
f 65 88 66
f 66 88 89
f 66 89 67
f 67 89 90
f 67 90 68
f 68 90 91
f 68 91 69
f 69 91 92
f 69 92 70
f 70 92 93
f 70 93 71
f 71 93 94
f 71 94 72
f 72 94 95
f 72 95 73
f 73 95 96
f 73 96 74
f 74 96 97
f 74 97 75
f 75 97 98
f 75 98 76
f 76 98 99
f 76 99 77
f 77 99 100
f 77 100 78
f 78 100 101
f 78 101 79
f 79 101 102
f 79 102 80
f 80 102 103
f 80 103 81
f 81 103 104
f 81 104 82
f 82 104 105
f 82 105 83
f 83 105 106
f 83 106 84
f 84 106 107
f 84 107 85
f 85 107 108
f 85 108 86
f 86 108 87
f 86 87 65
f 109 44 43
f 109 45 44
f 109 46 45
f 109 47 46
f 109 48 47
f 109 49 48
f 109 50 49
f 109 51 50
f 109 52 51
f 109 53 52
f 109 54 53
f 109 55 54
f 109 56 55
f 109 57 56
f 109 58 57
f 109 59 58
f 109 60 59
f 109 61 60
f 109 62 61
f 109 63 62
f 109 64 63
f 109 43 64
f 110 87 88
f 110 88 89
f 110 89 90
f 110 90 91
f 110 91 92
f 110 92 93
f 110 93 94
f 110 94 95
f 110 95 96
f 110 96 97
f 110 97 98
f 110 98 99
f 110 99 100
f 110 100 101
f 110 101 102
f 110 102 103
f 110 103 104
f 110 104 105
f 110 105 106
f 110 106 107
f 110 107 108
f 110 108 87
f 181 191 192
f 181 192 182
f 182 192 193
f 182 193 183
f 183 193 194
f 183 194 184
f 184 194 195
f 184 195 185
f 185 195 196
f 185 196 186
f 186 196 197
f 186 197 187
f 187 197 198
f 187 198 188
f 188 198 199
f 188 199 189
f 189 199 200
f 189 200 190
f 190 200 191
f 190 191 181
f 191 201 202
f 191 202 192
f 192 202 203
f 192 203 193
f 193 203 204
f 193 204 194
f 194 204 205
f 194 205 195
f 195 205 206
f 195 206 196
f 196 206 207
f 196 207 197
f 197 207 208
f 197 208 198
f 198 208 209
f 198 209 199
f 199 209 210
f 199 210 200
f 200 210 201
f 200 201 191
f 211 182 181
f 211 183 182
f 211 184 183
f 211 185 184
f 211 186 185
f 211 187 186
f 211 188 187
f 211 189 188
f 211 190 189
f 211 181 190
f 212 201 202
f 212 202 203
f 212 203 204
f 212 204 205
f 212 205 206
f 212 206 207
f 212 207 208
f 212 208 209
f 212 209 210
f 212 210 201
f 303 313 314
f 303 314 304
f 304 314 315
f 304 315 305
f 305 315 316
f 305 316 306
f 306 316 317
f 306 317 307
f 307 317 318
f 307 318 308
f 308 318 319
f 308 319 309
f 309 319 320
f 309 320 310
f 310 320 321
f 310 321 311
f 311 321 322
f 311 322 312
f 312 322 313
f 312 313 303
f 313 323 324
f 313 324 314
f 314 324 325
f 314 325 315
f 315 325 326
f 315 326 316
f 316 326 327
f 316 327 317
f 317 327 328
f 317 328 318
f 318 328 329
f 318 329 319
f 319 329 330
f 319 330 320
f 320 330 331
f 320 331 321
f 321 331 332
f 321 332 322
f 322 332 323
f 322 323 313
f 333 304 303
f 333 305 304
f 333 306 305
f 333 307 306
f 333 308 307
f 333 309 308
f 333 310 309
f 333 311 310
f 333 312 311
f 333 303 312
f 334 323 324
f 334 324 325
f 334 325 326
f 334 326 327
f 334 327 328
f 334 328 329
f 334 329 330
f 334 330 331
f 334 331 332
f 334 332 323
usemtl apron
f 111 128 129
f 111 129 112
f 112 129 130
f 112 130 113
f 113 130 131
f 113 131 114
f 114 131 132
f 114 132 115
f 115 132 133
f 115 133 116
f 116 133 134
f 116 134 117
f 117 134 135
f 117 135 118
f 118 135 136
f 118 136 119
f 119 136 137
f 119 137 120
f 120 137 138
f 120 138 121
f 121 138 139
f 121 139 122
f 122 139 140
f 122 140 123
f 123 140 141
f 123 141 124
f 124 141 142
f 124 142 125
f 125 142 143
f 125 143 126
f 126 143 144
f 126 144 127
f 145 153 154
f 145 154 146
f 146 154 155
f 146 155 147
f 147 155 156
f 147 156 148
f 148 156 157
f 148 157 149
f 149 157 158
f 149 158 150
f 150 158 159
f 150 159 151
f 151 159 160
f 151 160 152
f 152 160 153
f 152 153 145
f 161 146 145
f 161 147 146
f 161 148 147
f 161 149 148
f 161 150 149
f 161 151 150
f 161 152 151
f 161 145 152
f 162 153 154
f 162 154 155
f 162 155 156
f 162 156 157
f 162 157 158
f 162 158 159
f 162 159 160
f 162 160 153
f 163 171 172
f 163 172 164
f 164 172 173
f 164 173 165
f 165 173 174
f 165 174 166
f 166 174 175
f 166 175 167
f 167 175 176
f 167 176 168
f 168 176 177
f 168 177 169
f 169 177 178
f 169 178 170
f 170 178 171
f 170 171 163
f 179 164 163
f 179 165 164
f 179 166 165
f 179 167 166
f 179 168 167
f 179 169 168
f 179 170 169
f 179 163 170
f 180 171 172
f 180 172 173
f 180 173 174
f 180 174 175
f 180 175 176
f 180 176 177
f 180 177 178
f 180 178 171
usemtl skin
f 213 223 224
f 213 224 214
f 214 224 225
f 214 225 215
f 215 225 226
f 215 226 216
f 216 226 227
f 216 227 217
f 217 227 228
f 217 228 218
f 218 228 229
f 218 229 219
f 219 229 230
f 219 230 220
f 220 230 231
f 220 231 221
f 221 231 232
f 221 232 222
f 222 232 223
f 222 223 213
f 223 233 234
f 223 234 224
f 224 234 235
f 224 235 225
f 225 235 236
f 225 236 226
f 226 236 237
f 226 237 227
f 227 237 238
f 227 238 228
f 228 238 239
f 228 239 229
f 229 239 240
f 229 240 230
f 230 240 241
f 230 241 231
f 231 241 242
f 231 242 232
f 232 242 233
f 232 233 223
f 233 243 244
f 233 244 234
f 234 244 245
f 234 245 235
f 235 245 246
f 235 246 236
f 236 246 247
f 236 247 237
f 237 247 248
f 237 248 238
f 238 248 249
f 238 249 239
f 239 249 250
f 239 250 240
f 240 250 251
f 240 251 241
f 241 251 252
f 241 252 242
f 242 252 243
f 242 243 233
f 243 253 254
f 243 254 244
f 244 254 255
f 244 255 245
f 245 255 256
f 245 256 246
f 246 256 257
f 246 257 247
f 247 257 258
f 247 258 248
f 248 258 259
f 248 259 249
f 249 259 260
f 249 260 250
f 250 260 261
f 250 261 251
f 251 261 262
f 251 262 252
f 252 262 253
f 252 253 243
f 253 263 264
f 253 264 254
f 254 264 265
f 254 265 255
f 255 265 266
f 255 266 256
f 256 266 267
f 256 267 257
f 257 267 268
f 257 268 258
f 258 268 269
f 258 269 259
f 259 269 270
f 259 270 260
f 260 270 271
f 260 271 261
f 261 271 272
f 261 272 262
f 262 272 263
f 262 263 253
f 263 273 274
f 263 274 264
f 264 274 275
f 264 275 265
f 265 275 276
f 265 276 266
f 266 276 277
f 266 277 267
f 267 277 278
f 267 278 268
f 268 278 279
f 268 279 269
f 269 279 280
f 269 280 270
f 270 280 281
f 270 281 271
f 271 281 282
f 271 282 272
f 272 282 273
f 272 273 263
f 273 283 284
f 273 284 274
f 274 284 285
f 274 285 275
f 275 285 286
f 275 286 276
f 276 286 287
f 276 287 277
f 277 287 288
f 277 288 278
f 278 288 289
f 278 289 279
f 279 289 290
f 279 290 280
f 280 290 291
f 280 291 281
f 281 291 292
f 281 292 282
f 282 292 283
f 282 283 273
f 283 293 294
f 283 294 284
f 284 294 295
f 284 295 285
f 285 295 296
f 285 296 286
f 286 296 297
f 286 297 287
f 287 297 298
f 287 298 288
f 288 298 299
f 288 299 289
f 289 299 300
f 289 300 290
f 290 300 301
f 290 301 291
f 291 301 302
f 291 302 292
f 292 302 293
f 292 293 283
f 335 345 346
f 335 346 336
f 336 346 347
f 336 347 337
f 337 347 348
f 337 348 338
f 338 348 349
f 338 349 339
f 339 349 350
f 339 350 340
f 340 350 351
f 340 351 341
f 341 351 352
f 341 352 342
f 342 352 353
f 342 353 343
f 343 353 354
f 343 354 344
f 344 354 345
f 344 345 335
f 345 355 356
f 345 356 346
f 346 356 357
f 346 357 347
f 347 357 358
f 347 358 348
f 348 358 359
f 348 359 349
f 349 359 360
f 349 360 350
f 350 360 361
f 350 361 351
f 351 361 362
f 351 362 352
f 352 362 363
f 352 363 353
f 353 363 364
f 353 364 354
f 354 364 355
f 354 355 345
f 355 365 366
f 355 366 356
f 356 366 367
f 356 367 357
f 357 367 368
f 357 368 358
f 358 368 369
f 358 369 359
f 359 369 370
f 359 370 360
f 360 370 371
f 360 371 361
f 361 371 372
f 361 372 362
f 362 372 373
f 362 373 363
f 363 373 374
f 363 374 364
f 364 374 365
f 364 365 355
f 365 375 376
f 365 376 366
f 366 376 377
f 366 377 367
f 367 377 378
f 367 378 368
f 368 378 379
f 368 379 369
f 369 379 380
f 369 380 370
f 370 380 381
f 370 381 371
f 371 381 382
f 371 382 372
f 372 382 383
f 372 383 373
f 373 383 384
f 373 384 374
f 374 384 375
f 374 375 365
f 375 385 386
f 375 386 376
f 376 386 387
f 376 387 377
f 377 387 388
f 377 388 378
f 378 388 389
f 378 389 379
f 379 389 390
f 379 390 380
f 380 390 391
f 380 391 381
f 381 391 392
f 381 392 382
f 382 392 393
f 382 393 383
f 383 393 394
f 383 394 384
f 384 394 385
f 384 385 375
f 385 395 396
f 385 396 386
f 386 396 397
f 386 397 387
f 387 397 398
f 387 398 388
f 388 398 399
f 388 399 389
f 389 399 400
f 389 400 390
f 390 400 401
f 390 401 391
f 391 401 402
f 391 402 392
f 392 402 403
f 392 403 393
f 393 403 404
f 393 404 394
f 394 404 395
f 394 395 385
f 395 405 406
f 395 406 396
f 396 406 407
f 396 407 397
f 397 407 408
f 397 408 398
f 398 408 409
f 398 409 399
f 399 409 410
f 399 410 400
f 400 410 411
f 400 411 401
f 401 411 412
f 401 412 402
f 402 412 413
f 402 413 403
f 403 413 414
f 403 414 404
f 404 414 405
f 404 405 395
f 405 415 416
f 405 416 406
f 406 416 417
f 406 417 407
f 407 417 418
f 407 418 408
f 408 418 419
f 408 419 409
f 409 419 420
f 409 420 410
f 410 420 421
f 410 421 411
f 411 421 422
f 411 422 412
f 412 422 423
f 412 423 413
f 413 423 424
f 413 424 414
f 414 424 415
f 414 415 405
f 425 437 438
f 425 438 426
f 426 438 439
f 426 439 427
f 427 439 440
f 427 440 428
f 428 440 441
f 428 441 429
f 429 441 442
f 429 442 430
f 430 442 443
f 430 443 431
f 431 443 444
f 431 444 432
f 432 444 445
f 432 445 433
f 433 445 446
f 433 446 434
f 434 446 447
f 434 447 435
f 435 447 448
f 435 448 436
f 436 448 437
f 436 437 425
f 449 426 425
f 449 427 426
f 449 428 427
f 449 429 428
f 449 430 429
f 449 431 430
f 449 432 431
f 449 433 432
f 449 434 433
f 449 435 434
f 449 436 435
f 449 425 436
f 450 437 438
f 450 438 439
f 450 439 440
f 450 440 441
f 450 441 442
f 450 442 443
f 450 443 444
f 450 444 445
f 450 445 446
f 450 446 447
f 450 447 448
f 450 448 437
f 451 471 472
f 451 472 452
f 452 472 473
f 452 473 453
f 453 473 474
f 453 474 454
f 454 474 475
f 454 475 455
f 455 475 476
f 455 476 456
f 456 476 477
f 456 477 457
f 457 477 478
f 457 478 458
f 458 478 479
f 458 479 459
f 459 479 480
f 459 480 460
f 460 480 481
f 460 481 461
f 461 481 482
f 461 482 462
f 462 482 483
f 462 483 463
f 463 483 484
f 463 484 464
f 464 484 485
f 464 485 465
f 465 485 486
f 465 486 466
f 466 486 487
f 466 487 467
f 467 487 488
f 467 488 468
f 468 488 489
f 468 489 469
f 469 489 490
f 469 490 470
f 470 490 471
f 470 471 451
f 471 491 492
f 471 492 472
f 472 492 493
f 472 493 473
f 473 493 494
f 473 494 474
f 474 494 495
f 474 495 475
f 475 495 496
f 475 496 476
f 476 496 497
f 476 497 477
f 477 497 498
f 477 498 478
f 478 498 499
f 478 499 479
f 479 499 500
f 479 500 480
f 480 500 501
f 480 501 481
f 481 501 502
f 481 502 482
f 482 502 503
f 482 503 483
f 483 503 504
f 483 504 484
f 484 504 505
f 484 505 485
f 485 505 506
f 485 506 486
f 486 506 507
f 486 507 487
f 487 507 508
f 487 508 488
f 488 508 509
f 488 509 489
f 489 509 510
f 489 510 490
f 490 510 491
f 490 491 471
f 491 511 512
f 491 512 492
f 492 512 513
f 492 513 493
f 493 513 514
f 493 514 494
f 494 514 515
f 494 515 495
f 495 515 516
f 495 516 496
f 496 516 517
f 496 517 497
f 497 517 518
f 497 518 498
f 498 518 519
f 498 519 499
f 499 519 520
f 499 520 500
f 500 520 521
f 500 521 501
f 501 521 522
f 501 522 502
f 502 522 523
f 502 523 503
f 503 523 524
f 503 524 504
f 504 524 525
f 504 525 505
f 505 525 526
f 505 526 506
f 506 526 527
f 506 527 507
f 507 527 528
f 507 528 508
f 508 528 529
f 508 529 509
f 509 529 530
f 509 530 510
f 510 530 511
f 510 511 491
f 511 531 532
f 511 532 512
f 512 532 533
f 512 533 513
f 513 533 534
f 513 534 514
f 514 534 535
f 514 535 515
f 515 535 536
f 515 536 516
f 516 536 537
f 516 537 517
f 517 537 538
f 517 538 518
f 518 538 539
f 518 539 519
f 519 539 540
f 519 540 520
f 520 540 541
f 520 541 521
f 521 541 542
f 521 542 522
f 522 542 543
f 522 543 523
f 523 543 544
f 523 544 524
f 524 544 545
f 524 545 525
f 525 545 546
f 525 546 526
f 526 546 547
f 526 547 527
f 527 547 548
f 527 548 528
f 528 548 549
f 528 549 529
f 529 549 550
f 529 550 530
f 530 550 531
f 530 531 511
f 531 551 552
f 531 552 532
f 532 552 553
f 532 553 533
f 533 553 554
f 533 554 534
f 534 554 555
f 534 555 535
f 535 555 556
f 535 556 536
f 536 556 557
f 536 557 537
f 537 557 558
f 537 558 538
f 538 558 559
f 538 559 539
f 539 559 560
f 539 560 540
f 540 560 561
f 540 561 541
f 541 561 562
f 541 562 542
f 542 562 563
f 542 563 543
f 543 563 564
f 543 564 544
f 544 564 565
f 544 565 545
f 545 565 566
f 545 566 546
f 546 566 567
f 546 567 547
f 547 567 568
f 547 568 548
f 548 568 569
f 548 569 549
f 549 569 570
f 549 570 550
f 550 570 551
f 550 551 531
f 551 571 572
f 551 572 552
f 552 572 573
f 552 573 553
f 553 573 574
f 553 574 554
f 554 574 575
f 554 575 555
f 555 575 576
f 555 576 556
f 556 576 577
f 556 577 557
f 557 577 578
f 557 578 558
f 558 578 579
f 558 579 559
f 559 579 580
f 559 580 560
f 560 580 581
f 560 581 561
f 561 581 582
f 561 582 562
f 562 582 583
f 562 583 563
f 563 583 584
f 563 584 564
f 564 584 585
f 564 585 565
f 565 585 586
f 565 586 566
f 566 586 587
f 566 587 567
f 567 587 588
f 567 588 568
f 568 588 589
f 568 589 569
f 569 589 590
f 569 590 570
f 570 590 571
f 570 571 551
f 571 591 592
f 571 592 572
f 572 592 593
f 572 593 573
f 573 593 594
f 573 594 574
f 574 594 595
f 574 595 575
f 575 595 596
f 575 596 576
f 576 596 597
f 576 597 577
f 577 597 598
f 577 598 578
f 578 598 599
f 578 599 579
f 579 599 600
f 579 600 580
f 580 600 601
f 580 601 581
f 581 601 602
f 581 602 582
f 582 602 603
f 582 603 583
f 583 603 604
f 583 604 584
f 584 604 605
f 584 605 585
f 585 605 606
f 585 606 586
f 586 606 607
f 586 607 587
f 587 607 608
f 587 608 588
f 588 608 609
f 588 609 589
f 589 609 610
f 589 610 590
f 590 610 591
f 590 591 571
f 591 611 612
f 591 612 592
f 592 612 613
f 592 613 593
f 593 613 614
f 593 614 594
f 594 614 615
f 594 615 595
f 595 615 616
f 595 616 596
f 596 616 617
f 596 617 597
f 597 617 618
f 597 618 598
f 598 618 619
f 598 619 599
f 599 619 620
f 599 620 600
f 600 620 621
f 600 621 601
f 601 621 622
f 601 622 602
f 602 622 623
f 602 623 603
f 603 623 624
f 603 624 604
f 604 624 625
f 604 625 605
f 605 625 626
f 605 626 606
f 606 626 627
f 606 627 607
f 607 627 628
f 607 628 608
f 608 628 629
f 608 629 609
f 609 629 630
f 609 630 610
f 610 630 611
f 610 611 591
f 611 631 632
f 611 632 612
f 612 632 633
f 612 633 613
f 613 633 634
f 613 634 614
f 614 634 635
f 614 635 615
f 615 635 636
f 615 636 616
f 616 636 637
f 616 637 617
f 617 637 638
f 617 638 618
f 618 638 639
f 618 639 619
f 619 639 640
f 619 640 620
f 620 640 641
f 620 641 621
f 621 641 642
f 621 642 622
f 622 642 643
f 622 643 623
f 623 643 644
f 623 644 624
f 624 644 645
f 624 645 625
f 625 645 646
f 625 646 626
f 626 646 647
f 626 647 627
f 627 647 648
f 627 648 628
f 628 648 649
f 628 649 629
f 629 649 650
f 629 650 630
f 630 650 631
f 630 631 611
f 631 651 652
f 631 652 632
f 632 652 653
f 632 653 633
f 633 653 654
f 633 654 634
f 634 654 655
f 634 655 635
f 635 655 656
f 635 656 636
f 636 656 657
f 636 657 637
f 637 657 658
f 637 658 638
f 638 658 659
f 638 659 639
f 639 659 660
f 639 660 640
f 640 660 661
f 640 661 641
f 641 661 662
f 641 662 642
f 642 662 663
f 642 663 643
f 643 663 664
f 643 664 644
f 644 664 665
f 644 665 645
f 645 665 666
f 645 666 646
f 646 666 667
f 646 667 647
f 647 667 668
f 647 668 648
f 648 668 669
f 648 669 649
f 649 669 670
f 649 670 650
f 650 670 651
f 650 651 631
f 651 671 672
f 651 672 652
f 652 672 673
f 652 673 653
f 653 673 674
f 653 674 654
f 654 674 675
f 654 675 655
f 655 675 676
f 655 676 656
f 656 676 677
f 656 677 657
f 657 677 678
f 657 678 658
f 658 678 679
f 658 679 659
f 659 679 680
f 659 680 660
f 660 680 681
f 660 681 661
f 661 681 682
f 661 682 662
f 662 682 683
f 662 683 663
f 663 683 684
f 663 684 664
f 664 684 685
f 664 685 665
f 665 685 686
f 665 686 666
f 666 686 687
f 666 687 667
f 667 687 688
f 667 688 668
f 668 688 689
f 668 689 669
f 669 689 690
f 669 690 670
f 670 690 671
f 670 671 651
f 671 691 692
f 671 692 672
f 672 692 693
f 672 693 673
f 673 693 694
f 673 694 674
f 674 694 695
f 674 695 675
f 675 695 696
f 675 696 676
f 676 696 697
f 676 697 677
f 677 697 698
f 677 698 678
f 678 698 699
f 678 699 679
f 679 699 700
f 679 700 680
f 680 700 701
f 680 701 681
f 681 701 702
f 681 702 682
f 682 702 703
f 682 703 683
f 683 703 704
f 683 704 684
f 684 704 705
f 684 705 685
f 685 705 706
f 685 706 686
f 686 706 707
f 686 707 687
f 687 707 708
f 687 708 688
f 688 708 709
f 688 709 689
f 689 709 710
f 689 710 690
f 690 710 691
f 690 691 671
f 691 711 712
f 691 712 692
f 692 712 713
f 692 713 693
f 693 713 714
f 693 714 694
f 694 714 715
f 694 715 695
f 695 715 716
f 695 716 696
f 696 716 717
f 696 717 697
f 697 717 718
f 697 718 698
f 698 718 719
f 698 719 699
f 699 719 720
f 699 720 700
f 700 720 721
f 700 721 701
f 701 721 722
f 701 722 702
f 702 722 723
f 702 723 703
f 703 723 724
f 703 724 704
f 704 724 725
f 704 725 705
f 705 725 726
f 705 726 706
f 706 726 727
f 706 727 707
f 707 727 728
f 707 728 708
f 708 728 729
f 708 729 709
f 709 729 730
f 709 730 710
f 710 730 711
f 710 711 691
f 711 731 732
f 711 732 712
f 712 732 733
f 712 733 713
f 713 733 734
f 713 734 714
f 714 734 735
f 714 735 715
f 715 735 736
f 715 736 716
f 716 736 737
f 716 737 717
f 717 737 738
f 717 738 718
f 718 738 739
f 718 739 719
f 719 739 740
f 719 740 720
f 720 740 741
f 720 741 721
f 721 741 742
f 721 742 722
f 722 742 743
f 722 743 723
f 723 743 744
f 723 744 724
f 724 744 745
f 724 745 725
f 725 745 746
f 725 746 726
f 726 746 747
f 726 747 727
f 727 747 748
f 727 748 728
f 728 748 749
f 728 749 729
f 729 749 750
f 729 750 730
f 730 750 731
f 730 731 711
f 731 751 752
f 731 752 732
f 732 752 753
f 732 753 733
f 733 753 754
f 733 754 734
f 734 754 755
f 734 755 735
f 735 755 756
f 735 756 736
f 736 756 757
f 736 757 737
f 737 757 758
f 737 758 738
f 738 758 759
f 738 759 739
f 739 759 760
f 739 760 740
f 740 760 761
f 740 761 741
f 741 761 762
f 741 762 742
f 742 762 763
f 742 763 743
f 743 763 764
f 743 764 744
f 744 764 765
f 744 765 745
f 745 765 766
f 745 766 746
f 746 766 767
f 746 767 747
f 747 767 768
f 747 768 748
f 748 768 769
f 748 769 749
f 749 769 770
f 749 770 750
f 750 770 751
f 750 751 731
f 751 771 772
f 751 772 752
f 752 772 773
f 752 773 753
f 753 773 774
f 753 774 754
f 754 774 775
f 754 775 755
f 755 775 776
f 755 776 756
f 756 776 777
f 756 777 757
f 757 777 778
f 757 778 758
f 758 778 779
f 758 779 759
f 759 779 780
f 759 780 760
f 760 780 781
f 760 781 761
f 761 781 782
f 761 782 762
f 762 782 783
f 762 783 763
f 763 783 784
f 763 784 764
f 764 784 785
f 764 785 765
f 765 785 786
f 765 786 766
f 766 786 787
f 766 787 767
f 767 787 788
f 767 788 768
f 768 788 789
f 768 789 769
f 769 789 790
f 769 790 770
f 770 790 771
f 770 771 751
f 791 801 802
f 791 802 792
f 792 802 803
f 792 803 793
f 793 803 804
f 793 804 794
f 794 804 805
f 794 805 795
f 795 805 806
f 795 806 796
f 796 806 807
f 796 807 797
f 797 807 808
f 797 808 798
f 798 808 809
f 798 809 799
f 799 809 810
f 799 810 800
f 800 810 801
f 800 801 791
f 801 811 812
f 801 812 802
f 802 812 813
f 802 813 803
f 803 813 814
f 803 814 804
f 804 814 815
f 804 815 805
f 805 815 816
f 805 816 806
f 806 816 817
f 806 817 807
f 807 817 818
f 807 818 808
f 808 818 819
f 808 819 809
f 809 819 820
f 809 820 810
f 810 820 811
f 810 811 801
f 811 821 822
f 811 822 812
f 812 822 823
f 812 823 813
f 813 823 824
f 813 824 814
f 814 824 825
f 814 825 815
f 815 825 826
f 815 826 816
f 816 826 827
f 816 827 817
f 817 827 828
f 817 828 818
f 818 828 829
f 818 829 819
f 819 829 830
f 819 830 820
f 820 830 821
f 820 821 811
f 821 831 832
f 821 832 822
f 822 832 833
f 822 833 823
f 823 833 834
f 823 834 824
f 824 834 835
f 824 835 825
f 825 835 836
f 825 836 826
f 826 836 837
f 826 837 827
f 827 837 838
f 827 838 828
f 828 838 839
f 828 839 829
f 829 839 840
f 829 840 830
f 830 840 831
f 830 831 821
f 831 841 842
f 831 842 832
f 832 842 843
f 832 843 833
f 833 843 844
f 833 844 834
f 834 844 845
f 834 845 835
f 835 845 846
f 835 846 836
f 836 846 847
f 836 847 837
f 837 847 848
f 837 848 838
f 838 848 849
f 838 849 839
f 839 849 850
f 839 850 840
f 840 850 841
f 840 841 831
f 841 851 852
f 841 852 842
f 842 852 853
f 842 853 843
f 843 853 854
f 843 854 844
f 844 854 855
f 844 855 845
f 845 855 856
f 845 856 846
f 846 856 857
f 846 857 847
f 847 857 858
f 847 858 848
f 848 858 859
f 848 859 849
f 849 859 860
f 849 860 850
f 850 860 851
f 850 851 841
f 851 861 862
f 851 862 852
f 852 862 863
f 852 863 853
f 853 863 864
f 853 864 854
f 854 864 865
f 854 865 855
f 855 865 866
f 855 866 856
f 856 866 867
f 856 867 857
f 857 867 868
f 857 868 858
f 858 868 869
f 858 869 859
f 859 869 870
f 859 870 860
f 860 870 861
f 860 861 851
f 861 871 872
f 861 872 862
f 862 872 873
f 862 873 863
f 863 873 874
f 863 874 864
f 864 874 875
f 864 875 865
f 865 875 876
f 865 876 866
f 866 876 877
f 866 877 867
f 867 877 878
f 867 878 868
f 868 878 879
f 868 879 869
f 869 879 880
f 869 880 870
f 870 880 871
f 870 871 861
usemtl cheek
f 881 889 890
f 881 890 882
f 882 890 891
f 882 891 883
f 883 891 892
f 883 892 884
f 884 892 893
f 884 893 885
f 885 893 894
f 885 894 886
f 886 894 895
f 886 895 887
f 887 895 896
f 887 896 888
f 888 896 889
f 888 889 881
f 889 897 898
f 889 898 890
f 890 898 899
f 890 899 891
f 891 899 900
f 891 900 892
f 892 900 901
f 892 901 893
f 893 901 902
f 893 902 894
f 894 902 903
f 894 903 895
f 895 903 904
f 895 904 896
f 896 904 897
f 896 897 889
f 897 905 906
f 897 906 898
f 898 906 907
f 898 907 899
f 899 907 908
f 899 908 900
f 900 908 909
f 900 909 901
f 901 909 910
f 901 910 902
f 902 910 911
f 902 911 903
f 903 911 912
f 903 912 904
f 904 912 905
f 904 905 897
f 905 913 914
f 905 914 906
f 906 914 915
f 906 915 907
f 907 915 916
f 907 916 908
f 908 916 917
f 908 917 909
f 909 917 918
f 909 918 910
f 910 918 919
f 910 919 911
f 911 919 920
f 911 920 912
f 912 920 913
f 912 913 905
f 913 921 922
f 913 922 914
f 914 922 923
f 914 923 915
f 915 923 924
f 915 924 916
f 916 924 925
f 916 925 917
f 917 925 926
f 917 926 918
f 918 926 927
f 918 927 919
f 919 927 928
f 919 928 920
f 920 928 921
f 920 921 913
f 921 929 930
f 921 930 922
f 922 930 931
f 922 931 923
f 923 931 932
f 923 932 924
f 924 932 933
f 924 933 925
f 925 933 934
f 925 934 926
f 926 934 935
f 926 935 927
f 927 935 936
f 927 936 928
f 928 936 929
f 928 929 921
f 937 945 946
f 937 946 938
f 938 946 947
f 938 947 939
f 939 947 948
f 939 948 940
f 940 948 949
f 940 949 941
f 941 949 950
f 941 950 942
f 942 950 951
f 942 951 943
f 943 951 952
f 943 952 944
f 944 952 945
f 944 945 937
f 945 953 954
f 945 954 946
f 946 954 955
f 946 955 947
f 947 955 956
f 947 956 948
f 948 956 957
f 948 957 949
f 949 957 958
f 949 958 950
f 950 958 959
f 950 959 951
f 951 959 960
f 951 960 952
f 952 960 953
f 952 953 945
f 953 961 962
f 953 962 954
f 954 962 963
f 954 963 955
f 955 963 964
f 955 964 956
f 956 964 965
f 956 965 957
f 957 965 966
f 957 966 958
f 958 966 967
f 958 967 959
f 959 967 968
f 959 968 960
f 960 968 961
f 960 961 953
f 961 969 970
f 961 970 962
f 962 970 971
f 962 971 963
f 963 971 972
f 963 972 964
f 964 972 973
f 964 973 965
f 965 973 974
f 965 974 966
f 966 974 975
f 966 975 967
f 967 975 976
f 967 976 968
f 968 976 969
f 968 969 961
f 969 977 978
f 969 978 970
f 970 978 979
f 970 979 971
f 971 979 980
f 971 980 972
f 972 980 981
f 972 981 973
f 973 981 982
f 973 982 974
f 974 982 983
f 974 983 975
f 975 983 984
f 975 984 976
f 976 984 977
f 976 977 969
f 977 985 986
f 977 986 978
f 978 986 987
f 978 987 979
f 979 987 988
f 979 988 980
f 980 988 989
f 980 989 981
f 981 989 990
f 981 990 982
f 982 990 991
f 982 991 983
f 983 991 992
f 983 992 984
f 984 992 985
f 984 985 977
usemtl mouth
f 993 1001 1002
f 993 1002 994
f 994 1002 1003
f 994 1003 995
f 995 1003 1004
f 995 1004 996
f 996 1004 1005
f 996 1005 997
f 997 1005 1006
f 997 1006 998
f 998 1006 1007
f 998 1007 999
f 999 1007 1008
f 999 1008 1000
f 1000 1008 1001
f 1000 1001 993
f 1001 1009 1010
f 1001 1010 1002
f 1002 1010 1011
f 1002 1011 1003
f 1003 1011 1012
f 1003 1012 1004
f 1004 1012 1013
f 1004 1013 1005
f 1005 1013 1014
f 1005 1014 1006
f 1006 1014 1015
f 1006 1015 1007
f 1007 1015 1016
f 1007 1016 1008
f 1008 1016 1009
f 1008 1009 1001
f 1009 1017 1018
f 1009 1018 1010
f 1010 1018 1019
f 1010 1019 1011
f 1011 1019 1020
f 1011 1020 1012
f 1012 1020 1021
f 1012 1021 1013
f 1013 1021 1022
f 1013 1022 1014
f 1014 1022 1023
f 1014 1023 1015
f 1015 1023 1024
f 1015 1024 1016
f 1016 1024 1017
f 1016 1017 1009
f 1017 1025 1026
f 1017 1026 1018
f 1018 1026 1027
f 1018 1027 1019
f 1019 1027 1028
f 1019 1028 1020
f 1020 1028 1029
f 1020 1029 1021
f 1021 1029 1030
f 1021 1030 1022
f 1022 1030 1031
f 1022 1031 1023
f 1023 1031 1032
f 1023 1032 1024
f 1024 1032 1025
f 1024 1025 1017
f 1025 1033 1034
f 1025 1034 1026
f 1026 1034 1035
f 1026 1035 1027
f 1027 1035 1036
f 1027 1036 1028
f 1028 1036 1037
f 1028 1037 1029
f 1029 1037 1038
f 1029 1038 1030
f 1030 1038 1039
f 1030 1039 1031
f 1031 1039 1040
f 1031 1040 1032
f 1032 1040 1033
f 1032 1033 1025
f 1033 1041 1042
f 1033 1042 1034
f 1034 1042 1043
f 1034 1043 1035
f 1035 1043 1044
f 1035 1044 1036
f 1036 1044 1045
f 1036 1045 1037
f 1037 1045 1046
f 1037 1046 1038
f 1038 1046 1047
f 1038 1047 1039
f 1039 1047 1048
f 1039 1048 1040
f 1040 1048 1041
f 1040 1041 1033
usemtl hair
f 1049 1056 1057
f 1049 1057 1050
f 1050 1057 1058
f 1050 1058 1051
f 1051 1058 1059
f 1051 1059 1052
f 1052 1059 1060
f 1052 1060 1053
f 1053 1060 1061
f 1053 1061 1054
f 1054 1061 1062
f 1054 1062 1055
f 1055 1062 1056
f 1055 1056 1049
f 1056 1063 1064
f 1056 1064 1057
f 1057 1064 1065
f 1057 1065 1058
f 1058 1065 1066
f 1058 1066 1059
f 1059 1066 1067
f 1059 1067 1060
f 1060 1067 1068
f 1060 1068 1061
f 1061 1068 1069
f 1061 1069 1062
f 1062 1069 1063
f 1062 1063 1056
f 1063 1070 1071
f 1063 1071 1064
f 1064 1071 1072
f 1064 1072 1065
f 1065 1072 1073
f 1065 1073 1066
f 1066 1073 1074
f 1066 1074 1067
f 1067 1074 1075
f 1067 1075 1068
f 1068 1075 1076
f 1068 1076 1069
f 1069 1076 1070
f 1069 1070 1063
f 1070 1077 1078
f 1070 1078 1071
f 1071 1078 1079
f 1071 1079 1072
f 1072 1079 1080
f 1072 1080 1073
f 1073 1080 1081
f 1073 1081 1074
f 1074 1081 1082
f 1074 1082 1075
f 1075 1082 1083
f 1075 1083 1076
f 1076 1083 1077
f 1076 1077 1070
f 1077 1084 1085
f 1077 1085 1078
f 1078 1085 1086
f 1078 1086 1079
f 1079 1086 1087
f 1079 1087 1080
f 1080 1087 1088
f 1080 1088 1081
f 1081 1088 1089
f 1081 1089 1082
f 1082 1089 1090
f 1082 1090 1083
f 1083 1090 1084
f 1083 1084 1077
f 1091 1098 1099
f 1091 1099 1092
f 1092 1099 1100
f 1092 1100 1093
f 1093 1100 1101
f 1093 1101 1094
f 1094 1101 1102
f 1094 1102 1095
f 1095 1102 1103
f 1095 1103 1096
f 1096 1103 1104
f 1096 1104 1097
f 1097 1104 1098
f 1097 1098 1091
f 1098 1105 1106
f 1098 1106 1099
f 1099 1106 1107
f 1099 1107 1100
f 1100 1107 1108
f 1100 1108 1101
f 1101 1108 1109
f 1101 1109 1102
f 1102 1109 1110
f 1102 1110 1103
f 1103 1110 1111
f 1103 1111 1104
f 1104 1111 1105
f 1104 1105 1098
f 1105 1112 1113
f 1105 1113 1106
f 1106 1113 1114
f 1106 1114 1107
f 1107 1114 1115
f 1107 1115 1108
f 1108 1115 1116
f 1108 1116 1109
f 1109 1116 1117
f 1109 1117 1110
f 1110 1117 1118
f 1110 1118 1111
f 1111 1118 1112
f 1111 1112 1105
f 1112 1119 1120
f 1112 1120 1113
f 1113 1120 1121
f 1113 1121 1114
f 1114 1121 1122
f 1114 1122 1115
f 1115 1122 1123
f 1115 1123 1116
f 1116 1123 1124
f 1116 1124 1117
f 1117 1124 1125
f 1117 1125 1118
f 1118 1125 1119
f 1118 1119 1112
f 1119 1126 1127
f 1119 1127 1120
f 1120 1127 1128
f 1120 1128 1121
f 1121 1128 1129
f 1121 1129 1122
f 1122 1129 1130
f 1122 1130 1123
f 1123 1130 1131
f 1123 1131 1124
f 1124 1131 1132
f 1124 1132 1125
f 1125 1132 1126
f 1125 1126 1119
f 1133 1140 1141
f 1133 1141 1134
f 1134 1141 1142
f 1134 1142 1135
f 1135 1142 1143
f 1135 1143 1136
f 1136 1143 1144
f 1136 1144 1137
f 1137 1144 1145
f 1137 1145 1138
f 1138 1145 1146
f 1138 1146 1139
f 1139 1146 1140
f 1139 1140 1133
f 1140 1147 1148
f 1140 1148 1141
f 1141 1148 1149
f 1141 1149 1142
f 1142 1149 1150
f 1142 1150 1143
f 1143 1150 1151
f 1143 1151 1144
f 1144 1151 1152
f 1144 1152 1145
f 1145 1152 1153
f 1145 1153 1146
f 1146 1153 1147
f 1146 1147 1140
f 1147 1154 1155
f 1147 1155 1148
f 1148 1155 1156
f 1148 1156 1149
f 1149 1156 1157
f 1149 1157 1150
f 1150 1157 1158
f 1150 1158 1151
f 1151 1158 1159
f 1151 1159 1152
f 1152 1159 1160
f 1152 1160 1153
f 1153 1160 1154
f 1153 1154 1147
f 1154 1161 1162
f 1154 1162 1155
f 1155 1162 1163
f 1155 1163 1156
f 1156 1163 1164
f 1156 1164 1157
f 1157 1164 1165
f 1157 1165 1158
f 1158 1165 1166
f 1158 1166 1159
f 1159 1166 1167
f 1159 1167 1160
f 1160 1167 1161
f 1160 1161 1154
f 1161 1168 1169
f 1161 1169 1162
f 1162 1169 1170
f 1162 1170 1163
f 1163 1170 1171
f 1163 1171 1164
f 1164 1171 1172
f 1164 1172 1165
f 1165 1172 1173
f 1165 1173 1166
f 1166 1173 1174
f 1166 1174 1167
f 1167 1174 1168
f 1167 1168 1161
f 1175 1182 1183
f 1175 1183 1176
f 1176 1183 1184
f 1176 1184 1177
f 1177 1184 1185
f 1177 1185 1178
f 1178 1185 1186
f 1178 1186 1179
f 1179 1186 1187
f 1179 1187 1180
f 1180 1187 1188
f 1180 1188 1181
f 1181 1188 1182
f 1181 1182 1175
f 1182 1189 1190
f 1182 1190 1183
f 1183 1190 1191
f 1183 1191 1184
f 1184 1191 1192
f 1184 1192 1185
f 1185 1192 1193
f 1185 1193 1186
f 1186 1193 1194
f 1186 1194 1187
f 1187 1194 1195
f 1187 1195 1188
f 1188 1195 1189
f 1188 1189 1182
f 1189 1196 1197
f 1189 1197 1190
f 1190 1197 1198
f 1190 1198 1191
f 1191 1198 1199
f 1191 1199 1192
f 1192 1199 1200
f 1192 1200 1193
f 1193 1200 1201
f 1193 1201 1194
f 1194 1201 1202
f 1194 1202 1195
f 1195 1202 1196
f 1195 1196 1189
f 1196 1203 1204
f 1196 1204 1197
f 1197 1204 1205
f 1197 1205 1198
f 1198 1205 1206
f 1198 1206 1199
f 1199 1206 1207
f 1199 1207 1200
f 1200 1207 1208
f 1200 1208 1201
f 1201 1208 1209
f 1201 1209 1202
f 1202 1209 1203
f 1202 1203 1196
f 1203 1210 1211
f 1203 1211 1204
f 1204 1211 1212
f 1204 1212 1205
f 1205 1212 1213
f 1205 1213 1206
f 1206 1213 1214
f 1206 1214 1207
f 1207 1214 1215
f 1207 1215 1208
f 1208 1215 1216
f 1208 1216 1209
f 1209 1216 1210
f 1209 1210 1203
f 1217 1224 1225
f 1217 1225 1218
f 1218 1225 1226
f 1218 1226 1219
f 1219 1226 1227
f 1219 1227 1220
f 1220 1227 1228
f 1220 1228 1221
f 1221 1228 1229
f 1221 1229 1222
f 1222 1229 1230
f 1222 1230 1223
f 1223 1230 1224
f 1223 1224 1217
f 1224 1231 1232
f 1224 1232 1225
f 1225 1232 1233
f 1225 1233 1226
f 1226 1233 1234
f 1226 1234 1227
f 1227 1234 1235
f 1227 1235 1228
f 1228 1235 1236
f 1228 1236 1229
f 1229 1236 1237
f 1229 1237 1230
f 1230 1237 1231
f 1230 1231 1224
f 1231 1238 1239
f 1231 1239 1232
f 1232 1239 1240
f 1232 1240 1233
f 1233 1240 1241
f 1233 1241 1234
f 1234 1241 1242
f 1234 1242 1235
f 1235 1242 1243
f 1235 1243 1236
f 1236 1243 1244
f 1236 1244 1237
f 1237 1244 1238
f 1237 1238 1231
f 1238 1245 1246
f 1238 1246 1239
f 1239 1246 1247
f 1239 1247 1240
f 1240 1247 1248
f 1240 1248 1241
f 1241 1248 1249
f 1241 1249 1242
f 1242 1249 1250
f 1242 1250 1243
f 1243 1250 1251
f 1243 1251 1244
f 1244 1251 1245
f 1244 1245 1238
f 1245 1252 1253
f 1245 1253 1246
f 1246 1253 1254
f 1246 1254 1247
f 1247 1254 1255
f 1247 1255 1248
f 1248 1255 1256
f 1248 1256 1249
f 1249 1256 1257
f 1249 1257 1250
f 1250 1257 1258
f 1250 1258 1251
f 1251 1258 1252
f 1251 1252 1245
f 1259 1266 1267
f 1259 1267 1260
f 1260 1267 1268
f 1260 1268 1261
f 1261 1268 1269
f 1261 1269 1262
f 1262 1269 1270
f 1262 1270 1263
f 1263 1270 1271
f 1263 1271 1264
f 1264 1271 1272
f 1264 1272 1265
f 1265 1272 1266
f 1265 1266 1259
f 1266 1273 1274
f 1266 1274 1267
f 1267 1274 1275
f 1267 1275 1268
f 1268 1275 1276
f 1268 1276 1269
f 1269 1276 1277
f 1269 1277 1270
f 1270 1277 1278
f 1270 1278 1271
f 1271 1278 1279
f 1271 1279 1272
f 1272 1279 1273
f 1272 1273 1266
f 1273 1280 1281
f 1273 1281 1274
f 1274 1281 1282
f 1274 1282 1275
f 1275 1282 1283
f 1275 1283 1276
f 1276 1283 1284
f 1276 1284 1277
f 1277 1284 1285
f 1277 1285 1278
f 1278 1285 1286
f 1278 1286 1279
f 1279 1286 1280
f 1279 1280 1273
f 1280 1287 1288
f 1280 1288 1281
f 1281 1288 1289
f 1281 1289 1282
f 1282 1289 1290
f 1282 1290 1283
f 1283 1290 1291
f 1283 1291 1284
f 1284 1291 1292
f 1284 1292 1285
f 1285 1292 1293
f 1285 1293 1286
f 1286 1293 1287
f 1286 1287 1280
f 1287 1294 1295
f 1287 1295 1288
f 1288 1295 1296
f 1288 1296 1289
f 1289 1296 1297
f 1289 1297 1290
f 1290 1297 1298
f 1290 1298 1291
f 1291 1298 1299
f 1291 1299 1292
f 1292 1299 1300
f 1292 1300 1293
f 1293 1300 1294
f 1293 1294 1287
f 1301 1308 1309
f 1301 1309 1302
f 1302 1309 1310
f 1302 1310 1303
f 1303 1310 1311
f 1303 1311 1304
f 1304 1311 1312
f 1304 1312 1305
f 1305 1312 1313
f 1305 1313 1306
f 1306 1313 1314
f 1306 1314 1307
f 1307 1314 1308
f 1307 1308 1301
f 1308 1315 1316
f 1308 1316 1309
f 1309 1316 1317
f 1309 1317 1310
f 1310 1317 1318
f 1310 1318 1311
f 1311 1318 1319
f 1311 1319 1312
f 1312 1319 1320
f 1312 1320 1313
f 1313 1320 1321
f 1313 1321 1314
f 1314 1321 1315
f 1314 1315 1308
f 1315 1322 1323
f 1315 1323 1316
f 1316 1323 1324
f 1316 1324 1317
f 1317 1324 1325
f 1317 1325 1318
f 1318 1325 1326
f 1318 1326 1319
f 1319 1326 1327
f 1319 1327 1320
f 1320 1327 1328
f 1320 1328 1321
f 1321 1328 1322
f 1321 1322 1315
f 1322 1329 1330
f 1322 1330 1323
f 1323 1330 1331
f 1323 1331 1324
f 1324 1331 1332
f 1324 1332 1325
f 1325 1332 1333
f 1325 1333 1326
f 1326 1333 1334
f 1326 1334 1327
f 1327 1334 1335
f 1327 1335 1328
f 1328 1335 1329
f 1328 1329 1322
f 1329 1336 1337
f 1329 1337 1330
f 1330 1337 1338
f 1330 1338 1331
f 1331 1338 1339
f 1331 1339 1332
f 1332 1339 1340
f 1332 1340 1333
f 1333 1340 1341
f 1333 1341 1334
f 1334 1341 1342
f 1334 1342 1335
f 1335 1342 1336
f 1335 1336 1329
f 1343 1350 1351
f 1343 1351 1344
f 1344 1351 1352
f 1344 1352 1345
f 1345 1352 1353
f 1345 1353 1346
f 1346 1353 1354
f 1346 1354 1347
f 1347 1354 1355
f 1347 1355 1348
f 1348 1355 1356
f 1348 1356 1349
f 1349 1356 1350
f 1349 1350 1343
f 1350 1357 1358
f 1350 1358 1351
f 1351 1358 1359
f 1351 1359 1352
f 1352 1359 1360
f 1352 1360 1353
f 1353 1360 1361
f 1353 1361 1354
f 1354 1361 1362
f 1354 1362 1355
f 1355 1362 1363
f 1355 1363 1356
f 1356 1363 1357
f 1356 1357 1350
f 1357 1364 1365
f 1357 1365 1358
f 1358 1365 1366
f 1358 1366 1359
f 1359 1366 1367
f 1359 1367 1360
f 1360 1367 1368
f 1360 1368 1361
f 1361 1368 1369
f 1361 1369 1362
f 1362 1369 1370
f 1362 1370 1363
f 1363 1370 1364
f 1363 1364 1357
f 1364 1371 1372
f 1364 1372 1365
f 1365 1372 1373
f 1365 1373 1366
f 1366 1373 1374
f 1366 1374 1367
f 1367 1374 1375
f 1367 1375 1368
f 1368 1375 1376
f 1368 1376 1369
f 1369 1376 1377
f 1369 1377 1370
f 1370 1377 1371
f 1370 1371 1364
f 1371 1378 1379
f 1371 1379 1372
f 1372 1379 1380
f 1372 1380 1373
f 1373 1380 1381
f 1373 1381 1374
f 1374 1381 1382
f 1374 1382 1375
f 1375 1382 1383
f 1375 1383 1376
f 1376 1383 1384
f 1376 1384 1377
f 1377 1384 1378
f 1377 1378 1371
f 1385 1392 1393
f 1385 1393 1386
f 1386 1393 1394
f 1386 1394 1387
f 1387 1394 1395
f 1387 1395 1388
f 1388 1395 1396
f 1388 1396 1389
f 1389 1396 1397
f 1389 1397 1390
f 1390 1397 1398
f 1390 1398 1391
f 1391 1398 1392
f 1391 1392 1385
f 1392 1399 1400
f 1392 1400 1393
f 1393 1400 1401
f 1393 1401 1394
f 1394 1401 1402
f 1394 1402 1395
f 1395 1402 1403
f 1395 1403 1396
f 1396 1403 1404
f 1396 1404 1397
f 1397 1404 1405
f 1397 1405 1398
f 1398 1405 1399
f 1398 1399 1392
f 1399 1406 1407
f 1399 1407 1400
f 1400 1407 1408
f 1400 1408 1401
f 1401 1408 1409
f 1401 1409 1402
f 1402 1409 1410
f 1402 1410 1403
f 1403 1410 1411
f 1403 1411 1404
f 1404 1411 1412
f 1404 1412 1405
f 1405 1412 1406
f 1405 1406 1399
f 1406 1413 1414
f 1406 1414 1407
f 1407 1414 1415
f 1407 1415 1408
f 1408 1415 1416
f 1408 1416 1409
f 1409 1416 1417
f 1409 1417 1410
f 1410 1417 1418
f 1410 1418 1411
f 1411 1418 1419
f 1411 1419 1412
f 1412 1419 1413
f 1412 1413 1406
f 1413 1420 1421
f 1413 1421 1414
f 1414 1421 1422
f 1414 1422 1415
f 1415 1422 1423
f 1415 1423 1416
f 1416 1423 1424
f 1416 1424 1417
f 1417 1424 1425
f 1417 1425 1418
f 1418 1425 1426
f 1418 1426 1419
f 1419 1426 1420
f 1419 1420 1413
f 1427 1434 1435
f 1427 1435 1428
f 1428 1435 1436
f 1428 1436 1429
f 1429 1436 1437
f 1429 1437 1430
f 1430 1437 1438
f 1430 1438 1431
f 1431 1438 1439
f 1431 1439 1432
f 1432 1439 1440
f 1432 1440 1433
f 1433 1440 1434
f 1433 1434 1427
f 1434 1441 1442
f 1434 1442 1435
f 1435 1442 1443
f 1435 1443 1436
f 1436 1443 1444
f 1436 1444 1437
f 1437 1444 1445
f 1437 1445 1438
f 1438 1445 1446
f 1438 1446 1439
f 1439 1446 1447
f 1439 1447 1440
f 1440 1447 1441
f 1440 1441 1434
f 1441 1448 1449
f 1441 1449 1442
f 1442 1449 1450
f 1442 1450 1443
f 1443 1450 1451
f 1443 1451 1444
f 1444 1451 1452
f 1444 1452 1445
f 1445 1452 1453
f 1445 1453 1446
f 1446 1453 1454
f 1446 1454 1447
f 1447 1454 1448
f 1447 1448 1441
f 1448 1455 1456
f 1448 1456 1449
f 1449 1456 1457
f 1449 1457 1450
f 1450 1457 1458
f 1450 1458 1451
f 1451 1458 1459
f 1451 1459 1452
f 1452 1459 1460
f 1452 1460 1453
f 1453 1460 1461
f 1453 1461 1454
f 1454 1461 1455
f 1454 1455 1448
f 1455 1462 1463
f 1455 1463 1456
f 1456 1463 1464
f 1456 1464 1457
f 1457 1464 1465
f 1457 1465 1458
f 1458 1465 1466
f 1458 1466 1459
f 1459 1466 1467
f 1459 1467 1460
f 1460 1467 1468
f 1460 1468 1461
f 1461 1468 1462
f 1461 1462 1455
f 1469 1476 1477
f 1469 1477 1470
f 1470 1477 1478
f 1470 1478 1471
f 1471 1478 1479
f 1471 1479 1472
f 1472 1479 1480
f 1472 1480 1473
f 1473 1480 1481
f 1473 1481 1474
f 1474 1481 1482
f 1474 1482 1475
f 1475 1482 1476
f 1475 1476 1469
f 1476 1483 1484
f 1476 1484 1477
f 1477 1484 1485
f 1477 1485 1478
f 1478 1485 1486
f 1478 1486 1479
f 1479 1486 1487
f 1479 1487 1480
f 1480 1487 1488
f 1480 1488 1481
f 1481 1488 1489
f 1481 1489 1482
f 1482 1489 1483
f 1482 1483 1476
f 1483 1490 1491
f 1483 1491 1484
f 1484 1491 1492
f 1484 1492 1485
f 1485 1492 1493
f 1485 1493 1486
f 1486 1493 1494
f 1486 1494 1487
f 1487 1494 1495
f 1487 1495 1488
f 1488 1495 1496
f 1488 1496 1489
f 1489 1496 1490
f 1489 1490 1483
f 1490 1497 1498
f 1490 1498 1491
f 1491 1498 1499
f 1491 1499 1492
f 1492 1499 1500
f 1492 1500 1493
f 1493 1500 1501
f 1493 1501 1494
f 1494 1501 1502
f 1494 1502 1495
f 1495 1502 1503
f 1495 1503 1496
f 1496 1503 1497
f 1496 1497 1490
f 1497 1504 1505
f 1497 1505 1498
f 1498 1505 1506
f 1498 1506 1499
f 1499 1506 1507
f 1499 1507 1500
f 1500 1507 1508
f 1500 1508 1501
f 1501 1508 1509
f 1501 1509 1502
f 1502 1509 1510
f 1502 1510 1503
f 1503 1510 1504
f 1503 1504 1497
f 1511 1518 1519
f 1511 1519 1512
f 1512 1519 1520
f 1512 1520 1513
f 1513 1520 1521
f 1513 1521 1514
f 1514 1521 1522
f 1514 1522 1515
f 1515 1522 1523
f 1515 1523 1516
f 1516 1523 1524
f 1516 1524 1517
f 1517 1524 1518
f 1517 1518 1511
f 1518 1525 1526
f 1518 1526 1519
f 1519 1526 1527
f 1519 1527 1520
f 1520 1527 1528
f 1520 1528 1521
f 1521 1528 1529
f 1521 1529 1522
f 1522 1529 1530
f 1522 1530 1523
f 1523 1530 1531
f 1523 1531 1524
f 1524 1531 1525
f 1524 1525 1518
f 1525 1532 1533
f 1525 1533 1526
f 1526 1533 1534
f 1526 1534 1527
f 1527 1534 1535
f 1527 1535 1528
f 1528 1535 1536
f 1528 1536 1529
f 1529 1536 1537
f 1529 1537 1530
f 1530 1537 1538
f 1530 1538 1531
f 1531 1538 1532
f 1531 1532 1525
f 1532 1539 1540
f 1532 1540 1533
f 1533 1540 1541
f 1533 1541 1534
f 1534 1541 1542
f 1534 1542 1535
f 1535 1542 1543
f 1535 1543 1536
f 1536 1543 1544
f 1536 1544 1537
f 1537 1544 1545
f 1537 1545 1538
f 1538 1545 1539
f 1538 1539 1532
f 1539 1546 1547
f 1539 1547 1540
f 1540 1547 1548
f 1540 1548 1541
f 1541 1548 1549
f 1541 1549 1542
f 1542 1549 1550
f 1542 1550 1543
f 1543 1550 1551
f 1543 1551 1544
f 1544 1551 1552
f 1544 1552 1545
f 1545 1552 1546
f 1545 1546 1539
f 1553 1560 1561
f 1553 1561 1554
f 1554 1561 1562
f 1554 1562 1555
f 1555 1562 1563
f 1555 1563 1556
f 1556 1563 1564
f 1556 1564 1557
f 1557 1564 1565
f 1557 1565 1558
f 1558 1565 1566
f 1558 1566 1559
f 1559 1566 1560
f 1559 1560 1553
f 1560 1567 1568
f 1560 1568 1561
f 1561 1568 1569
f 1561 1569 1562
f 1562 1569 1570
f 1562 1570 1563
f 1563 1570 1571
f 1563 1571 1564
f 1564 1571 1572
f 1564 1572 1565
f 1565 1572 1573
f 1565 1573 1566
f 1566 1573 1567
f 1566 1567 1560
f 1567 1574 1575
f 1567 1575 1568
f 1568 1575 1576
f 1568 1576 1569
f 1569 1576 1577
f 1569 1577 1570
f 1570 1577 1578
f 1570 1578 1571
f 1571 1578 1579
f 1571 1579 1572
f 1572 1579 1580
f 1572 1580 1573
f 1573 1580 1574
f 1573 1574 1567
f 1574 1581 1582
f 1574 1582 1575
f 1575 1582 1583
f 1575 1583 1576
f 1576 1583 1584
f 1576 1584 1577
f 1577 1584 1585
f 1577 1585 1578
f 1578 1585 1586
f 1578 1586 1579
f 1579 1586 1587
f 1579 1587 1580
f 1580 1587 1581
f 1580 1581 1574
f 1581 1588 1589
f 1581 1589 1582
f 1582 1589 1590
f 1582 1590 1583
f 1583 1590 1591
f 1583 1591 1584
f 1584 1591 1592
f 1584 1592 1585
f 1585 1592 1593
f 1585 1593 1586
f 1586 1593 1594
f 1586 1594 1587
f 1587 1594 1588
f 1587 1588 1581
f 1595 1602 1603
f 1595 1603 1596
f 1596 1603 1604
f 1596 1604 1597
f 1597 1604 1605
f 1597 1605 1598
f 1598 1605 1606
f 1598 1606 1599
f 1599 1606 1607
f 1599 1607 1600
f 1600 1607 1608
f 1600 1608 1601
f 1601 1608 1602
f 1601 1602 1595
f 1602 1609 1610
f 1602 1610 1603
f 1603 1610 1611
f 1603 1611 1604
f 1604 1611 1612
f 1604 1612 1605
f 1605 1612 1613
f 1605 1613 1606
f 1606 1613 1614
f 1606 1614 1607
f 1607 1614 1615
f 1607 1615 1608
f 1608 1615 1609
f 1608 1609 1602
f 1609 1616 1617
f 1609 1617 1610
f 1610 1617 1618
f 1610 1618 1611
f 1611 1618 1619
f 1611 1619 1612
f 1612 1619 1620
f 1612 1620 1613
f 1613 1620 1621
f 1613 1621 1614
f 1614 1621 1622
f 1614 1622 1615
f 1615 1622 1616
f 1615 1616 1609
f 1616 1623 1624
f 1616 1624 1617
f 1617 1624 1625
f 1617 1625 1618
f 1618 1625 1626
f 1618 1626 1619
f 1619 1626 1627
f 1619 1627 1620
f 1620 1627 1628
f 1620 1628 1621
f 1621 1628 1629
f 1621 1629 1622
f 1622 1629 1623
f 1622 1623 1616
f 1623 1630 1631
f 1623 1631 1624
f 1624 1631 1632
f 1624 1632 1625
f 1625 1632 1633
f 1625 1633 1626
f 1626 1633 1634
f 1626 1634 1627
f 1627 1634 1635
f 1627 1635 1628
f 1628 1635 1636
f 1628 1636 1629
f 1629 1636 1630
f 1629 1630 1623
f 1637 1644 1645
f 1637 1645 1638
f 1638 1645 1646
f 1638 1646 1639
f 1639 1646 1647
f 1639 1647 1640
f 1640 1647 1648
f 1640 1648 1641
f 1641 1648 1649
f 1641 1649 1642
f 1642 1649 1650
f 1642 1650 1643
f 1643 1650 1644
f 1643 1644 1637
f 1644 1651 1652
f 1644 1652 1645
f 1645 1652 1653
f 1645 1653 1646
f 1646 1653 1654
f 1646 1654 1647
f 1647 1654 1655
f 1647 1655 1648
f 1648 1655 1656
f 1648 1656 1649
f 1649 1656 1657
f 1649 1657 1650
f 1650 1657 1651
f 1650 1651 1644
f 1651 1658 1659
f 1651 1659 1652
f 1652 1659 1660
f 1652 1660 1653
f 1653 1660 1661
f 1653 1661 1654
f 1654 1661 1662
f 1654 1662 1655
f 1655 1662 1663
f 1655 1663 1656
f 1656 1663 1664
f 1656 1664 1657
f 1657 1664 1658
f 1657 1658 1651
f 1658 1665 1666
f 1658 1666 1659
f 1659 1666 1667
f 1659 1667 1660
f 1660 1667 1668
f 1660 1668 1661
f 1661 1668 1669
f 1661 1669 1662
f 1662 1669 1670
f 1662 1670 1663
f 1663 1670 1671
f 1663 1671 1664
f 1664 1671 1665
f 1664 1665 1658
f 1665 1672 1673
f 1665 1673 1666
f 1666 1673 1674
f 1666 1674 1667
f 1667 1674 1675
f 1667 1675 1668
f 1668 1675 1676
f 1668 1676 1669
f 1669 1676 1677
f 1669 1677 1670
f 1670 1677 1678
f 1670 1678 1671
f 1671 1678 1672
f 1671 1672 1665
f 1679 1686 1687
f 1679 1687 1680
f 1680 1687 1688
f 1680 1688 1681
f 1681 1688 1689
f 1681 1689 1682
f 1682 1689 1690
f 1682 1690 1683
f 1683 1690 1691
f 1683 1691 1684
f 1684 1691 1692
f 1684 1692 1685
f 1685 1692 1686
f 1685 1686 1679
f 1686 1693 1694
f 1686 1694 1687
f 1687 1694 1695
f 1687 1695 1688
f 1688 1695 1696
f 1688 1696 1689
f 1689 1696 1697
f 1689 1697 1690
f 1690 1697 1698
f 1690 1698 1691
f 1691 1698 1699
f 1691 1699 1692
f 1692 1699 1693
f 1692 1693 1686
f 1693 1700 1701
f 1693 1701 1694
f 1694 1701 1702
f 1694 1702 1695
f 1695 1702 1703
f 1695 1703 1696
f 1696 1703 1704
f 1696 1704 1697
f 1697 1704 1705
f 1697 1705 1698
f 1698 1705 1706
f 1698 1706 1699
f 1699 1706 1700
f 1699 1700 1693
f 1700 1707 1708
f 1700 1708 1701
f 1701 1708 1709
f 1701 1709 1702
f 1702 1709 1710
f 1702 1710 1703
f 1703 1710 1711
f 1703 1711 1704
f 1704 1711 1712
f 1704 1712 1705
f 1705 1712 1713
f 1705 1713 1706
f 1706 1713 1707
f 1706 1707 1700
f 1707 1714 1715
f 1707 1715 1708
f 1708 1715 1716
f 1708 1716 1709
f 1709 1716 1717
f 1709 1717 1710
f 1710 1717 1718
f 1710 1718 1711
f 1711 1718 1719
f 1711 1719 1712
f 1712 1719 1720
f 1712 1720 1713
f 1713 1720 1714
f 1713 1714 1707
f 1721 1728 1729
f 1721 1729 1722
f 1722 1729 1730
f 1722 1730 1723
f 1723 1730 1731
f 1723 1731 1724
f 1724 1731 1732
f 1724 1732 1725
f 1725 1732 1733
f 1725 1733 1726
f 1726 1733 1734
f 1726 1734 1727
f 1727 1734 1728
f 1727 1728 1721
f 1728 1735 1736
f 1728 1736 1729
f 1729 1736 1737
f 1729 1737 1730
f 1730 1737 1738
f 1730 1738 1731
f 1731 1738 1739
f 1731 1739 1732
f 1732 1739 1740
f 1732 1740 1733
f 1733 1740 1741
f 1733 1741 1734
f 1734 1741 1735
f 1734 1735 1728
f 1735 1742 1743
f 1735 1743 1736
f 1736 1743 1744
f 1736 1744 1737
f 1737 1744 1745
f 1737 1745 1738
f 1738 1745 1746
f 1738 1746 1739
f 1739 1746 1747
f 1739 1747 1740
f 1740 1747 1748
f 1740 1748 1741
f 1741 1748 1742
f 1741 1742 1735
f 1742 1749 1750
f 1742 1750 1743
f 1743 1750 1751
f 1743 1751 1744
f 1744 1751 1752
f 1744 1752 1745
f 1745 1752 1753
f 1745 1753 1746
f 1746 1753 1754
f 1746 1754 1747
f 1747 1754 1755
f 1747 1755 1748
f 1748 1755 1749
f 1748 1749 1742
f 1749 1756 1757
f 1749 1757 1750
f 1750 1757 1758
f 1750 1758 1751
f 1751 1758 1759
f 1751 1759 1752
f 1752 1759 1760
f 1752 1760 1753
f 1753 1760 1761
f 1753 1761 1754
f 1754 1761 1762
f 1754 1762 1755
f 1755 1762 1756
f 1755 1756 1749
f 1763 1770 1771
f 1763 1771 1764
f 1764 1771 1772
f 1764 1772 1765
f 1765 1772 1773
f 1765 1773 1766
f 1766 1773 1774
f 1766 1774 1767
f 1767 1774 1775
f 1767 1775 1768
f 1768 1775 1776
f 1768 1776 1769
f 1769 1776 1770
f 1769 1770 1763
f 1770 1777 1778
f 1770 1778 1771
f 1771 1778 1779
f 1771 1779 1772
f 1772 1779 1780
f 1772 1780 1773
f 1773 1780 1781
f 1773 1781 1774
f 1774 1781 1782
f 1774 1782 1775
f 1775 1782 1783
f 1775 1783 1776
f 1776 1783 1777
f 1776 1777 1770
f 1777 1784 1785
f 1777 1785 1778
f 1778 1785 1786
f 1778 1786 1779
f 1779 1786 1787
f 1779 1787 1780
f 1780 1787 1788
f 1780 1788 1781
f 1781 1788 1789
f 1781 1789 1782
f 1782 1789 1790
f 1782 1790 1783
f 1783 1790 1784
f 1783 1784 1777
f 1784 1791 1792
f 1784 1792 1785
f 1785 1792 1793
f 1785 1793 1786
f 1786 1793 1794
f 1786 1794 1787
f 1787 1794 1795
f 1787 1795 1788
f 1788 1795 1796
f 1788 1796 1789
f 1789 1796 1797
f 1789 1797 1790
f 1790 1797 1791
f 1790 1791 1784
f 1791 1798 1799
f 1791 1799 1792
f 1792 1799 1800
f 1792 1800 1793
f 1793 1800 1801
f 1793 1801 1794
f 1794 1801 1802
f 1794 1802 1795
f 1795 1802 1803
f 1795 1803 1796
f 1796 1803 1804
f 1796 1804 1797
f 1797 1804 1798
f 1797 1798 1791
f 1805 1812 1813
f 1805 1813 1806
f 1806 1813 1814
f 1806 1814 1807
f 1807 1814 1815
f 1807 1815 1808
f 1808 1815 1816
f 1808 1816 1809
f 1809 1816 1817
f 1809 1817 1810
f 1810 1817 1818
f 1810 1818 1811
f 1811 1818 1812
f 1811 1812 1805
f 1812 1819 1820
f 1812 1820 1813
f 1813 1820 1821
f 1813 1821 1814
f 1814 1821 1822
f 1814 1822 1815
f 1815 1822 1823
f 1815 1823 1816
f 1816 1823 1824
f 1816 1824 1817
f 1817 1824 1825
f 1817 1825 1818
f 1818 1825 1819
f 1818 1819 1812
f 1819 1826 1827
f 1819 1827 1820
f 1820 1827 1828
f 1820 1828 1821
f 1821 1828 1829
f 1821 1829 1822
f 1822 1829 1830
f 1822 1830 1823
f 1823 1830 1831
f 1823 1831 1824
f 1824 1831 1832
f 1824 1832 1825
f 1825 1832 1826
f 1825 1826 1819
f 1826 1833 1834
f 1826 1834 1827
f 1827 1834 1835
f 1827 1835 1828
f 1828 1835 1836
f 1828 1836 1829
f 1829 1836 1837
f 1829 1837 1830
f 1830 1837 1838
f 1830 1838 1831
f 1831 1838 1839
f 1831 1839 1832
f 1832 1839 1833
f 1832 1833 1826
f 1833 1840 1841
f 1833 1841 1834
f 1834 1841 1842
f 1834 1842 1835
f 1835 1842 1843
f 1835 1843 1836
f 1836 1843 1844
f 1836 1844 1837
f 1837 1844 1845
f 1837 1845 1838
f 1838 1845 1846
f 1838 1846 1839
f 1839 1846 1840
f 1839 1840 1833
f 1847 1854 1855
f 1847 1855 1848
f 1848 1855 1856
f 1848 1856 1849
f 1849 1856 1857
f 1849 1857 1850
f 1850 1857 1858
f 1850 1858 1851
f 1851 1858 1859
f 1851 1859 1852
f 1852 1859 1860
f 1852 1860 1853
f 1853 1860 1854
f 1853 1854 1847
f 1854 1861 1862
f 1854 1862 1855
f 1855 1862 1863
f 1855 1863 1856
f 1856 1863 1864
f 1856 1864 1857
f 1857 1864 1865
f 1857 1865 1858
f 1858 1865 1866
f 1858 1866 1859
f 1859 1866 1867
f 1859 1867 1860
f 1860 1867 1861
f 1860 1861 1854
f 1861 1868 1869
f 1861 1869 1862
f 1862 1869 1870
f 1862 1870 1863
f 1863 1870 1871
f 1863 1871 1864
f 1864 1871 1872
f 1864 1872 1865
f 1865 1872 1873
f 1865 1873 1866
f 1866 1873 1874
f 1866 1874 1867
f 1867 1874 1868
f 1867 1868 1861
f 1868 1875 1876
f 1868 1876 1869
f 1869 1876 1877
f 1869 1877 1870
f 1870 1877 1878
f 1870 1878 1871
f 1871 1878 1879
f 1871 1879 1872
f 1872 1879 1880
f 1872 1880 1873
f 1873 1880 1881
f 1873 1881 1874
f 1874 1881 1875
f 1874 1875 1868
f 1875 1882 1883
f 1875 1883 1876
f 1876 1883 1884
f 1876 1884 1877
f 1877 1884 1885
f 1877 1885 1878
f 1878 1885 1886
f 1878 1886 1879
f 1879 1886 1887
f 1879 1887 1880
f 1880 1887 1888
f 1880 1888 1881
f 1881 1888 1882
f 1881 1882 1875
f 1889 1896 1897
f 1889 1897 1890
f 1890 1897 1898
f 1890 1898 1891
f 1891 1898 1899
f 1891 1899 1892
f 1892 1899 1900
f 1892 1900 1893
f 1893 1900 1901
f 1893 1901 1894
f 1894 1901 1902
f 1894 1902 1895
f 1895 1902 1896
f 1895 1896 1889
f 1896 1903 1904
f 1896 1904 1897
f 1897 1904 1905
f 1897 1905 1898
f 1898 1905 1906
f 1898 1906 1899
f 1899 1906 1907
f 1899 1907 1900
f 1900 1907 1908
f 1900 1908 1901
f 1901 1908 1909
f 1901 1909 1902
f 1902 1909 1903
f 1902 1903 1896
f 1903 1910 1911
f 1903 1911 1904
f 1904 1911 1912
f 1904 1912 1905
f 1905 1912 1913
f 1905 1913 1906
f 1906 1913 1914
f 1906 1914 1907
f 1907 1914 1915
f 1907 1915 1908
f 1908 1915 1916
f 1908 1916 1909
f 1909 1916 1910
f 1909 1910 1903
f 1910 1917 1918
f 1910 1918 1911
f 1911 1918 1919
f 1911 1919 1912
f 1912 1919 1920
f 1912 1920 1913
f 1913 1920 1921
f 1913 1921 1914
f 1914 1921 1922
f 1914 1922 1915
f 1915 1922 1923
f 1915 1923 1916
f 1916 1923 1917
f 1916 1917 1910
f 1917 1924 1925
f 1917 1925 1918
f 1918 1925 1926
f 1918 1926 1919
f 1919 1926 1927
f 1919 1927 1920
f 1920 1927 1928
f 1920 1928 1921
f 1921 1928 1929
f 1921 1929 1922
f 1922 1929 1930
f 1922 1930 1923
f 1923 1930 1924
f 1923 1924 1917
f 1931 1938 1939
f 1931 1939 1932
f 1932 1939 1940
f 1932 1940 1933
f 1933 1940 1941
f 1933 1941 1934
f 1934 1941 1942
f 1934 1942 1935
f 1935 1942 1943
f 1935 1943 1936
f 1936 1943 1944
f 1936 1944 1937
f 1937 1944 1938
f 1937 1938 1931
f 1938 1945 1946
f 1938 1946 1939
f 1939 1946 1947
f 1939 1947 1940
f 1940 1947 1948
f 1940 1948 1941
f 1941 1948 1949
f 1941 1949 1942
f 1942 1949 1950
f 1942 1950 1943
f 1943 1950 1951
f 1943 1951 1944
f 1944 1951 1945
f 1944 1945 1938
f 1945 1952 1953
f 1945 1953 1946
f 1946 1953 1954
f 1946 1954 1947
f 1947 1954 1955
f 1947 1955 1948
f 1948 1955 1956
f 1948 1956 1949
f 1949 1956 1957
f 1949 1957 1950
f 1950 1957 1958
f 1950 1958 1951
f 1951 1958 1952
f 1951 1952 1945
f 1952 1959 1960
f 1952 1960 1953
f 1953 1960 1961
f 1953 1961 1954
f 1954 1961 1962
f 1954 1962 1955
f 1955 1962 1963
f 1955 1963 1956
f 1956 1963 1964
f 1956 1964 1957
f 1957 1964 1965
f 1957 1965 1958
f 1958 1965 1959
f 1958 1959 1952
f 1959 1966 1967
f 1959 1967 1960
f 1960 1967 1968
f 1960 1968 1961
f 1961 1968 1969
f 1961 1969 1962
f 1962 1969 1970
f 1962 1970 1963
f 1963 1970 1971
f 1963 1971 1964
f 1964 1971 1972
f 1964 1972 1965
f 1965 1972 1966
f 1965 1966 1959
f 1973 1980 1981
f 1973 1981 1974
f 1974 1981 1982
f 1974 1982 1975
f 1975 1982 1983
f 1975 1983 1976
f 1976 1983 1984
f 1976 1984 1977
f 1977 1984 1985
f 1977 1985 1978
f 1978 1985 1986
f 1978 1986 1979
f 1979 1986 1980
f 1979 1980 1973
f 1980 1987 1988
f 1980 1988 1981
f 1981 1988 1989
f 1981 1989 1982
f 1982 1989 1990
f 1982 1990 1983
f 1983 1990 1991
f 1983 1991 1984
f 1984 1991 1992
f 1984 1992 1985
f 1985 1992 1993
f 1985 1993 1986
f 1986 1993 1987
f 1986 1987 1980
f 1987 1994 1995
f 1987 1995 1988
f 1988 1995 1996
f 1988 1996 1989
f 1989 1996 1997
f 1989 1997 1990
f 1990 1997 1998
f 1990 1998 1991
f 1991 1998 1999
f 1991 1999 1992
f 1992 1999 2000
f 1992 2000 1993
f 1993 2000 1994
f 1993 1994 1987
f 1994 2001 2002
f 1994 2002 1995
f 1995 2002 2003
f 1995 2003 1996
f 1996 2003 2004
f 1996 2004 1997
f 1997 2004 2005
f 1997 2005 1998
f 1998 2005 2006
f 1998 2006 1999
f 1999 2006 2007
f 1999 2007 2000
f 2000 2007 2001
f 2000 2001 1994
f 2001 2008 2009
f 2001 2009 2002
f 2002 2009 2010
f 2002 2010 2003
f 2003 2010 2011
f 2003 2011 2004
f 2004 2011 2012
f 2004 2012 2005
f 2005 2012 2013
f 2005 2013 2006
f 2006 2013 2014
f 2006 2014 2007
f 2007 2014 2008
f 2007 2008 2001
f 2015 2022 2023
f 2015 2023 2016
f 2016 2023 2024
f 2016 2024 2017
f 2017 2024 2025
f 2017 2025 2018
f 2018 2025 2026
f 2018 2026 2019
f 2019 2026 2027
f 2019 2027 2020
f 2020 2027 2028
f 2020 2028 2021
f 2021 2028 2022
f 2021 2022 2015
f 2022 2029 2030
f 2022 2030 2023
f 2023 2030 2031
f 2023 2031 2024
f 2024 2031 2032
f 2024 2032 2025
f 2025 2032 2033
f 2025 2033 2026
f 2026 2033 2034
f 2026 2034 2027
f 2027 2034 2035
f 2027 2035 2028
f 2028 2035 2029
f 2028 2029 2022
f 2029 2036 2037
f 2029 2037 2030
f 2030 2037 2038
f 2030 2038 2031
f 2031 2038 2039
f 2031 2039 2032
f 2032 2039 2040
f 2032 2040 2033
f 2033 2040 2041
f 2033 2041 2034
f 2034 2041 2042
f 2034 2042 2035
f 2035 2042 2036
f 2035 2036 2029
f 2036 2043 2044
f 2036 2044 2037
f 2037 2044 2045
f 2037 2045 2038
f 2038 2045 2046
f 2038 2046 2039
f 2039 2046 2047
f 2039 2047 2040
f 2040 2047 2048
f 2040 2048 2041
f 2041 2048 2049
f 2041 2049 2042
f 2042 2049 2043
f 2042 2043 2036
f 2043 2050 2051
f 2043 2051 2044
f 2044 2051 2052
f 2044 2052 2045
f 2045 2052 2053
f 2045 2053 2046
f 2046 2053 2054
f 2046 2054 2047
f 2047 2054 2055
f 2047 2055 2048
f 2048 2055 2056
f 2048 2056 2049
f 2049 2056 2050
f 2049 2050 2043
f 2057 2064 2065
f 2057 2065 2058
f 2058 2065 2066
f 2058 2066 2059
f 2059 2066 2067
f 2059 2067 2060
f 2060 2067 2068
f 2060 2068 2061
f 2061 2068 2069
f 2061 2069 2062
f 2062 2069 2070
f 2062 2070 2063
f 2063 2070 2064
f 2063 2064 2057
f 2064 2071 2072
f 2064 2072 2065
f 2065 2072 2073
f 2065 2073 2066
f 2066 2073 2074
f 2066 2074 2067
f 2067 2074 2075
f 2067 2075 2068
f 2068 2075 2076
f 2068 2076 2069
f 2069 2076 2077
f 2069 2077 2070
f 2070 2077 2071
f 2070 2071 2064
f 2071 2078 2079
f 2071 2079 2072
f 2072 2079 2080
f 2072 2080 2073
f 2073 2080 2081
f 2073 2081 2074
f 2074 2081 2082
f 2074 2082 2075
f 2075 2082 2083
f 2075 2083 2076
f 2076 2083 2084
f 2076 2084 2077
f 2077 2084 2078
f 2077 2078 2071
f 2078 2085 2086
f 2078 2086 2079
f 2079 2086 2087
f 2079 2087 2080
f 2080 2087 2088
f 2080 2088 2081
f 2081 2088 2089
f 2081 2089 2082
f 2082 2089 2090
f 2082 2090 2083
f 2083 2090 2091
f 2083 2091 2084
f 2084 2091 2085
f 2084 2085 2078
f 2085 2092 2093
f 2085 2093 2086
f 2086 2093 2094
f 2086 2094 2087
f 2087 2094 2095
f 2087 2095 2088
f 2088 2095 2096
f 2088 2096 2089
f 2089 2096 2097
f 2089 2097 2090
f 2090 2097 2098
f 2090 2098 2091
f 2091 2098 2092
f 2091 2092 2085
f 2099 2106 2107
f 2099 2107 2100
f 2100 2107 2108
f 2100 2108 2101
f 2101 2108 2109
f 2101 2109 2102
f 2102 2109 2110
f 2102 2110 2103
f 2103 2110 2111
f 2103 2111 2104
f 2104 2111 2112
f 2104 2112 2105
f 2105 2112 2106
f 2105 2106 2099
f 2106 2113 2114
f 2106 2114 2107
f 2107 2114 2115
f 2107 2115 2108
f 2108 2115 2116
f 2108 2116 2109
f 2109 2116 2117
f 2109 2117 2110
f 2110 2117 2118
f 2110 2118 2111
f 2111 2118 2119
f 2111 2119 2112
f 2112 2119 2113
f 2112 2113 2106
f 2113 2120 2121
f 2113 2121 2114
f 2114 2121 2122
f 2114 2122 2115
f 2115 2122 2123
f 2115 2123 2116
f 2116 2123 2124
f 2116 2124 2117
f 2117 2124 2125
f 2117 2125 2118
f 2118 2125 2126
f 2118 2126 2119
f 2119 2126 2120
f 2119 2120 2113
f 2120 2127 2128
f 2120 2128 2121
f 2121 2128 2129
f 2121 2129 2122
f 2122 2129 2130
f 2122 2130 2123
f 2123 2130 2131
f 2123 2131 2124
f 2124 2131 2132
f 2124 2132 2125
f 2125 2132 2133
f 2125 2133 2126
f 2126 2133 2127
f 2126 2127 2120
f 2127 2134 2135
f 2127 2135 2128
f 2128 2135 2136
f 2128 2136 2129
f 2129 2136 2137
f 2129 2137 2130
f 2130 2137 2138
f 2130 2138 2131
f 2131 2138 2139
f 2131 2139 2132
f 2132 2139 2140
f 2132 2140 2133
f 2133 2140 2134
f 2133 2134 2127
f 2141 2148 2149
f 2141 2149 2142
f 2142 2149 2150
f 2142 2150 2143
f 2143 2150 2151
f 2143 2151 2144
f 2144 2151 2152
f 2144 2152 2145
f 2145 2152 2153
f 2145 2153 2146
f 2146 2153 2154
f 2146 2154 2147
f 2147 2154 2148
f 2147 2148 2141
f 2148 2155 2156
f 2148 2156 2149
f 2149 2156 2157
f 2149 2157 2150
f 2150 2157 2158
f 2150 2158 2151
f 2151 2158 2159
f 2151 2159 2152
f 2152 2159 2160
f 2152 2160 2153
f 2153 2160 2161
f 2153 2161 2154
f 2154 2161 2155
f 2154 2155 2148
f 2155 2162 2163
f 2155 2163 2156
f 2156 2163 2164
f 2156 2164 2157
f 2157 2164 2165
f 2157 2165 2158
f 2158 2165 2166
f 2158 2166 2159
f 2159 2166 2167
f 2159 2167 2160
f 2160 2167 2168
f 2160 2168 2161
f 2161 2168 2162
f 2161 2162 2155
f 2162 2169 2170
f 2162 2170 2163
f 2163 2170 2171
f 2163 2171 2164
f 2164 2171 2172
f 2164 2172 2165
f 2165 2172 2173
f 2165 2173 2166
f 2166 2173 2174
f 2166 2174 2167
f 2167 2174 2175
f 2167 2175 2168
f 2168 2175 2169
f 2168 2169 2162
f 2169 2176 2177
f 2169 2177 2170
f 2170 2177 2178
f 2170 2178 2171
f 2171 2178 2179
f 2171 2179 2172
f 2172 2179 2180
f 2172 2180 2173
f 2173 2180 2181
f 2173 2181 2174
f 2174 2181 2182
f 2174 2182 2175
f 2175 2182 2176
f 2175 2176 2169
f 2183 2190 2191
f 2183 2191 2184
f 2184 2191 2192
f 2184 2192 2185
f 2185 2192 2193
f 2185 2193 2186
f 2186 2193 2194
f 2186 2194 2187
f 2187 2194 2195
f 2187 2195 2188
f 2188 2195 2196
f 2188 2196 2189
f 2189 2196 2190
f 2189 2190 2183
f 2190 2197 2198
f 2190 2198 2191
f 2191 2198 2199
f 2191 2199 2192
f 2192 2199 2200
f 2192 2200 2193
f 2193 2200 2201
f 2193 2201 2194
f 2194 2201 2202
f 2194 2202 2195
f 2195 2202 2203
f 2195 2203 2196
f 2196 2203 2197
f 2196 2197 2190
f 2197 2204 2205
f 2197 2205 2198
f 2198 2205 2206
f 2198 2206 2199
f 2199 2206 2207
f 2199 2207 2200
f 2200 2207 2208
f 2200 2208 2201
f 2201 2208 2209
f 2201 2209 2202
f 2202 2209 2210
f 2202 2210 2203
f 2203 2210 2204
f 2203 2204 2197
f 2204 2211 2212
f 2204 2212 2205
f 2205 2212 2213
f 2205 2213 2206
f 2206 2213 2214
f 2206 2214 2207
f 2207 2214 2215
f 2207 2215 2208
f 2208 2215 2216
f 2208 2216 2209
f 2209 2216 2217
f 2209 2217 2210
f 2210 2217 2211
f 2210 2211 2204
f 2211 2218 2219
f 2211 2219 2212
f 2212 2219 2220
f 2212 2220 2213
f 2213 2220 2221
f 2213 2221 2214
f 2214 2221 2222
f 2214 2222 2215
f 2215 2222 2223
f 2215 2223 2216
f 2216 2223 2224
f 2216 2224 2217
f 2217 2224 2218
f 2217 2218 2211
f 2225 2232 2233
f 2225 2233 2226
f 2226 2233 2234
f 2226 2234 2227
f 2227 2234 2235
f 2227 2235 2228
f 2228 2235 2236
f 2228 2236 2229
f 2229 2236 2237
f 2229 2237 2230
f 2230 2237 2238
f 2230 2238 2231
f 2231 2238 2232
f 2231 2232 2225
f 2232 2239 2240
f 2232 2240 2233
f 2233 2240 2241
f 2233 2241 2234
f 2234 2241 2242
f 2234 2242 2235
f 2235 2242 2243
f 2235 2243 2236
f 2236 2243 2244
f 2236 2244 2237
f 2237 2244 2245
f 2237 2245 2238
f 2238 2245 2239
f 2238 2239 2232
f 2239 2246 2247
f 2239 2247 2240
f 2240 2247 2248
f 2240 2248 2241
f 2241 2248 2249
f 2241 2249 2242
f 2242 2249 2250
f 2242 2250 2243
f 2243 2250 2251
f 2243 2251 2244
f 2244 2251 2252
f 2244 2252 2245
f 2245 2252 2246
f 2245 2246 2239
f 2246 2253 2254
f 2246 2254 2247
f 2247 2254 2255
f 2247 2255 2248
f 2248 2255 2256
f 2248 2256 2249
f 2249 2256 2257
f 2249 2257 2250
f 2250 2257 2258
f 2250 2258 2251
f 2251 2258 2259
f 2251 2259 2252
f 2252 2259 2253
f 2252 2253 2246
f 2253 2260 2261
f 2253 2261 2254
f 2254 2261 2262
f 2254 2262 2255
f 2255 2262 2263
f 2255 2263 2256
f 2256 2263 2264
f 2256 2264 2257
f 2257 2264 2265
f 2257 2265 2258
f 2258 2265 2266
f 2258 2266 2259
f 2259 2266 2260
f 2259 2260 2253
f 2267 2274 2275
f 2267 2275 2268
f 2268 2275 2276
f 2268 2276 2269
f 2269 2276 2277
f 2269 2277 2270
f 2270 2277 2278
f 2270 2278 2271
f 2271 2278 2279
f 2271 2279 2272
f 2272 2279 2280
f 2272 2280 2273
f 2273 2280 2274
f 2273 2274 2267
f 2274 2281 2282
f 2274 2282 2275
f 2275 2282 2283
f 2275 2283 2276
f 2276 2283 2284
f 2276 2284 2277
f 2277 2284 2285
f 2277 2285 2278
f 2278 2285 2286
f 2278 2286 2279
f 2279 2286 2287
f 2279 2287 2280
f 2280 2287 2281
f 2280 2281 2274
f 2281 2288 2289
f 2281 2289 2282
f 2282 2289 2290
f 2282 2290 2283
f 2283 2290 2291
f 2283 2291 2284
f 2284 2291 2292
f 2284 2292 2285
f 2285 2292 2293
f 2285 2293 2286
f 2286 2293 2294
f 2286 2294 2287
f 2287 2294 2288
f 2287 2288 2281
f 2288 2295 2296
f 2288 2296 2289
f 2289 2296 2297
f 2289 2297 2290
f 2290 2297 2298
f 2290 2298 2291
f 2291 2298 2299
f 2291 2299 2292
f 2292 2299 2300
f 2292 2300 2293
f 2293 2300 2301
f 2293 2301 2294
f 2294 2301 2295
f 2294 2295 2288
f 2295 2302 2303
f 2295 2303 2296
f 2296 2303 2304
f 2296 2304 2297
f 2297 2304 2305
f 2297 2305 2298
f 2298 2305 2306
f 2298 2306 2299
f 2299 2306 2307
f 2299 2307 2300
f 2300 2307 2308
f 2300 2308 2301
f 2301 2308 2302
f 2301 2302 2295
f 2309 2316 2317
f 2309 2317 2310
f 2310 2317 2318
f 2310 2318 2311
f 2311 2318 2319
f 2311 2319 2312
f 2312 2319 2320
f 2312 2320 2313
f 2313 2320 2321
f 2313 2321 2314
f 2314 2321 2322
f 2314 2322 2315
f 2315 2322 2316
f 2315 2316 2309
f 2316 2323 2324
f 2316 2324 2317
f 2317 2324 2325
f 2317 2325 2318
f 2318 2325 2326
f 2318 2326 2319
f 2319 2326 2327
f 2319 2327 2320
f 2320 2327 2328
f 2320 2328 2321
f 2321 2328 2329
f 2321 2329 2322
f 2322 2329 2323
f 2322 2323 2316
f 2323 2330 2331
f 2323 2331 2324
f 2324 2331 2332
f 2324 2332 2325
f 2325 2332 2333
f 2325 2333 2326
f 2326 2333 2334
f 2326 2334 2327
f 2327 2334 2335
f 2327 2335 2328
f 2328 2335 2336
f 2328 2336 2329
f 2329 2336 2330
f 2329 2330 2323
f 2330 2337 2338
f 2330 2338 2331
f 2331 2338 2339
f 2331 2339 2332
f 2332 2339 2340
f 2332 2340 2333
f 2333 2340 2341
f 2333 2341 2334
f 2334 2341 2342
f 2334 2342 2335
f 2335 2342 2343
f 2335 2343 2336
f 2336 2343 2337
f 2336 2337 2330
f 2337 2344 2345
f 2337 2345 2338
f 2338 2345 2346
f 2338 2346 2339
f 2339 2346 2347
f 2339 2347 2340
f 2340 2347 2348
f 2340 2348 2341
f 2341 2348 2349
f 2341 2349 2342
f 2342 2349 2350
f 2342 2350 2343
f 2343 2350 2344
f 2343 2344 2337
f 2351 2358 2359
f 2351 2359 2352
f 2352 2359 2360
f 2352 2360 2353
f 2353 2360 2361
f 2353 2361 2354
f 2354 2361 2362
f 2354 2362 2355
f 2355 2362 2363
f 2355 2363 2356
f 2356 2363 2364
f 2356 2364 2357
f 2357 2364 2358
f 2357 2358 2351
f 2358 2365 2366
f 2358 2366 2359
f 2359 2366 2367
f 2359 2367 2360
f 2360 2367 2368
f 2360 2368 2361
f 2361 2368 2369
f 2361 2369 2362
f 2362 2369 2370
f 2362 2370 2363
f 2363 2370 2371
f 2363 2371 2364
f 2364 2371 2365
f 2364 2365 2358
f 2365 2372 2373
f 2365 2373 2366
f 2366 2373 2374
f 2366 2374 2367
f 2367 2374 2375
f 2367 2375 2368
f 2368 2375 2376
f 2368 2376 2369
f 2369 2376 2377
f 2369 2377 2370
f 2370 2377 2378
f 2370 2378 2371
f 2371 2378 2372
f 2371 2372 2365
f 2372 2379 2380
f 2372 2380 2373
f 2373 2380 2381
f 2373 2381 2374
f 2374 2381 2382
f 2374 2382 2375
f 2375 2382 2383
f 2375 2383 2376
f 2376 2383 2384
f 2376 2384 2377
f 2377 2384 2385
f 2377 2385 2378
f 2378 2385 2379
f 2378 2379 2372
f 2379 2386 2387
f 2379 2387 2380
f 2380 2387 2388
f 2380 2388 2381
f 2381 2388 2389
f 2381 2389 2382
f 2382 2389 2390
f 2382 2390 2383
f 2383 2390 2391
f 2383 2391 2384
f 2384 2391 2392
f 2384 2392 2385
f 2385 2392 2386
f 2385 2386 2379
f 2393 2400 2401
f 2393 2401 2394
f 2394 2401 2402
f 2394 2402 2395
f 2395 2402 2403
f 2395 2403 2396
f 2396 2403 2404
f 2396 2404 2397
f 2397 2404 2405
f 2397 2405 2398
f 2398 2405 2406
f 2398 2406 2399
f 2399 2406 2400
f 2399 2400 2393
f 2400 2407 2408
f 2400 2408 2401
f 2401 2408 2409
f 2401 2409 2402
f 2402 2409 2410
f 2402 2410 2403
f 2403 2410 2411
f 2403 2411 2404
f 2404 2411 2412
f 2404 2412 2405
f 2405 2412 2413
f 2405 2413 2406
f 2406 2413 2407
f 2406 2407 2400
f 2407 2414 2415
f 2407 2415 2408
f 2408 2415 2416
f 2408 2416 2409
f 2409 2416 2417
f 2409 2417 2410
f 2410 2417 2418
f 2410 2418 2411
f 2411 2418 2419
f 2411 2419 2412
f 2412 2419 2420
f 2412 2420 2413
f 2413 2420 2414
f 2413 2414 2407
f 2414 2421 2422
f 2414 2422 2415
f 2415 2422 2423
f 2415 2423 2416
f 2416 2423 2424
f 2416 2424 2417
f 2417 2424 2425
f 2417 2425 2418
f 2418 2425 2426
f 2418 2426 2419
f 2419 2426 2427
f 2419 2427 2420
f 2420 2427 2421
f 2420 2421 2414
f 2421 2428 2429
f 2421 2429 2422
f 2422 2429 2430
f 2422 2430 2423
f 2423 2430 2431
f 2423 2431 2424
f 2424 2431 2432
f 2424 2432 2425
f 2425 2432 2433
f 2425 2433 2426
f 2426 2433 2434
f 2426 2434 2427
f 2427 2434 2428
f 2427 2428 2421
f 2435 2442 2443
f 2435 2443 2436
f 2436 2443 2444
f 2436 2444 2437
f 2437 2444 2445
f 2437 2445 2438
f 2438 2445 2446
f 2438 2446 2439
f 2439 2446 2447
f 2439 2447 2440
f 2440 2447 2448
f 2440 2448 2441
f 2441 2448 2442
f 2441 2442 2435
f 2442 2449 2450
f 2442 2450 2443
f 2443 2450 2451
f 2443 2451 2444
f 2444 2451 2452
f 2444 2452 2445
f 2445 2452 2453
f 2445 2453 2446
f 2446 2453 2454
f 2446 2454 2447
f 2447 2454 2455
f 2447 2455 2448
f 2448 2455 2449
f 2448 2449 2442
f 2449 2456 2457
f 2449 2457 2450
f 2450 2457 2458
f 2450 2458 2451
f 2451 2458 2459
f 2451 2459 2452
f 2452 2459 2460
f 2452 2460 2453
f 2453 2460 2461
f 2453 2461 2454
f 2454 2461 2462
f 2454 2462 2455
f 2455 2462 2456
f 2455 2456 2449
f 2456 2463 2464
f 2456 2464 2457
f 2457 2464 2465
f 2457 2465 2458
f 2458 2465 2466
f 2458 2466 2459
f 2459 2466 2467
f 2459 2467 2460
f 2460 2467 2468
f 2460 2468 2461
f 2461 2468 2469
f 2461 2469 2462
f 2462 2469 2463
f 2462 2463 2456
f 2463 2470 2471
f 2463 2471 2464
f 2464 2471 2472
f 2464 2472 2465
f 2465 2472 2473
f 2465 2473 2466
f 2466 2473 2474
f 2466 2474 2467
f 2467 2474 2475
f 2467 2475 2468
f 2468 2475 2476
f 2468 2476 2469
f 2469 2476 2470
f 2469 2470 2463
f 2477 2484 2485
f 2477 2485 2478
f 2478 2485 2486
f 2478 2486 2479
f 2479 2486 2487
f 2479 2487 2480
f 2480 2487 2488
f 2480 2488 2481
f 2481 2488 2489
f 2481 2489 2482
f 2482 2489 2490
f 2482 2490 2483
f 2483 2490 2484
f 2483 2484 2477
f 2484 2491 2492
f 2484 2492 2485
f 2485 2492 2493
f 2485 2493 2486
f 2486 2493 2494
f 2486 2494 2487
f 2487 2494 2495
f 2487 2495 2488
f 2488 2495 2496
f 2488 2496 2489
f 2489 2496 2497
f 2489 2497 2490
f 2490 2497 2491
f 2490 2491 2484
f 2491 2498 2499
f 2491 2499 2492
f 2492 2499 2500
f 2492 2500 2493
f 2493 2500 2501
f 2493 2501 2494
f 2494 2501 2502
f 2494 2502 2495
f 2495 2502 2503
f 2495 2503 2496
f 2496 2503 2504
f 2496 2504 2497
f 2497 2504 2498
f 2497 2498 2491
f 2498 2505 2506
f 2498 2506 2499
f 2499 2506 2507
f 2499 2507 2500
f 2500 2507 2508
f 2500 2508 2501
f 2501 2508 2509
f 2501 2509 2502
f 2502 2509 2510
f 2502 2510 2503
f 2503 2510 2511
f 2503 2511 2504
f 2504 2511 2505
f 2504 2505 2498
f 2505 2512 2513
f 2505 2513 2506
f 2506 2513 2514
f 2506 2514 2507
f 2507 2514 2515
f 2507 2515 2508
f 2508 2515 2516
f 2508 2516 2509
f 2509 2516 2517
f 2509 2517 2510
f 2510 2517 2518
f 2510 2518 2511
f 2511 2518 2512
f 2511 2512 2505
f 2519 2526 2527
f 2519 2527 2520
f 2520 2527 2528
f 2520 2528 2521
f 2521 2528 2529
f 2521 2529 2522
f 2522 2529 2530
f 2522 2530 2523
f 2523 2530 2531
f 2523 2531 2524
f 2524 2531 2532
f 2524 2532 2525
f 2525 2532 2526
f 2525 2526 2519
f 2526 2533 2534
f 2526 2534 2527
f 2527 2534 2535
f 2527 2535 2528
f 2528 2535 2536
f 2528 2536 2529
f 2529 2536 2537
f 2529 2537 2530
f 2530 2537 2538
f 2530 2538 2531
f 2531 2538 2539
f 2531 2539 2532
f 2532 2539 2533
f 2532 2533 2526
f 2533 2540 2541
f 2533 2541 2534
f 2534 2541 2542
f 2534 2542 2535
f 2535 2542 2543
f 2535 2543 2536
f 2536 2543 2544
f 2536 2544 2537
f 2537 2544 2545
f 2537 2545 2538
f 2538 2545 2546
f 2538 2546 2539
f 2539 2546 2540
f 2539 2540 2533
f 2540 2547 2548
f 2540 2548 2541
f 2541 2548 2549
f 2541 2549 2542
f 2542 2549 2550
f 2542 2550 2543
f 2543 2550 2551
f 2543 2551 2544
f 2544 2551 2552
f 2544 2552 2545
f 2545 2552 2553
f 2545 2553 2546
f 2546 2553 2547
f 2546 2547 2540
f 2547 2554 2555
f 2547 2555 2548
f 2548 2555 2556
f 2548 2556 2549
f 2549 2556 2557
f 2549 2557 2550
f 2550 2557 2558
f 2550 2558 2551
f 2551 2558 2559
f 2551 2559 2552
f 2552 2559 2560
f 2552 2560 2553
f 2553 2560 2554
f 2553 2554 2547
f 2561 2568 2569
f 2561 2569 2562
f 2562 2569 2570
f 2562 2570 2563
f 2563 2570 2571
f 2563 2571 2564
f 2564 2571 2572
f 2564 2572 2565
f 2565 2572 2573
f 2565 2573 2566
f 2566 2573 2574
f 2566 2574 2567
f 2567 2574 2568
f 2567 2568 2561
f 2568 2575 2576
f 2568 2576 2569
f 2569 2576 2577
f 2569 2577 2570
f 2570 2577 2578
f 2570 2578 2571
f 2571 2578 2579
f 2571 2579 2572
f 2572 2579 2580
f 2572 2580 2573
f 2573 2580 2581
f 2573 2581 2574
f 2574 2581 2575
f 2574 2575 2568
f 2575 2582 2583
f 2575 2583 2576
f 2576 2583 2584
f 2576 2584 2577
f 2577 2584 2585
f 2577 2585 2578
f 2578 2585 2586
f 2578 2586 2579
f 2579 2586 2587
f 2579 2587 2580
f 2580 2587 2588
f 2580 2588 2581
f 2581 2588 2582
f 2581 2582 2575
f 2582 2589 2590
f 2582 2590 2583
f 2583 2590 2591
f 2583 2591 2584
f 2584 2591 2592
f 2584 2592 2585
f 2585 2592 2593
f 2585 2593 2586
f 2586 2593 2594
f 2586 2594 2587
f 2587 2594 2595
f 2587 2595 2588
f 2588 2595 2589
f 2588 2589 2582
f 2589 2596 2597
f 2589 2597 2590
f 2590 2597 2598
f 2590 2598 2591
f 2591 2598 2599
f 2591 2599 2592
f 2592 2599 2600
f 2592 2600 2593
f 2593 2600 2601
f 2593 2601 2594
f 2594 2601 2602
f 2594 2602 2595
f 2595 2602 2596
f 2595 2596 2589
f 2603 2610 2611
f 2603 2611 2604
f 2604 2611 2612
f 2604 2612 2605
f 2605 2612 2613
f 2605 2613 2606
f 2606 2613 2614
f 2606 2614 2607
f 2607 2614 2615
f 2607 2615 2608
f 2608 2615 2616
f 2608 2616 2609
f 2609 2616 2610
f 2609 2610 2603
f 2610 2617 2618
f 2610 2618 2611
f 2611 2618 2619
f 2611 2619 2612
f 2612 2619 2620
f 2612 2620 2613
f 2613 2620 2621
f 2613 2621 2614
f 2614 2621 2622
f 2614 2622 2615
f 2615 2622 2623
f 2615 2623 2616
f 2616 2623 2617
f 2616 2617 2610
f 2617 2624 2625
f 2617 2625 2618
f 2618 2625 2626
f 2618 2626 2619
f 2619 2626 2627
f 2619 2627 2620
f 2620 2627 2628
f 2620 2628 2621
f 2621 2628 2629
f 2621 2629 2622
f 2622 2629 2630
f 2622 2630 2623
f 2623 2630 2624
f 2623 2624 2617
f 2624 2631 2632
f 2624 2632 2625
f 2625 2632 2633
f 2625 2633 2626
f 2626 2633 2634
f 2626 2634 2627
f 2627 2634 2635
f 2627 2635 2628
f 2628 2635 2636
f 2628 2636 2629
f 2629 2636 2637
f 2629 2637 2630
f 2630 2637 2631
f 2630 2631 2624
f 2631 2638 2639
f 2631 2639 2632
f 2632 2639 2640
f 2632 2640 2633
f 2633 2640 2641
f 2633 2641 2634
f 2634 2641 2642
f 2634 2642 2635
f 2635 2642 2643
f 2635 2643 2636
f 2636 2643 2644
f 2636 2644 2637
f 2637 2644 2638
f 2637 2638 2631
f 2645 2652 2653
f 2645 2653 2646
f 2646 2653 2654
f 2646 2654 2647
f 2647 2654 2655
f 2647 2655 2648
f 2648 2655 2656
f 2648 2656 2649
f 2649 2656 2657
f 2649 2657 2650
f 2650 2657 2658
f 2650 2658 2651
f 2651 2658 2652
f 2651 2652 2645
f 2652 2659 2660
f 2652 2660 2653
f 2653 2660 2661
f 2653 2661 2654
f 2654 2661 2662
f 2654 2662 2655
f 2655 2662 2663
f 2655 2663 2656
f 2656 2663 2664
f 2656 2664 2657
f 2657 2664 2665
f 2657 2665 2658
f 2658 2665 2659
f 2658 2659 2652
f 2659 2666 2667
f 2659 2667 2660
f 2660 2667 2668
f 2660 2668 2661
f 2661 2668 2669
f 2661 2669 2662
f 2662 2669 2670
f 2662 2670 2663
f 2663 2670 2671
f 2663 2671 2664
f 2664 2671 2672
f 2664 2672 2665
f 2665 2672 2666
f 2665 2666 2659
f 2666 2673 2674
f 2666 2674 2667
f 2667 2674 2675
f 2667 2675 2668
f 2668 2675 2676
f 2668 2676 2669
f 2669 2676 2677
f 2669 2677 2670
f 2670 2677 2678
f 2670 2678 2671
f 2671 2678 2679
f 2671 2679 2672
f 2672 2679 2673
f 2672 2673 2666
f 2673 2680 2681
f 2673 2681 2674
f 2674 2681 2682
f 2674 2682 2675
f 2675 2682 2683
f 2675 2683 2676
f 2676 2683 2684
f 2676 2684 2677
f 2677 2684 2685
f 2677 2685 2678
f 2678 2685 2686
f 2678 2686 2679
f 2679 2686 2680
f 2679 2680 2673
f 2687 2694 2695
f 2687 2695 2688
f 2688 2695 2696
f 2688 2696 2689
f 2689 2696 2697
f 2689 2697 2690
f 2690 2697 2698
f 2690 2698 2691
f 2691 2698 2699
f 2691 2699 2692
f 2692 2699 2700
f 2692 2700 2693
f 2693 2700 2694
f 2693 2694 2687
f 2694 2701 2702
f 2694 2702 2695
f 2695 2702 2703
f 2695 2703 2696
f 2696 2703 2704
f 2696 2704 2697
f 2697 2704 2705
f 2697 2705 2698
f 2698 2705 2706
f 2698 2706 2699
f 2699 2706 2707
f 2699 2707 2700
f 2700 2707 2701
f 2700 2701 2694
f 2701 2708 2709
f 2701 2709 2702
f 2702 2709 2710
f 2702 2710 2703
f 2703 2710 2711
f 2703 2711 2704
f 2704 2711 2712
f 2704 2712 2705
f 2705 2712 2713
f 2705 2713 2706
f 2706 2713 2714
f 2706 2714 2707
f 2707 2714 2708
f 2707 2708 2701
f 2708 2715 2716
f 2708 2716 2709
f 2709 2716 2717
f 2709 2717 2710
f 2710 2717 2718
f 2710 2718 2711
f 2711 2718 2719
f 2711 2719 2712
f 2712 2719 2720
f 2712 2720 2713
f 2713 2720 2721
f 2713 2721 2714
f 2714 2721 2715
f 2714 2715 2708
f 2715 2722 2723
f 2715 2723 2716
f 2716 2723 2724
f 2716 2724 2717
f 2717 2724 2725
f 2717 2725 2718
f 2718 2725 2726
f 2718 2726 2719
f 2719 2726 2727
f 2719 2727 2720
f 2720 2727 2728
f 2720 2728 2721
f 2721 2728 2722
f 2721 2722 2715
f 2729 2736 2737
f 2729 2737 2730
f 2730 2737 2738
f 2730 2738 2731
f 2731 2738 2739
f 2731 2739 2732
f 2732 2739 2740
f 2732 2740 2733
f 2733 2740 2741
f 2733 2741 2734
f 2734 2741 2742
f 2734 2742 2735
f 2735 2742 2736
f 2735 2736 2729
f 2736 2743 2744
f 2736 2744 2737
f 2737 2744 2745
f 2737 2745 2738
f 2738 2745 2746
f 2738 2746 2739
f 2739 2746 2747
f 2739 2747 2740
f 2740 2747 2748
f 2740 2748 2741
f 2741 2748 2749
f 2741 2749 2742
f 2742 2749 2743
f 2742 2743 2736
f 2743 2750 2751
f 2743 2751 2744
f 2744 2751 2752
f 2744 2752 2745
f 2745 2752 2753
f 2745 2753 2746
f 2746 2753 2754
f 2746 2754 2747
f 2747 2754 2755
f 2747 2755 2748
f 2748 2755 2756
f 2748 2756 2749
f 2749 2756 2750
f 2749 2750 2743
f 2750 2757 2758
f 2750 2758 2751
f 2751 2758 2759
f 2751 2759 2752
f 2752 2759 2760
f 2752 2760 2753
f 2753 2760 2761
f 2753 2761 2754
f 2754 2761 2762
f 2754 2762 2755
f 2755 2762 2763
f 2755 2763 2756
f 2756 2763 2757
f 2756 2757 2750
f 2757 2764 2765
f 2757 2765 2758
f 2758 2765 2766
f 2758 2766 2759
f 2759 2766 2767
f 2759 2767 2760
f 2760 2767 2768
f 2760 2768 2761
f 2761 2768 2769
f 2761 2769 2762
f 2762 2769 2770
f 2762 2770 2763
f 2763 2770 2764
f 2763 2764 2757
f 2771 2778 2779
f 2771 2779 2772
f 2772 2779 2780
f 2772 2780 2773
f 2773 2780 2781
f 2773 2781 2774
f 2774 2781 2782
f 2774 2782 2775
f 2775 2782 2783
f 2775 2783 2776
f 2776 2783 2784
f 2776 2784 2777
f 2777 2784 2778
f 2777 2778 2771
f 2778 2785 2786
f 2778 2786 2779
f 2779 2786 2787
f 2779 2787 2780
f 2780 2787 2788
f 2780 2788 2781
f 2781 2788 2789
f 2781 2789 2782
f 2782 2789 2790
f 2782 2790 2783
f 2783 2790 2791
f 2783 2791 2784
f 2784 2791 2785
f 2784 2785 2778
f 2785 2792 2793
f 2785 2793 2786
f 2786 2793 2794
f 2786 2794 2787
f 2787 2794 2795
f 2787 2795 2788
f 2788 2795 2796
f 2788 2796 2789
f 2789 2796 2797
f 2789 2797 2790
f 2790 2797 2798
f 2790 2798 2791
f 2791 2798 2792
f 2791 2792 2785
f 2792 2799 2800
f 2792 2800 2793
f 2793 2800 2801
f 2793 2801 2794
f 2794 2801 2802
f 2794 2802 2795
f 2795 2802 2803
f 2795 2803 2796
f 2796 2803 2804
f 2796 2804 2797
f 2797 2804 2805
f 2797 2805 2798
f 2798 2805 2799
f 2798 2799 2792
f 2799 2806 2807
f 2799 2807 2800
f 2800 2807 2808
f 2800 2808 2801
f 2801 2808 2809
f 2801 2809 2802
f 2802 2809 2810
f 2802 2810 2803
f 2803 2810 2811
f 2803 2811 2804
f 2804 2811 2812
f 2804 2812 2805
f 2805 2812 2806
f 2805 2806 2799
f 2813 2820 2821
f 2813 2821 2814
f 2814 2821 2822
f 2814 2822 2815
f 2815 2822 2823
f 2815 2823 2816
f 2816 2823 2824
f 2816 2824 2817
f 2817 2824 2825
f 2817 2825 2818
f 2818 2825 2826
f 2818 2826 2819
f 2819 2826 2820
f 2819 2820 2813
f 2820 2827 2828
f 2820 2828 2821
f 2821 2828 2829
f 2821 2829 2822
f 2822 2829 2830
f 2822 2830 2823
f 2823 2830 2831
f 2823 2831 2824
f 2824 2831 2832
f 2824 2832 2825
f 2825 2832 2833
f 2825 2833 2826
f 2826 2833 2827
f 2826 2827 2820
f 2827 2834 2835
f 2827 2835 2828
f 2828 2835 2836
f 2828 2836 2829
f 2829 2836 2837
f 2829 2837 2830
f 2830 2837 2838
f 2830 2838 2831
f 2831 2838 2839
f 2831 2839 2832
f 2832 2839 2840
f 2832 2840 2833
f 2833 2840 2834
f 2833 2834 2827
f 2834 2841 2842
f 2834 2842 2835
f 2835 2842 2843
f 2835 2843 2836
f 2836 2843 2844
f 2836 2844 2837
f 2837 2844 2845
f 2837 2845 2838
f 2838 2845 2846
f 2838 2846 2839
f 2839 2846 2847
f 2839 2847 2840
f 2840 2847 2841
f 2840 2841 2834
f 2841 2848 2849
f 2841 2849 2842
f 2842 2849 2850
f 2842 2850 2843
f 2843 2850 2851
f 2843 2851 2844
f 2844 2851 2852
f 2844 2852 2845
f 2845 2852 2853
f 2845 2853 2846
f 2846 2853 2854
f 2846 2854 2847
f 2847 2854 2848
f 2847 2848 2841
f 2855 2862 2863
f 2855 2863 2856
f 2856 2863 2864
f 2856 2864 2857
f 2857 2864 2865
f 2857 2865 2858
f 2858 2865 2866
f 2858 2866 2859
f 2859 2866 2867
f 2859 2867 2860
f 2860 2867 2868
f 2860 2868 2861
f 2861 2868 2862
f 2861 2862 2855
f 2862 2869 2870
f 2862 2870 2863
f 2863 2870 2871
f 2863 2871 2864
f 2864 2871 2872
f 2864 2872 2865
f 2865 2872 2873
f 2865 2873 2866
f 2866 2873 2874
f 2866 2874 2867
f 2867 2874 2875
f 2867 2875 2868
f 2868 2875 2869
f 2868 2869 2862
f 2869 2876 2877
f 2869 2877 2870
f 2870 2877 2878
f 2870 2878 2871
f 2871 2878 2879
f 2871 2879 2872
f 2872 2879 2880
f 2872 2880 2873
f 2873 2880 2881
f 2873 2881 2874
f 2874 2881 2882
f 2874 2882 2875
f 2875 2882 2876
f 2875 2876 2869
f 2876 2883 2884
f 2876 2884 2877
f 2877 2884 2885
f 2877 2885 2878
f 2878 2885 2886
f 2878 2886 2879
f 2879 2886 2887
f 2879 2887 2880
f 2880 2887 2888
f 2880 2888 2881
f 2881 2888 2889
f 2881 2889 2882
f 2882 2889 2883
f 2882 2883 2876
f 2883 2890 2891
f 2883 2891 2884
f 2884 2891 2892
f 2884 2892 2885
f 2885 2892 2893
f 2885 2893 2886
f 2886 2893 2894
f 2886 2894 2887
f 2887 2894 2895
f 2887 2895 2888
f 2888 2895 2896
f 2888 2896 2889
f 2889 2896 2890
f 2889 2890 2883
f 2897 2904 2905
f 2897 2905 2898
f 2898 2905 2906
f 2898 2906 2899
f 2899 2906 2907
f 2899 2907 2900
f 2900 2907 2908
f 2900 2908 2901
f 2901 2908 2909
f 2901 2909 2902
f 2902 2909 2910
f 2902 2910 2903
f 2903 2910 2904
f 2903 2904 2897
f 2904 2911 2912
f 2904 2912 2905
f 2905 2912 2913
f 2905 2913 2906
f 2906 2913 2914
f 2906 2914 2907
f 2907 2914 2915
f 2907 2915 2908
f 2908 2915 2916
f 2908 2916 2909
f 2909 2916 2917
f 2909 2917 2910
f 2910 2917 2911
f 2910 2911 2904
f 2911 2918 2919
f 2911 2919 2912
f 2912 2919 2920
f 2912 2920 2913
f 2913 2920 2921
f 2913 2921 2914
f 2914 2921 2922
f 2914 2922 2915
f 2915 2922 2923
f 2915 2923 2916
f 2916 2923 2924
f 2916 2924 2917
f 2917 2924 2918
f 2917 2918 2911
f 2918 2925 2926
f 2918 2926 2919
f 2919 2926 2927
f 2919 2927 2920
f 2920 2927 2928
f 2920 2928 2921
f 2921 2928 2929
f 2921 2929 2922
f 2922 2929 2930
f 2922 2930 2923
f 2923 2930 2931
f 2923 2931 2924
f 2924 2931 2925
f 2924 2925 2918
f 2925 2932 2933
f 2925 2933 2926
f 2926 2933 2934
f 2926 2934 2927
f 2927 2934 2935
f 2927 2935 2928
f 2928 2935 2936
f 2928 2936 2929
f 2929 2936 2937
f 2929 2937 2930
f 2930 2937 2938
f 2930 2938 2931
f 2931 2938 2932
f 2931 2932 2925
f 2939 2946 2947
f 2939 2947 2940
f 2940 2947 2948
f 2940 2948 2941
f 2941 2948 2949
f 2941 2949 2942
f 2942 2949 2950
f 2942 2950 2943
f 2943 2950 2951
f 2943 2951 2944
f 2944 2951 2952
f 2944 2952 2945
f 2945 2952 2946
f 2945 2946 2939
f 2946 2953 2954
f 2946 2954 2947
f 2947 2954 2955
f 2947 2955 2948
f 2948 2955 2956
f 2948 2956 2949
f 2949 2956 2957
f 2949 2957 2950
f 2950 2957 2958
f 2950 2958 2951
f 2951 2958 2959
f 2951 2959 2952
f 2952 2959 2953
f 2952 2953 2946
f 2953 2960 2961
f 2953 2961 2954
f 2954 2961 2962
f 2954 2962 2955
f 2955 2962 2963
f 2955 2963 2956
f 2956 2963 2964
f 2956 2964 2957
f 2957 2964 2965
f 2957 2965 2958
f 2958 2965 2966
f 2958 2966 2959
f 2959 2966 2960
f 2959 2960 2953
f 2960 2967 2968
f 2960 2968 2961
f 2961 2968 2969
f 2961 2969 2962
f 2962 2969 2970
f 2962 2970 2963
f 2963 2970 2971
f 2963 2971 2964
f 2964 2971 2972
f 2964 2972 2965
f 2965 2972 2973
f 2965 2973 2966
f 2966 2973 2967
f 2966 2967 2960
f 2967 2974 2975
f 2967 2975 2968
f 2968 2975 2976
f 2968 2976 2969
f 2969 2976 2977
f 2969 2977 2970
f 2970 2977 2978
f 2970 2978 2971
f 2971 2978 2979
f 2971 2979 2972
f 2972 2979 2980
f 2972 2980 2973
f 2973 2980 2974
f 2973 2974 2967
f 2981 2988 2989
f 2981 2989 2982
f 2982 2989 2990
f 2982 2990 2983
f 2983 2990 2991
f 2983 2991 2984
f 2984 2991 2992
f 2984 2992 2985
f 2985 2992 2993
f 2985 2993 2986
f 2986 2993 2994
f 2986 2994 2987
f 2987 2994 2988
f 2987 2988 2981
f 2988 2995 2996
f 2988 2996 2989
f 2989 2996 2997
f 2989 2997 2990
f 2990 2997 2998
f 2990 2998 2991
f 2991 2998 2999
f 2991 2999 2992
f 2992 2999 3000
f 2992 3000 2993
f 2993 3000 3001
f 2993 3001 2994
f 2994 3001 2995
f 2994 2995 2988
f 2995 3002 3003
f 2995 3003 2996
f 2996 3003 3004
f 2996 3004 2997
f 2997 3004 3005
f 2997 3005 2998
f 2998 3005 3006
f 2998 3006 2999
f 2999 3006 3007
f 2999 3007 3000
f 3000 3007 3008
f 3000 3008 3001
f 3001 3008 3002
f 3001 3002 2995
f 3002 3009 3010
f 3002 3010 3003
f 3003 3010 3011
f 3003 3011 3004
f 3004 3011 3012
f 3004 3012 3005
f 3005 3012 3013
f 3005 3013 3006
f 3006 3013 3014
f 3006 3014 3007
f 3007 3014 3015
f 3007 3015 3008
f 3008 3015 3009
f 3008 3009 3002
f 3009 3016 3017
f 3009 3017 3010
f 3010 3017 3018
f 3010 3018 3011
f 3011 3018 3019
f 3011 3019 3012
f 3012 3019 3020
f 3012 3020 3013
f 3013 3020 3021
f 3013 3021 3014
f 3014 3021 3022
f 3014 3022 3015
f 3015 3022 3016
f 3015 3016 3009
f 3023 3030 3031
f 3023 3031 3024
f 3024 3031 3032
f 3024 3032 3025
f 3025 3032 3033
f 3025 3033 3026
f 3026 3033 3034
f 3026 3034 3027
f 3027 3034 3035
f 3027 3035 3028
f 3028 3035 3036
f 3028 3036 3029
f 3029 3036 3030
f 3029 3030 3023
f 3030 3037 3038
f 3030 3038 3031
f 3031 3038 3039
f 3031 3039 3032
f 3032 3039 3040
f 3032 3040 3033
f 3033 3040 3041
f 3033 3041 3034
f 3034 3041 3042
f 3034 3042 3035
f 3035 3042 3043
f 3035 3043 3036
f 3036 3043 3037
f 3036 3037 3030
f 3037 3044 3045
f 3037 3045 3038
f 3038 3045 3046
f 3038 3046 3039
f 3039 3046 3047
f 3039 3047 3040
f 3040 3047 3048
f 3040 3048 3041
f 3041 3048 3049
f 3041 3049 3042
f 3042 3049 3050
f 3042 3050 3043
f 3043 3050 3044
f 3043 3044 3037
f 3044 3051 3052
f 3044 3052 3045
f 3045 3052 3053
f 3045 3053 3046
f 3046 3053 3054
f 3046 3054 3047
f 3047 3054 3055
f 3047 3055 3048
f 3048 3055 3056
f 3048 3056 3049
f 3049 3056 3057
f 3049 3057 3050
f 3050 3057 3051
f 3050 3051 3044
f 3051 3058 3059
f 3051 3059 3052
f 3052 3059 3060
f 3052 3060 3053
f 3053 3060 3061
f 3053 3061 3054
f 3054 3061 3062
f 3054 3062 3055
f 3055 3062 3063
f 3055 3063 3056
f 3056 3063 3064
f 3056 3064 3057
f 3057 3064 3058
f 3057 3058 3051
f 3065 3072 3073
f 3065 3073 3066
f 3066 3073 3074
f 3066 3074 3067
f 3067 3074 3075
f 3067 3075 3068
f 3068 3075 3076
f 3068 3076 3069
f 3069 3076 3077
f 3069 3077 3070
f 3070 3077 3078
f 3070 3078 3071
f 3071 3078 3072
f 3071 3072 3065
f 3072 3079 3080
f 3072 3080 3073
f 3073 3080 3081
f 3073 3081 3074
f 3074 3081 3082
f 3074 3082 3075
f 3075 3082 3083
f 3075 3083 3076
f 3076 3083 3084
f 3076 3084 3077
f 3077 3084 3085
f 3077 3085 3078
f 3078 3085 3079
f 3078 3079 3072
f 3079 3086 3087
f 3079 3087 3080
f 3080 3087 3088
f 3080 3088 3081
f 3081 3088 3089
f 3081 3089 3082
f 3082 3089 3090
f 3082 3090 3083
f 3083 3090 3091
f 3083 3091 3084
f 3084 3091 3092
f 3084 3092 3085
f 3085 3092 3086
f 3085 3086 3079
f 3086 3093 3094
f 3086 3094 3087
f 3087 3094 3095
f 3087 3095 3088
f 3088 3095 3096
f 3088 3096 3089
f 3089 3096 3097
f 3089 3097 3090
f 3090 3097 3098
f 3090 3098 3091
f 3091 3098 3099
f 3091 3099 3092
f 3092 3099 3093
f 3092 3093 3086
f 3093 3100 3101
f 3093 3101 3094
f 3094 3101 3102
f 3094 3102 3095
f 3095 3102 3103
f 3095 3103 3096
f 3096 3103 3104
f 3096 3104 3097
f 3097 3104 3105
f 3097 3105 3098
f 3098 3105 3106
f 3098 3106 3099
f 3099 3106 3100
f 3099 3100 3093
f 3107 3114 3115
f 3107 3115 3108
f 3108 3115 3116
f 3108 3116 3109
f 3109 3116 3117
f 3109 3117 3110
f 3110 3117 3118
f 3110 3118 3111
f 3111 3118 3119
f 3111 3119 3112
f 3112 3119 3120
f 3112 3120 3113
f 3113 3120 3114
f 3113 3114 3107
f 3114 3121 3122
f 3114 3122 3115
f 3115 3122 3123
f 3115 3123 3116
f 3116 3123 3124
f 3116 3124 3117
f 3117 3124 3125
f 3117 3125 3118
f 3118 3125 3126
f 3118 3126 3119
f 3119 3126 3127
f 3119 3127 3120
f 3120 3127 3121
f 3120 3121 3114
f 3121 3128 3129
f 3121 3129 3122
f 3122 3129 3130
f 3122 3130 3123
f 3123 3130 3131
f 3123 3131 3124
f 3124 3131 3132
f 3124 3132 3125
f 3125 3132 3133
f 3125 3133 3126
f 3126 3133 3134
f 3126 3134 3127
f 3127 3134 3128
f 3127 3128 3121
f 3128 3135 3136
f 3128 3136 3129
f 3129 3136 3137
f 3129 3137 3130
f 3130 3137 3138
f 3130 3138 3131
f 3131 3138 3139
f 3131 3139 3132
f 3132 3139 3140
f 3132 3140 3133
f 3133 3140 3141
f 3133 3141 3134
f 3134 3141 3135
f 3134 3135 3128
f 3135 3142 3143
f 3135 3143 3136
f 3136 3143 3144
f 3136 3144 3137
f 3137 3144 3145
f 3137 3145 3138
f 3138 3145 3146
f 3138 3146 3139
f 3139 3146 3147
f 3139 3147 3140
f 3140 3147 3148
f 3140 3148 3141
f 3141 3148 3142
f 3141 3142 3135
f 3149 3156 3157
f 3149 3157 3150
f 3150 3157 3158
f 3150 3158 3151
f 3151 3158 3159
f 3151 3159 3152
f 3152 3159 3160
f 3152 3160 3153
f 3153 3160 3161
f 3153 3161 3154
f 3154 3161 3162
f 3154 3162 3155
f 3155 3162 3156
f 3155 3156 3149
f 3156 3163 3164
f 3156 3164 3157
f 3157 3164 3165
f 3157 3165 3158
f 3158 3165 3166
f 3158 3166 3159
f 3159 3166 3167
f 3159 3167 3160
f 3160 3167 3168
f 3160 3168 3161
f 3161 3168 3169
f 3161 3169 3162
f 3162 3169 3163
f 3162 3163 3156
f 3163 3170 3171
f 3163 3171 3164
f 3164 3171 3172
f 3164 3172 3165
f 3165 3172 3173
f 3165 3173 3166
f 3166 3173 3174
f 3166 3174 3167
f 3167 3174 3175
f 3167 3175 3168
f 3168 3175 3176
f 3168 3176 3169
f 3169 3176 3170
f 3169 3170 3163
f 3170 3177 3178
f 3170 3178 3171
f 3171 3178 3179
f 3171 3179 3172
f 3172 3179 3180
f 3172 3180 3173
f 3173 3180 3181
f 3173 3181 3174
f 3174 3181 3182
f 3174 3182 3175
f 3175 3182 3183
f 3175 3183 3176
f 3176 3183 3177
f 3176 3177 3170
f 3177 3184 3185
f 3177 3185 3178
f 3178 3185 3186
f 3178 3186 3179
f 3179 3186 3187
f 3179 3187 3180
f 3180 3187 3188
f 3180 3188 3181
f 3181 3188 3189
f 3181 3189 3182
f 3182 3189 3190
f 3182 3190 3183
f 3183 3190 3184
f 3183 3184 3177
f 3191 3198 3199
f 3191 3199 3192
f 3192 3199 3200
f 3192 3200 3193
f 3193 3200 3201
f 3193 3201 3194
f 3194 3201 3202
f 3194 3202 3195
f 3195 3202 3203
f 3195 3203 3196
f 3196 3203 3204
f 3196 3204 3197
f 3197 3204 3198
f 3197 3198 3191
f 3198 3205 3206
f 3198 3206 3199
f 3199 3206 3207
f 3199 3207 3200
f 3200 3207 3208
f 3200 3208 3201
f 3201 3208 3209
f 3201 3209 3202
f 3202 3209 3210
f 3202 3210 3203
f 3203 3210 3211
f 3203 3211 3204
f 3204 3211 3205
f 3204 3205 3198
f 3205 3212 3213
f 3205 3213 3206
f 3206 3213 3214
f 3206 3214 3207
f 3207 3214 3215
f 3207 3215 3208
f 3208 3215 3216
f 3208 3216 3209
f 3209 3216 3217
f 3209 3217 3210
f 3210 3217 3218
f 3210 3218 3211
f 3211 3218 3212
f 3211 3212 3205
f 3212 3219 3220
f 3212 3220 3213
f 3213 3220 3221
f 3213 3221 3214
f 3214 3221 3222
f 3214 3222 3215
f 3215 3222 3223
f 3215 3223 3216
f 3216 3223 3224
f 3216 3224 3217
f 3217 3224 3225
f 3217 3225 3218
f 3218 3225 3219
f 3218 3219 3212
f 3219 3226 3227
f 3219 3227 3220
f 3220 3227 3228
f 3220 3228 3221
f 3221 3228 3229
f 3221 3229 3222
f 3222 3229 3230
f 3222 3230 3223
f 3223 3230 3231
f 3223 3231 3224
f 3224 3231 3232
f 3224 3232 3225
f 3225 3232 3226
f 3225 3226 3219
f 3233 3240 3241
f 3233 3241 3234
f 3234 3241 3242
f 3234 3242 3235
f 3235 3242 3243
f 3235 3243 3236
f 3236 3243 3244
f 3236 3244 3237
f 3237 3244 3245
f 3237 3245 3238
f 3238 3245 3246
f 3238 3246 3239
f 3239 3246 3240
f 3239 3240 3233
f 3240 3247 3248
f 3240 3248 3241
f 3241 3248 3249
f 3241 3249 3242
f 3242 3249 3250
f 3242 3250 3243
f 3243 3250 3251
f 3243 3251 3244
f 3244 3251 3252
f 3244 3252 3245
f 3245 3252 3253
f 3245 3253 3246
f 3246 3253 3247
f 3246 3247 3240
f 3247 3254 3255
f 3247 3255 3248
f 3248 3255 3256
f 3248 3256 3249
f 3249 3256 3257
f 3249 3257 3250
f 3250 3257 3258
f 3250 3258 3251
f 3251 3258 3259
f 3251 3259 3252
f 3252 3259 3260
f 3252 3260 3253
f 3253 3260 3254
f 3253 3254 3247
f 3254 3261 3262
f 3254 3262 3255
f 3255 3262 3263
f 3255 3263 3256
f 3256 3263 3264
f 3256 3264 3257
f 3257 3264 3265
f 3257 3265 3258
f 3258 3265 3266
f 3258 3266 3259
f 3259 3266 3267
f 3259 3267 3260
f 3260 3267 3261
f 3260 3261 3254
f 3261 3268 3269
f 3261 3269 3262
f 3262 3269 3270
f 3262 3270 3263
f 3263 3270 3271
f 3263 3271 3264
f 3264 3271 3272
f 3264 3272 3265
f 3265 3272 3273
f 3265 3273 3266
f 3266 3273 3274
f 3266 3274 3267
f 3267 3274 3268
f 3267 3268 3261
f 3275 3282 3283
f 3275 3283 3276
f 3276 3283 3284
f 3276 3284 3277
f 3277 3284 3285
f 3277 3285 3278
f 3278 3285 3286
f 3278 3286 3279
f 3279 3286 3287
f 3279 3287 3280
f 3280 3287 3288
f 3280 3288 3281
f 3281 3288 3282
f 3281 3282 3275
f 3282 3289 3290
f 3282 3290 3283
f 3283 3290 3291
f 3283 3291 3284
f 3284 3291 3292
f 3284 3292 3285
f 3285 3292 3293
f 3285 3293 3286
f 3286 3293 3294
f 3286 3294 3287
f 3287 3294 3295
f 3287 3295 3288
f 3288 3295 3289
f 3288 3289 3282
f 3289 3296 3297
f 3289 3297 3290
f 3290 3297 3298
f 3290 3298 3291
f 3291 3298 3299
f 3291 3299 3292
f 3292 3299 3300
f 3292 3300 3293
f 3293 3300 3301
f 3293 3301 3294
f 3294 3301 3302
f 3294 3302 3295
f 3295 3302 3296
f 3295 3296 3289
f 3296 3303 3304
f 3296 3304 3297
f 3297 3304 3305
f 3297 3305 3298
f 3298 3305 3306
f 3298 3306 3299
f 3299 3306 3307
f 3299 3307 3300
f 3300 3307 3308
f 3300 3308 3301
f 3301 3308 3309
f 3301 3309 3302
f 3302 3309 3303
f 3302 3303 3296
f 3303 3310 3311
f 3303 3311 3304
f 3304 3311 3312
f 3304 3312 3305
f 3305 3312 3313
f 3305 3313 3306
f 3306 3313 3314
f 3306 3314 3307
f 3307 3314 3315
f 3307 3315 3308
f 3308 3315 3316
f 3308 3316 3309
f 3309 3316 3310
f 3309 3310 3303
f 3317 3324 3325
f 3317 3325 3318
f 3318 3325 3326
f 3318 3326 3319
f 3319 3326 3327
f 3319 3327 3320
f 3320 3327 3328
f 3320 3328 3321
f 3321 3328 3329
f 3321 3329 3322
f 3322 3329 3330
f 3322 3330 3323
f 3323 3330 3324
f 3323 3324 3317
f 3324 3331 3332
f 3324 3332 3325
f 3325 3332 3333
f 3325 3333 3326
f 3326 3333 3334
f 3326 3334 3327
f 3327 3334 3335
f 3327 3335 3328
f 3328 3335 3336
f 3328 3336 3329
f 3329 3336 3337
f 3329 3337 3330
f 3330 3337 3331
f 3330 3331 3324
f 3331 3338 3339
f 3331 3339 3332
f 3332 3339 3340
f 3332 3340 3333
f 3333 3340 3341
f 3333 3341 3334
f 3334 3341 3342
f 3334 3342 3335
f 3335 3342 3343
f 3335 3343 3336
f 3336 3343 3344
f 3336 3344 3337
f 3337 3344 3338
f 3337 3338 3331
f 3338 3345 3346
f 3338 3346 3339
f 3339 3346 3347
f 3339 3347 3340
f 3340 3347 3348
f 3340 3348 3341
f 3341 3348 3349
f 3341 3349 3342
f 3342 3349 3350
f 3342 3350 3343
f 3343 3350 3351
f 3343 3351 3344
f 3344 3351 3345
f 3344 3345 3338
f 3345 3352 3353
f 3345 3353 3346
f 3346 3353 3354
f 3346 3354 3347
f 3347 3354 3355
f 3347 3355 3348
f 3348 3355 3356
f 3348 3356 3349
f 3349 3356 3357
f 3349 3357 3350
f 3350 3357 3358
f 3350 3358 3351
f 3351 3358 3352
f 3351 3352 3345
f 3359 3366 3367
f 3359 3367 3360
f 3360 3367 3368
f 3360 3368 3361
f 3361 3368 3369
f 3361 3369 3362
f 3362 3369 3370
f 3362 3370 3363
f 3363 3370 3371
f 3363 3371 3364
f 3364 3371 3372
f 3364 3372 3365
f 3365 3372 3366
f 3365 3366 3359
f 3366 3373 3374
f 3366 3374 3367
f 3367 3374 3375
f 3367 3375 3368
f 3368 3375 3376
f 3368 3376 3369
f 3369 3376 3377
f 3369 3377 3370
f 3370 3377 3378
f 3370 3378 3371
f 3371 3378 3379
f 3371 3379 3372
f 3372 3379 3373
f 3372 3373 3366
f 3373 3380 3381
f 3373 3381 3374
f 3374 3381 3382
f 3374 3382 3375
f 3375 3382 3383
f 3375 3383 3376
f 3376 3383 3384
f 3376 3384 3377
f 3377 3384 3385
f 3377 3385 3378
f 3378 3385 3386
f 3378 3386 3379
f 3379 3386 3380
f 3379 3380 3373
f 3380 3387 3388
f 3380 3388 3381
f 3381 3388 3389
f 3381 3389 3382
f 3382 3389 3390
f 3382 3390 3383
f 3383 3390 3391
f 3383 3391 3384
f 3384 3391 3392
f 3384 3392 3385
f 3385 3392 3393
f 3385 3393 3386
f 3386 3393 3387
f 3386 3387 3380
f 3387 3394 3395
f 3387 3395 3388
f 3388 3395 3396
f 3388 3396 3389
f 3389 3396 3397
f 3389 3397 3390
f 3390 3397 3398
f 3390 3398 3391
f 3391 3398 3399
f 3391 3399 3392
f 3392 3399 3400
f 3392 3400 3393
f 3393 3400 3394
f 3393 3394 3387
f 3401 3408 3409
f 3401 3409 3402
f 3402 3409 3410
f 3402 3410 3403
f 3403 3410 3411
f 3403 3411 3404
f 3404 3411 3412
f 3404 3412 3405
f 3405 3412 3413
f 3405 3413 3406
f 3406 3413 3414
f 3406 3414 3407
f 3407 3414 3408
f 3407 3408 3401
f 3408 3415 3416
f 3408 3416 3409
f 3409 3416 3417
f 3409 3417 3410
f 3410 3417 3418
f 3410 3418 3411
f 3411 3418 3419
f 3411 3419 3412
f 3412 3419 3420
f 3412 3420 3413
f 3413 3420 3421
f 3413 3421 3414
f 3414 3421 3415
f 3414 3415 3408
f 3415 3422 3423
f 3415 3423 3416
f 3416 3423 3424
f 3416 3424 3417
f 3417 3424 3425
f 3417 3425 3418
f 3418 3425 3426
f 3418 3426 3419
f 3419 3426 3427
f 3419 3427 3420
f 3420 3427 3428
f 3420 3428 3421
f 3421 3428 3422
f 3421 3422 3415
f 3422 3429 3430
f 3422 3430 3423
f 3423 3430 3431
f 3423 3431 3424
f 3424 3431 3432
f 3424 3432 3425
f 3425 3432 3433
f 3425 3433 3426
f 3426 3433 3434
f 3426 3434 3427
f 3427 3434 3435
f 3427 3435 3428
f 3428 3435 3429
f 3428 3429 3422
f 3429 3436 3437
f 3429 3437 3430
f 3430 3437 3438
f 3430 3438 3431
f 3431 3438 3439
f 3431 3439 3432
f 3432 3439 3440
f 3432 3440 3433
f 3433 3440 3441
f 3433 3441 3434
f 3434 3441 3442
f 3434 3442 3435
f 3435 3442 3436
f 3435 3436 3429
f 3443 3450 3451
f 3443 3451 3444
f 3444 3451 3452
f 3444 3452 3445
f 3445 3452 3453
f 3445 3453 3446
f 3446 3453 3454
f 3446 3454 3447
f 3447 3454 3455
f 3447 3455 3448
f 3448 3455 3456
f 3448 3456 3449
f 3449 3456 3450
f 3449 3450 3443
f 3450 3457 3458
f 3450 3458 3451
f 3451 3458 3459
f 3451 3459 3452
f 3452 3459 3460
f 3452 3460 3453
f 3453 3460 3461
f 3453 3461 3454
f 3454 3461 3462
f 3454 3462 3455
f 3455 3462 3463
f 3455 3463 3456
f 3456 3463 3457
f 3456 3457 3450
f 3457 3464 3465
f 3457 3465 3458
f 3458 3465 3466
f 3458 3466 3459
f 3459 3466 3467
f 3459 3467 3460
f 3460 3467 3468
f 3460 3468 3461
f 3461 3468 3469
f 3461 3469 3462
f 3462 3469 3470
f 3462 3470 3463
f 3463 3470 3464
f 3463 3464 3457
f 3464 3471 3472
f 3464 3472 3465
f 3465 3472 3473
f 3465 3473 3466
f 3466 3473 3474
f 3466 3474 3467
f 3467 3474 3475
f 3467 3475 3468
f 3468 3475 3476
f 3468 3476 3469
f 3469 3476 3477
f 3469 3477 3470
f 3470 3477 3471
f 3470 3471 3464
f 3471 3478 3479
f 3471 3479 3472
f 3472 3479 3480
f 3472 3480 3473
f 3473 3480 3481
f 3473 3481 3474
f 3474 3481 3482
f 3474 3482 3475
f 3475 3482 3483
f 3475 3483 3476
f 3476 3483 3484
f 3476 3484 3477
f 3477 3484 3478
f 3477 3478 3471
f 3485 3492 3493
f 3485 3493 3486
f 3486 3493 3494
f 3486 3494 3487
f 3487 3494 3495
f 3487 3495 3488
f 3488 3495 3496
f 3488 3496 3489
f 3489 3496 3497
f 3489 3497 3490
f 3490 3497 3498
f 3490 3498 3491
f 3491 3498 3492
f 3491 3492 3485
f 3492 3499 3500
f 3492 3500 3493
f 3493 3500 3501
f 3493 3501 3494
f 3494 3501 3502
f 3494 3502 3495
f 3495 3502 3503
f 3495 3503 3496
f 3496 3503 3504
f 3496 3504 3497
f 3497 3504 3505
f 3497 3505 3498
f 3498 3505 3499
f 3498 3499 3492
f 3499 3506 3507
f 3499 3507 3500
f 3500 3507 3508
f 3500 3508 3501
f 3501 3508 3509
f 3501 3509 3502
f 3502 3509 3510
f 3502 3510 3503
f 3503 3510 3511
f 3503 3511 3504
f 3504 3511 3512
f 3504 3512 3505
f 3505 3512 3506
f 3505 3506 3499
f 3506 3513 3514
f 3506 3514 3507
f 3507 3514 3515
f 3507 3515 3508
f 3508 3515 3516
f 3508 3516 3509
f 3509 3516 3517
f 3509 3517 3510
f 3510 3517 3518
f 3510 3518 3511
f 3511 3518 3519
f 3511 3519 3512
f 3512 3519 3513
f 3512 3513 3506
f 3513 3520 3521
f 3513 3521 3514
f 3514 3521 3522
f 3514 3522 3515
f 3515 3522 3523
f 3515 3523 3516
f 3516 3523 3524
f 3516 3524 3517
f 3517 3524 3525
f 3517 3525 3518
f 3518 3525 3526
f 3518 3526 3519
f 3519 3526 3520
f 3519 3520 3513
f 3527 3534 3535
f 3527 3535 3528
f 3528 3535 3536
f 3528 3536 3529
f 3529 3536 3537
f 3529 3537 3530
f 3530 3537 3538
f 3530 3538 3531
f 3531 3538 3539
f 3531 3539 3532
f 3532 3539 3540
f 3532 3540 3533
f 3533 3540 3534
f 3533 3534 3527
f 3534 3541 3542
f 3534 3542 3535
f 3535 3542 3543
f 3535 3543 3536
f 3536 3543 3544
f 3536 3544 3537
f 3537 3544 3545
f 3537 3545 3538
f 3538 3545 3546
f 3538 3546 3539
f 3539 3546 3547
f 3539 3547 3540
f 3540 3547 3541
f 3540 3541 3534
f 3541 3548 3549
f 3541 3549 3542
f 3542 3549 3550
f 3542 3550 3543
f 3543 3550 3551
f 3543 3551 3544
f 3544 3551 3552
f 3544 3552 3545
f 3545 3552 3553
f 3545 3553 3546
f 3546 3553 3554
f 3546 3554 3547
f 3547 3554 3548
f 3547 3548 3541
f 3548 3555 3556
f 3548 3556 3549
f 3549 3556 3557
f 3549 3557 3550
f 3550 3557 3558
f 3550 3558 3551
f 3551 3558 3559
f 3551 3559 3552
f 3552 3559 3560
f 3552 3560 3553
f 3553 3560 3561
f 3553 3561 3554
f 3554 3561 3555
f 3554 3555 3548
f 3555 3562 3563
f 3555 3563 3556
f 3556 3563 3564
f 3556 3564 3557
f 3557 3564 3565
f 3557 3565 3558
f 3558 3565 3566
f 3558 3566 3559
f 3559 3566 3567
f 3559 3567 3560
f 3560 3567 3568
f 3560 3568 3561
f 3561 3568 3562
f 3561 3562 3555
f 3569 3576 3577
f 3569 3577 3570
f 3570 3577 3578
f 3570 3578 3571
f 3571 3578 3579
f 3571 3579 3572
f 3572 3579 3580
f 3572 3580 3573
f 3573 3580 3581
f 3573 3581 3574
f 3574 3581 3582
f 3574 3582 3575
f 3575 3582 3576
f 3575 3576 3569
f 3576 3583 3584
f 3576 3584 3577
f 3577 3584 3585
f 3577 3585 3578
f 3578 3585 3586
f 3578 3586 3579
f 3579 3586 3587
f 3579 3587 3580
f 3580 3587 3588
f 3580 3588 3581
f 3581 3588 3589
f 3581 3589 3582
f 3582 3589 3583
f 3582 3583 3576
f 3583 3590 3591
f 3583 3591 3584
f 3584 3591 3592
f 3584 3592 3585
f 3585 3592 3593
f 3585 3593 3586
f 3586 3593 3594
f 3586 3594 3587
f 3587 3594 3595
f 3587 3595 3588
f 3588 3595 3596
f 3588 3596 3589
f 3589 3596 3590
f 3589 3590 3583
f 3590 3597 3598
f 3590 3598 3591
f 3591 3598 3599
f 3591 3599 3592
f 3592 3599 3600
f 3592 3600 3593
f 3593 3600 3601
f 3593 3601 3594
f 3594 3601 3602
f 3594 3602 3595
f 3595 3602 3603
f 3595 3603 3596
f 3596 3603 3597
f 3596 3597 3590
f 3597 3604 3605
f 3597 3605 3598
f 3598 3605 3606
f 3598 3606 3599
f 3599 3606 3607
f 3599 3607 3600
f 3600 3607 3608
f 3600 3608 3601
f 3601 3608 3609
f 3601 3609 3602
f 3602 3609 3610
f 3602 3610 3603
f 3603 3610 3604
f 3603 3604 3597
f 3611 3618 3619
f 3611 3619 3612
f 3612 3619 3620
f 3612 3620 3613
f 3613 3620 3621
f 3613 3621 3614
f 3614 3621 3622
f 3614 3622 3615
f 3615 3622 3623
f 3615 3623 3616
f 3616 3623 3624
f 3616 3624 3617
f 3617 3624 3618
f 3617 3618 3611
f 3618 3625 3626
f 3618 3626 3619
f 3619 3626 3627
f 3619 3627 3620
f 3620 3627 3628
f 3620 3628 3621
f 3621 3628 3629
f 3621 3629 3622
f 3622 3629 3630
f 3622 3630 3623
f 3623 3630 3631
f 3623 3631 3624
f 3624 3631 3625
f 3624 3625 3618
f 3625 3632 3633
f 3625 3633 3626
f 3626 3633 3634
f 3626 3634 3627
f 3627 3634 3635
f 3627 3635 3628
f 3628 3635 3636
f 3628 3636 3629
f 3629 3636 3637
f 3629 3637 3630
f 3630 3637 3638
f 3630 3638 3631
f 3631 3638 3632
f 3631 3632 3625
f 3632 3639 3640
f 3632 3640 3633
f 3633 3640 3641
f 3633 3641 3634
f 3634 3641 3642
f 3634 3642 3635
f 3635 3642 3643
f 3635 3643 3636
f 3636 3643 3644
f 3636 3644 3637
f 3637 3644 3645
f 3637 3645 3638
f 3638 3645 3639
f 3638 3639 3632
f 3639 3646 3647
f 3639 3647 3640
f 3640 3647 3648
f 3640 3648 3641
f 3641 3648 3649
f 3641 3649 3642
f 3642 3649 3650
f 3642 3650 3643
f 3643 3650 3651
f 3643 3651 3644
f 3644 3651 3652
f 3644 3652 3645
f 3645 3652 3646
f 3645 3646 3639
f 3653 3660 3661
f 3653 3661 3654
f 3654 3661 3662
f 3654 3662 3655
f 3655 3662 3663
f 3655 3663 3656
f 3656 3663 3664
f 3656 3664 3657
f 3657 3664 3665
f 3657 3665 3658
f 3658 3665 3666
f 3658 3666 3659
f 3659 3666 3660
f 3659 3660 3653
f 3660 3667 3668
f 3660 3668 3661
f 3661 3668 3669
f 3661 3669 3662
f 3662 3669 3670
f 3662 3670 3663
f 3663 3670 3671
f 3663 3671 3664
f 3664 3671 3672
f 3664 3672 3665
f 3665 3672 3673
f 3665 3673 3666
f 3666 3673 3667
f 3666 3667 3660
f 3667 3674 3675
f 3667 3675 3668
f 3668 3675 3676
f 3668 3676 3669
f 3669 3676 3677
f 3669 3677 3670
f 3670 3677 3678
f 3670 3678 3671
f 3671 3678 3679
f 3671 3679 3672
f 3672 3679 3680
f 3672 3680 3673
f 3673 3680 3674
f 3673 3674 3667
f 3674 3681 3682
f 3674 3682 3675
f 3675 3682 3683
f 3675 3683 3676
f 3676 3683 3684
f 3676 3684 3677
f 3677 3684 3685
f 3677 3685 3678
f 3678 3685 3686
f 3678 3686 3679
f 3679 3686 3687
f 3679 3687 3680
f 3680 3687 3681
f 3680 3681 3674
f 3681 3688 3689
f 3681 3689 3682
f 3682 3689 3690
f 3682 3690 3683
f 3683 3690 3691
f 3683 3691 3684
f 3684 3691 3692
f 3684 3692 3685
f 3685 3692 3693
f 3685 3693 3686
f 3686 3693 3694
f 3686 3694 3687
f 3687 3694 3688
f 3687 3688 3681
f 3695 3702 3703
f 3695 3703 3696
f 3696 3703 3704
f 3696 3704 3697
f 3697 3704 3705
f 3697 3705 3698
f 3698 3705 3706
f 3698 3706 3699
f 3699 3706 3707
f 3699 3707 3700
f 3700 3707 3708
f 3700 3708 3701
f 3701 3708 3702
f 3701 3702 3695
f 3702 3709 3710
f 3702 3710 3703
f 3703 3710 3711
f 3703 3711 3704
f 3704 3711 3712
f 3704 3712 3705
f 3705 3712 3713
f 3705 3713 3706
f 3706 3713 3714
f 3706 3714 3707
f 3707 3714 3715
f 3707 3715 3708
f 3708 3715 3709
f 3708 3709 3702
f 3709 3716 3717
f 3709 3717 3710
f 3710 3717 3718
f 3710 3718 3711
f 3711 3718 3719
f 3711 3719 3712
f 3712 3719 3720
f 3712 3720 3713
f 3713 3720 3721
f 3713 3721 3714
f 3714 3721 3722
f 3714 3722 3715
f 3715 3722 3716
f 3715 3716 3709
f 3716 3723 3724
f 3716 3724 3717
f 3717 3724 3725
f 3717 3725 3718
f 3718 3725 3726
f 3718 3726 3719
f 3719 3726 3727
f 3719 3727 3720
f 3720 3727 3728
f 3720 3728 3721
f 3721 3728 3729
f 3721 3729 3722
f 3722 3729 3723
f 3722 3723 3716
f 3723 3730 3731
f 3723 3731 3724
f 3724 3731 3732
f 3724 3732 3725
f 3725 3732 3733
f 3725 3733 3726
f 3726 3733 3734
f 3726 3734 3727
f 3727 3734 3735
f 3727 3735 3728
f 3728 3735 3736
f 3728 3736 3729
f 3729 3736 3730
f 3729 3730 3723
f 3737 3744 3745
f 3737 3745 3738
f 3738 3745 3746
f 3738 3746 3739
f 3739 3746 3747
f 3739 3747 3740
f 3740 3747 3748
f 3740 3748 3741
f 3741 3748 3749
f 3741 3749 3742
f 3742 3749 3750
f 3742 3750 3743
f 3743 3750 3744
f 3743 3744 3737
f 3744 3751 3752
f 3744 3752 3745
f 3745 3752 3753
f 3745 3753 3746
f 3746 3753 3754
f 3746 3754 3747
f 3747 3754 3755
f 3747 3755 3748
f 3748 3755 3756
f 3748 3756 3749
f 3749 3756 3757
f 3749 3757 3750
f 3750 3757 3751
f 3750 3751 3744
f 3751 3758 3759
f 3751 3759 3752
f 3752 3759 3760
f 3752 3760 3753
f 3753 3760 3761
f 3753 3761 3754
f 3754 3761 3762
f 3754 3762 3755
f 3755 3762 3763
f 3755 3763 3756
f 3756 3763 3764
f 3756 3764 3757
f 3757 3764 3758
f 3757 3758 3751
f 3758 3765 3766
f 3758 3766 3759
f 3759 3766 3767
f 3759 3767 3760
f 3760 3767 3768
f 3760 3768 3761
f 3761 3768 3769
f 3761 3769 3762
f 3762 3769 3770
f 3762 3770 3763
f 3763 3770 3771
f 3763 3771 3764
f 3764 3771 3765
f 3764 3765 3758
f 3765 3772 3773
f 3765 3773 3766
f 3766 3773 3774
f 3766 3774 3767
f 3767 3774 3775
f 3767 3775 3768
f 3768 3775 3776
f 3768 3776 3769
f 3769 3776 3777
f 3769 3777 3770
f 3770 3777 3778
f 3770 3778 3771
f 3771 3778 3772
f 3771 3772 3765
f 3779 3786 3787
f 3779 3787 3780
f 3780 3787 3788
f 3780 3788 3781
f 3781 3788 3789
f 3781 3789 3782
f 3782 3789 3790
f 3782 3790 3783
f 3783 3790 3791
f 3783 3791 3784
f 3784 3791 3792
f 3784 3792 3785
f 3785 3792 3786
f 3785 3786 3779
f 3786 3793 3794
f 3786 3794 3787
f 3787 3794 3795
f 3787 3795 3788
f 3788 3795 3796
f 3788 3796 3789
f 3789 3796 3797
f 3789 3797 3790
f 3790 3797 3798
f 3790 3798 3791
f 3791 3798 3799
f 3791 3799 3792
f 3792 3799 3793
f 3792 3793 3786
f 3793 3800 3801
f 3793 3801 3794
f 3794 3801 3802
f 3794 3802 3795
f 3795 3802 3803
f 3795 3803 3796
f 3796 3803 3804
f 3796 3804 3797
f 3797 3804 3805
f 3797 3805 3798
f 3798 3805 3806
f 3798 3806 3799
f 3799 3806 3800
f 3799 3800 3793
f 3800 3807 3808
f 3800 3808 3801
f 3801 3808 3809
f 3801 3809 3802
f 3802 3809 3810
f 3802 3810 3803
f 3803 3810 3811
f 3803 3811 3804
f 3804 3811 3812
f 3804 3812 3805
f 3805 3812 3813
f 3805 3813 3806
f 3806 3813 3807
f 3806 3807 3800
f 3807 3814 3815
f 3807 3815 3808
f 3808 3815 3816
f 3808 3816 3809
f 3809 3816 3817
f 3809 3817 3810
f 3810 3817 3818
f 3810 3818 3811
f 3811 3818 3819
f 3811 3819 3812
f 3812 3819 3820
f 3812 3820 3813
f 3813 3820 3814
f 3813 3814 3807
f 3821 3828 3829
f 3821 3829 3822
f 3822 3829 3830
f 3822 3830 3823
f 3823 3830 3831
f 3823 3831 3824
f 3824 3831 3832
f 3824 3832 3825
f 3825 3832 3833
f 3825 3833 3826
f 3826 3833 3834
f 3826 3834 3827
f 3827 3834 3828
f 3827 3828 3821
f 3828 3835 3836
f 3828 3836 3829
f 3829 3836 3837
f 3829 3837 3830
f 3830 3837 3838
f 3830 3838 3831
f 3831 3838 3839
f 3831 3839 3832
f 3832 3839 3840
f 3832 3840 3833
f 3833 3840 3841
f 3833 3841 3834
f 3834 3841 3835
f 3834 3835 3828
f 3835 3842 3843
f 3835 3843 3836
f 3836 3843 3844
f 3836 3844 3837
f 3837 3844 3845
f 3837 3845 3838
f 3838 3845 3846
f 3838 3846 3839
f 3839 3846 3847
f 3839 3847 3840
f 3840 3847 3848
f 3840 3848 3841
f 3841 3848 3842
f 3841 3842 3835
f 3842 3849 3850
f 3842 3850 3843
f 3843 3850 3851
f 3843 3851 3844
f 3844 3851 3852
f 3844 3852 3845
f 3845 3852 3853
f 3845 3853 3846
f 3846 3853 3854
f 3846 3854 3847
f 3847 3854 3855
f 3847 3855 3848
f 3848 3855 3849
f 3848 3849 3842
f 3849 3856 3857
f 3849 3857 3850
f 3850 3857 3858
f 3850 3858 3851
f 3851 3858 3859
f 3851 3859 3852
f 3852 3859 3860
f 3852 3860 3853
f 3853 3860 3861
f 3853 3861 3854
f 3854 3861 3862
f 3854 3862 3855
f 3855 3862 3856
f 3855 3856 3849
f 3863 3870 3871
f 3863 3871 3864
f 3864 3871 3872
f 3864 3872 3865
f 3865 3872 3873
f 3865 3873 3866
f 3866 3873 3874
f 3866 3874 3867
f 3867 3874 3875
f 3867 3875 3868
f 3868 3875 3876
f 3868 3876 3869
f 3869 3876 3870
f 3869 3870 3863
f 3870 3877 3878
f 3870 3878 3871
f 3871 3878 3879
f 3871 3879 3872
f 3872 3879 3880
f 3872 3880 3873
f 3873 3880 3881
f 3873 3881 3874
f 3874 3881 3882
f 3874 3882 3875
f 3875 3882 3883
f 3875 3883 3876
f 3876 3883 3877
f 3876 3877 3870
f 3877 3884 3885
f 3877 3885 3878
f 3878 3885 3886
f 3878 3886 3879
f 3879 3886 3887
f 3879 3887 3880
f 3880 3887 3888
f 3880 3888 3881
f 3881 3888 3889
f 3881 3889 3882
f 3882 3889 3890
f 3882 3890 3883
f 3883 3890 3884
f 3883 3884 3877
f 3884 3891 3892
f 3884 3892 3885
f 3885 3892 3893
f 3885 3893 3886
f 3886 3893 3894
f 3886 3894 3887
f 3887 3894 3895
f 3887 3895 3888
f 3888 3895 3896
f 3888 3896 3889
f 3889 3896 3897
f 3889 3897 3890
f 3890 3897 3891
f 3890 3891 3884
f 3891 3898 3899
f 3891 3899 3892
f 3892 3899 3900
f 3892 3900 3893
f 3893 3900 3901
f 3893 3901 3894
f 3894 3901 3902
f 3894 3902 3895
f 3895 3902 3903
f 3895 3903 3896
f 3896 3903 3904
f 3896 3904 3897
f 3897 3904 3898
f 3897 3898 3891
f 3905 3912 3913
f 3905 3913 3906
f 3906 3913 3914
f 3906 3914 3907
f 3907 3914 3915
f 3907 3915 3908
f 3908 3915 3916
f 3908 3916 3909
f 3909 3916 3917
f 3909 3917 3910
f 3910 3917 3918
f 3910 3918 3911
f 3911 3918 3912
f 3911 3912 3905
f 3912 3919 3920
f 3912 3920 3913
f 3913 3920 3921
f 3913 3921 3914
f 3914 3921 3922
f 3914 3922 3915
f 3915 3922 3923
f 3915 3923 3916
f 3916 3923 3924
f 3916 3924 3917
f 3917 3924 3925
f 3917 3925 3918
f 3918 3925 3919
f 3918 3919 3912
f 3919 3926 3927
f 3919 3927 3920
f 3920 3927 3928
f 3920 3928 3921
f 3921 3928 3929
f 3921 3929 3922
f 3922 3929 3930
f 3922 3930 3923
f 3923 3930 3931
f 3923 3931 3924
f 3924 3931 3932
f 3924 3932 3925
f 3925 3932 3926
f 3925 3926 3919
f 3926 3933 3934
f 3926 3934 3927
f 3927 3934 3935
f 3927 3935 3928
f 3928 3935 3936
f 3928 3936 3929
f 3929 3936 3937
f 3929 3937 3930
f 3930 3937 3938
f 3930 3938 3931
f 3931 3938 3939
f 3931 3939 3932
f 3932 3939 3933
f 3932 3933 3926
f 3933 3940 3941
f 3933 3941 3934
f 3934 3941 3942
f 3934 3942 3935
f 3935 3942 3943
f 3935 3943 3936
f 3936 3943 3944
f 3936 3944 3937
f 3937 3944 3945
f 3937 3945 3938
f 3938 3945 3946
f 3938 3946 3939
f 3939 3946 3940
f 3939 3940 3933
f 3947 3954 3955
f 3947 3955 3948
f 3948 3955 3956
f 3948 3956 3949
f 3949 3956 3957
f 3949 3957 3950
f 3950 3957 3958
f 3950 3958 3951
f 3951 3958 3959
f 3951 3959 3952
f 3952 3959 3960
f 3952 3960 3953
f 3953 3960 3954
f 3953 3954 3947
f 3954 3961 3962
f 3954 3962 3955
f 3955 3962 3963
f 3955 3963 3956
f 3956 3963 3964
f 3956 3964 3957
f 3957 3964 3965
f 3957 3965 3958
f 3958 3965 3966
f 3958 3966 3959
f 3959 3966 3967
f 3959 3967 3960
f 3960 3967 3961
f 3960 3961 3954
f 3961 3968 3969
f 3961 3969 3962
f 3962 3969 3970
f 3962 3970 3963
f 3963 3970 3971
f 3963 3971 3964
f 3964 3971 3972
f 3964 3972 3965
f 3965 3972 3973
f 3965 3973 3966
f 3966 3973 3974
f 3966 3974 3967
f 3967 3974 3968
f 3967 3968 3961
f 3968 3975 3976
f 3968 3976 3969
f 3969 3976 3977
f 3969 3977 3970
f 3970 3977 3978
f 3970 3978 3971
f 3971 3978 3979
f 3971 3979 3972
f 3972 3979 3980
f 3972 3980 3973
f 3973 3980 3981
f 3973 3981 3974
f 3974 3981 3975
f 3974 3975 3968
f 3975 3982 3983
f 3975 3983 3976
f 3976 3983 3984
f 3976 3984 3977
f 3977 3984 3985
f 3977 3985 3978
f 3978 3985 3986
f 3978 3986 3979
f 3979 3986 3987
f 3979 3987 3980
f 3980 3987 3988
f 3980 3988 3981
f 3981 3988 3982
f 3981 3982 3975
f 3989 3996 3997
f 3989 3997 3990
f 3990 3997 3998
f 3990 3998 3991
f 3991 3998 3999
f 3991 3999 3992
f 3992 3999 4000
f 3992 4000 3993
f 3993 4000 4001
f 3993 4001 3994
f 3994 4001 4002
f 3994 4002 3995
f 3995 4002 3996
f 3995 3996 3989
f 3996 4003 4004
f 3996 4004 3997
f 3997 4004 4005
f 3997 4005 3998
f 3998 4005 4006
f 3998 4006 3999
f 3999 4006 4007
f 3999 4007 4000
f 4000 4007 4008
f 4000 4008 4001
f 4001 4008 4009
f 4001 4009 4002
f 4002 4009 4003
f 4002 4003 3996
f 4003 4010 4011
f 4003 4011 4004
f 4004 4011 4012
f 4004 4012 4005
f 4005 4012 4013
f 4005 4013 4006
f 4006 4013 4014
f 4006 4014 4007
f 4007 4014 4015
f 4007 4015 4008
f 4008 4015 4016
f 4008 4016 4009
f 4009 4016 4010
f 4009 4010 4003
f 4010 4017 4018
f 4010 4018 4011
f 4011 4018 4019
f 4011 4019 4012
f 4012 4019 4020
f 4012 4020 4013
f 4013 4020 4021
f 4013 4021 4014
f 4014 4021 4022
f 4014 4022 4015
f 4015 4022 4023
f 4015 4023 4016
f 4016 4023 4017
f 4016 4017 4010
f 4017 4024 4025
f 4017 4025 4018
f 4018 4025 4026
f 4018 4026 4019
f 4019 4026 4027
f 4019 4027 4020
f 4020 4027 4028
f 4020 4028 4021
f 4021 4028 4029
f 4021 4029 4022
f 4022 4029 4030
f 4022 4030 4023
f 4023 4030 4024
f 4023 4024 4017
f 4031 4038 4039
f 4031 4039 4032
f 4032 4039 4040
f 4032 4040 4033
f 4033 4040 4041
f 4033 4041 4034
f 4034 4041 4042
f 4034 4042 4035
f 4035 4042 4043
f 4035 4043 4036
f 4036 4043 4044
f 4036 4044 4037
f 4037 4044 4038
f 4037 4038 4031
f 4038 4045 4046
f 4038 4046 4039
f 4039 4046 4047
f 4039 4047 4040
f 4040 4047 4048
f 4040 4048 4041
f 4041 4048 4049
f 4041 4049 4042
f 4042 4049 4050
f 4042 4050 4043
f 4043 4050 4051
f 4043 4051 4044
f 4044 4051 4045
f 4044 4045 4038
f 4045 4052 4053
f 4045 4053 4046
f 4046 4053 4054
f 4046 4054 4047
f 4047 4054 4055
f 4047 4055 4048
f 4048 4055 4056
f 4048 4056 4049
f 4049 4056 4057
f 4049 4057 4050
f 4050 4057 4058
f 4050 4058 4051
f 4051 4058 4052
f 4051 4052 4045
f 4052 4059 4060
f 4052 4060 4053
f 4053 4060 4061
f 4053 4061 4054
f 4054 4061 4062
f 4054 4062 4055
f 4055 4062 4063
f 4055 4063 4056
f 4056 4063 4064
f 4056 4064 4057
f 4057 4064 4065
f 4057 4065 4058
f 4058 4065 4059
f 4058 4059 4052
f 4059 4066 4067
f 4059 4067 4060
f 4060 4067 4068
f 4060 4068 4061
f 4061 4068 4069
f 4061 4069 4062
f 4062 4069 4070
f 4062 4070 4063
f 4063 4070 4071
f 4063 4071 4064
f 4064 4071 4072
f 4064 4072 4065
f 4065 4072 4066
f 4065 4066 4059
f 4073 4080 4081
f 4073 4081 4074
f 4074 4081 4082
f 4074 4082 4075
f 4075 4082 4083
f 4075 4083 4076
f 4076 4083 4084
f 4076 4084 4077
f 4077 4084 4085
f 4077 4085 4078
f 4078 4085 4086
f 4078 4086 4079
f 4079 4086 4080
f 4079 4080 4073
f 4080 4087 4088
f 4080 4088 4081
f 4081 4088 4089
f 4081 4089 4082
f 4082 4089 4090
f 4082 4090 4083
f 4083 4090 4091
f 4083 4091 4084
f 4084 4091 4092
f 4084 4092 4085
f 4085 4092 4093
f 4085 4093 4086
f 4086 4093 4087
f 4086 4087 4080
f 4087 4094 4095
f 4087 4095 4088
f 4088 4095 4096
f 4088 4096 4089
f 4089 4096 4097
f 4089 4097 4090
f 4090 4097 4098
f 4090 4098 4091
f 4091 4098 4099
f 4091 4099 4092
f 4092 4099 4100
f 4092 4100 4093
f 4093 4100 4094
f 4093 4094 4087
f 4094 4101 4102
f 4094 4102 4095
f 4095 4102 4103
f 4095 4103 4096
f 4096 4103 4104
f 4096 4104 4097
f 4097 4104 4105
f 4097 4105 4098
f 4098 4105 4106
f 4098 4106 4099
f 4099 4106 4107
f 4099 4107 4100
f 4100 4107 4101
f 4100 4101 4094
f 4101 4108 4109
f 4101 4109 4102
f 4102 4109 4110
f 4102 4110 4103
f 4103 4110 4111
f 4103 4111 4104
f 4104 4111 4112
f 4104 4112 4105
f 4105 4112 4113
f 4105 4113 4106
f 4106 4113 4114
f 4106 4114 4107
f 4107 4114 4108
f 4107 4108 4101
f 4115 4122 4123
f 4115 4123 4116
f 4116 4123 4124
f 4116 4124 4117
f 4117 4124 4125
f 4117 4125 4118
f 4118 4125 4126
f 4118 4126 4119
f 4119 4126 4127
f 4119 4127 4120
f 4120 4127 4128
f 4120 4128 4121
f 4121 4128 4122
f 4121 4122 4115
f 4122 4129 4130
f 4122 4130 4123
f 4123 4130 4131
f 4123 4131 4124
f 4124 4131 4132
f 4124 4132 4125
f 4125 4132 4133
f 4125 4133 4126
f 4126 4133 4134
f 4126 4134 4127
f 4127 4134 4135
f 4127 4135 4128
f 4128 4135 4129
f 4128 4129 4122
f 4129 4136 4137
f 4129 4137 4130
f 4130 4137 4138
f 4130 4138 4131
f 4131 4138 4139
f 4131 4139 4132
f 4132 4139 4140
f 4132 4140 4133
f 4133 4140 4141
f 4133 4141 4134
f 4134 4141 4142
f 4134 4142 4135
f 4135 4142 4136
f 4135 4136 4129
f 4136 4143 4144
f 4136 4144 4137
f 4137 4144 4145
f 4137 4145 4138
f 4138 4145 4146
f 4138 4146 4139
f 4139 4146 4147
f 4139 4147 4140
f 4140 4147 4148
f 4140 4148 4141
f 4141 4148 4149
f 4141 4149 4142
f 4142 4149 4143
f 4142 4143 4136
f 4143 4150 4151
f 4143 4151 4144
f 4144 4151 4152
f 4144 4152 4145
f 4145 4152 4153
f 4145 4153 4146
f 4146 4153 4154
f 4146 4154 4147
f 4147 4154 4155
f 4147 4155 4148
f 4148 4155 4156
f 4148 4156 4149
f 4149 4156 4150
f 4149 4150 4143
f 4157 4164 4165
f 4157 4165 4158
f 4158 4165 4166
f 4158 4166 4159
f 4159 4166 4167
f 4159 4167 4160
f 4160 4167 4168
f 4160 4168 4161
f 4161 4168 4169
f 4161 4169 4162
f 4162 4169 4170
f 4162 4170 4163
f 4163 4170 4164
f 4163 4164 4157
f 4164 4171 4172
f 4164 4172 4165
f 4165 4172 4173
f 4165 4173 4166
f 4166 4173 4174
f 4166 4174 4167
f 4167 4174 4175
f 4167 4175 4168
f 4168 4175 4176
f 4168 4176 4169
f 4169 4176 4177
f 4169 4177 4170
f 4170 4177 4171
f 4170 4171 4164
f 4171 4178 4179
f 4171 4179 4172
f 4172 4179 4180
f 4172 4180 4173
f 4173 4180 4181
f 4173 4181 4174
f 4174 4181 4182
f 4174 4182 4175
f 4175 4182 4183
f 4175 4183 4176
f 4176 4183 4184
f 4176 4184 4177
f 4177 4184 4178
f 4177 4178 4171
f 4178 4185 4186
f 4178 4186 4179
f 4179 4186 4187
f 4179 4187 4180
f 4180 4187 4188
f 4180 4188 4181
f 4181 4188 4189
f 4181 4189 4182
f 4182 4189 4190
f 4182 4190 4183
f 4183 4190 4191
f 4183 4191 4184
f 4184 4191 4185
f 4184 4185 4178
f 4185 4192 4193
f 4185 4193 4186
f 4186 4193 4194
f 4186 4194 4187
f 4187 4194 4195
f 4187 4195 4188
f 4188 4195 4196
f 4188 4196 4189
f 4189 4196 4197
f 4189 4197 4190
f 4190 4197 4198
f 4190 4198 4191
f 4191 4198 4192
f 4191 4192 4185
f 4199 4206 4207
f 4199 4207 4200
f 4200 4207 4208
f 4200 4208 4201
f 4201 4208 4209
f 4201 4209 4202
f 4202 4209 4210
f 4202 4210 4203
f 4203 4210 4211
f 4203 4211 4204
f 4204 4211 4212
f 4204 4212 4205
f 4205 4212 4206
f 4205 4206 4199
f 4206 4213 4214
f 4206 4214 4207
f 4207 4214 4215
f 4207 4215 4208
f 4208 4215 4216
f 4208 4216 4209
f 4209 4216 4217
f 4209 4217 4210
f 4210 4217 4218
f 4210 4218 4211
f 4211 4218 4219
f 4211 4219 4212
f 4212 4219 4213
f 4212 4213 4206
f 4213 4220 4221
f 4213 4221 4214
f 4214 4221 4222
f 4214 4222 4215
f 4215 4222 4223
f 4215 4223 4216
f 4216 4223 4224
f 4216 4224 4217
f 4217 4224 4225
f 4217 4225 4218
f 4218 4225 4226
f 4218 4226 4219
f 4219 4226 4220
f 4219 4220 4213
f 4220 4227 4228
f 4220 4228 4221
f 4221 4228 4229
f 4221 4229 4222
f 4222 4229 4230
f 4222 4230 4223
f 4223 4230 4231
f 4223 4231 4224
f 4224 4231 4232
f 4224 4232 4225
f 4225 4232 4233
f 4225 4233 4226
f 4226 4233 4227
f 4226 4227 4220
f 4227 4234 4235
f 4227 4235 4228
f 4228 4235 4236
f 4228 4236 4229
f 4229 4236 4237
f 4229 4237 4230
f 4230 4237 4238
f 4230 4238 4231
f 4231 4238 4239
f 4231 4239 4232
f 4232 4239 4240
f 4232 4240 4233
f 4233 4240 4234
f 4233 4234 4227
f 4241 4248 4249
f 4241 4249 4242
f 4242 4249 4250
f 4242 4250 4243
f 4243 4250 4251
f 4243 4251 4244
f 4244 4251 4252
f 4244 4252 4245
f 4245 4252 4253
f 4245 4253 4246
f 4246 4253 4254
f 4246 4254 4247
f 4247 4254 4248
f 4247 4248 4241
f 4248 4255 4256
f 4248 4256 4249
f 4249 4256 4257
f 4249 4257 4250
f 4250 4257 4258
f 4250 4258 4251
f 4251 4258 4259
f 4251 4259 4252
f 4252 4259 4260
f 4252 4260 4253
f 4253 4260 4261
f 4253 4261 4254
f 4254 4261 4255
f 4254 4255 4248
f 4255 4262 4263
f 4255 4263 4256
f 4256 4263 4264
f 4256 4264 4257
f 4257 4264 4265
f 4257 4265 4258
f 4258 4265 4266
f 4258 4266 4259
f 4259 4266 4267
f 4259 4267 4260
f 4260 4267 4268
f 4260 4268 4261
f 4261 4268 4262
f 4261 4262 4255
f 4262 4269 4270
f 4262 4270 4263
f 4263 4270 4271
f 4263 4271 4264
f 4264 4271 4272
f 4264 4272 4265
f 4265 4272 4273
f 4265 4273 4266
f 4266 4273 4274
f 4266 4274 4267
f 4267 4274 4275
f 4267 4275 4268
f 4268 4275 4269
f 4268 4269 4262
f 4269 4276 4277
f 4269 4277 4270
f 4270 4277 4278
f 4270 4278 4271
f 4271 4278 4279
f 4271 4279 4272
f 4272 4279 4280
f 4272 4280 4273
f 4273 4280 4281
f 4273 4281 4274
f 4274 4281 4282
f 4274 4282 4275
f 4275 4282 4276
f 4275 4276 4269
f 4283 4290 4291
f 4283 4291 4284
f 4284 4291 4292
f 4284 4292 4285
f 4285 4292 4293
f 4285 4293 4286
f 4286 4293 4294
f 4286 4294 4287
f 4287 4294 4295
f 4287 4295 4288
f 4288 4295 4296
f 4288 4296 4289
f 4289 4296 4290
f 4289 4290 4283
f 4290 4297 4298
f 4290 4298 4291
f 4291 4298 4299
f 4291 4299 4292
f 4292 4299 4300
f 4292 4300 4293
f 4293 4300 4301
f 4293 4301 4294
f 4294 4301 4302
f 4294 4302 4295
f 4295 4302 4303
f 4295 4303 4296
f 4296 4303 4297
f 4296 4297 4290
f 4297 4304 4305
f 4297 4305 4298
f 4298 4305 4306
f 4298 4306 4299
f 4299 4306 4307
f 4299 4307 4300
f 4300 4307 4308
f 4300 4308 4301
f 4301 4308 4309
f 4301 4309 4302
f 4302 4309 4310
f 4302 4310 4303
f 4303 4310 4304
f 4303 4304 4297
f 4304 4311 4312
f 4304 4312 4305
f 4305 4312 4313
f 4305 4313 4306
f 4306 4313 4314
f 4306 4314 4307
f 4307 4314 4315
f 4307 4315 4308
f 4308 4315 4316
f 4308 4316 4309
f 4309 4316 4317
f 4309 4317 4310
f 4310 4317 4311
f 4310 4311 4304
f 4311 4318 4319
f 4311 4319 4312
f 4312 4319 4320
f 4312 4320 4313
f 4313 4320 4321
f 4313 4321 4314
f 4314 4321 4322
f 4314 4322 4315
f 4315 4322 4323
f 4315 4323 4316
f 4316 4323 4324
f 4316 4324 4317
f 4317 4324 4318
f 4317 4318 4311
f 4325 4332 4333
f 4325 4333 4326
f 4326 4333 4334
f 4326 4334 4327
f 4327 4334 4335
f 4327 4335 4328
f 4328 4335 4336
f 4328 4336 4329
f 4329 4336 4337
f 4329 4337 4330
f 4330 4337 4338
f 4330 4338 4331
f 4331 4338 4332
f 4331 4332 4325
f 4332 4339 4340
f 4332 4340 4333
f 4333 4340 4341
f 4333 4341 4334
f 4334 4341 4342
f 4334 4342 4335
f 4335 4342 4343
f 4335 4343 4336
f 4336 4343 4344
f 4336 4344 4337
f 4337 4344 4345
f 4337 4345 4338
f 4338 4345 4339
f 4338 4339 4332
f 4339 4346 4347
f 4339 4347 4340
f 4340 4347 4348
f 4340 4348 4341
f 4341 4348 4349
f 4341 4349 4342
f 4342 4349 4350
f 4342 4350 4343
f 4343 4350 4351
f 4343 4351 4344
f 4344 4351 4352
f 4344 4352 4345
f 4345 4352 4346
f 4345 4346 4339
f 4346 4353 4354
f 4346 4354 4347
f 4347 4354 4355
f 4347 4355 4348
f 4348 4355 4356
f 4348 4356 4349
f 4349 4356 4357
f 4349 4357 4350
f 4350 4357 4358
f 4350 4358 4351
f 4351 4358 4359
f 4351 4359 4352
f 4352 4359 4353
f 4352 4353 4346
f 4353 4360 4361
f 4353 4361 4354
f 4354 4361 4362
f 4354 4362 4355
f 4355 4362 4363
f 4355 4363 4356
f 4356 4363 4364
f 4356 4364 4357
f 4357 4364 4365
f 4357 4365 4358
f 4358 4365 4366
f 4358 4366 4359
f 4359 4366 4360
f 4359 4360 4353
f 4367 4374 4375
f 4367 4375 4368
f 4368 4375 4376
f 4368 4376 4369
f 4369 4376 4377
f 4369 4377 4370
f 4370 4377 4378
f 4370 4378 4371
f 4371 4378 4379
f 4371 4379 4372
f 4372 4379 4380
f 4372 4380 4373
f 4373 4380 4374
f 4373 4374 4367
f 4374 4381 4382
f 4374 4382 4375
f 4375 4382 4383
f 4375 4383 4376
f 4376 4383 4384
f 4376 4384 4377
f 4377 4384 4385
f 4377 4385 4378
f 4378 4385 4386
f 4378 4386 4379
f 4379 4386 4387
f 4379 4387 4380
f 4380 4387 4381
f 4380 4381 4374
f 4381 4388 4389
f 4381 4389 4382
f 4382 4389 4390
f 4382 4390 4383
f 4383 4390 4391
f 4383 4391 4384
f 4384 4391 4392
f 4384 4392 4385
f 4385 4392 4393
f 4385 4393 4386
f 4386 4393 4394
f 4386 4394 4387
f 4387 4394 4388
f 4387 4388 4381
f 4388 4395 4396
f 4388 4396 4389
f 4389 4396 4397
f 4389 4397 4390
f 4390 4397 4398
f 4390 4398 4391
f 4391 4398 4399
f 4391 4399 4392
f 4392 4399 4400
f 4392 4400 4393
f 4393 4400 4401
f 4393 4401 4394
f 4394 4401 4395
f 4394 4395 4388
f 4395 4402 4403
f 4395 4403 4396
f 4396 4403 4404
f 4396 4404 4397
f 4397 4404 4405
f 4397 4405 4398
f 4398 4405 4406
f 4398 4406 4399
f 4399 4406 4407
f 4399 4407 4400
f 4400 4407 4408
f 4400 4408 4401
f 4401 4408 4402
f 4401 4402 4395
f 4409 4416 4417
f 4409 4417 4410
f 4410 4417 4418
f 4410 4418 4411
f 4411 4418 4419
f 4411 4419 4412
f 4412 4419 4420
f 4412 4420 4413
f 4413 4420 4421
f 4413 4421 4414
f 4414 4421 4422
f 4414 4422 4415
f 4415 4422 4416
f 4415 4416 4409
f 4416 4423 4424
f 4416 4424 4417
f 4417 4424 4425
f 4417 4425 4418
f 4418 4425 4426
f 4418 4426 4419
f 4419 4426 4427
f 4419 4427 4420
f 4420 4427 4428
f 4420 4428 4421
f 4421 4428 4429
f 4421 4429 4422
f 4422 4429 4423
f 4422 4423 4416
f 4423 4430 4431
f 4423 4431 4424
f 4424 4431 4432
f 4424 4432 4425
f 4425 4432 4433
f 4425 4433 4426
f 4426 4433 4434
f 4426 4434 4427
f 4427 4434 4435
f 4427 4435 4428
f 4428 4435 4436
f 4428 4436 4429
f 4429 4436 4430
f 4429 4430 4423
f 4430 4437 4438
f 4430 4438 4431
f 4431 4438 4439
f 4431 4439 4432
f 4432 4439 4440
f 4432 4440 4433
f 4433 4440 4441
f 4433 4441 4434
f 4434 4441 4442
f 4434 4442 4435
f 4435 4442 4443
f 4435 4443 4436
f 4436 4443 4437
f 4436 4437 4430
f 4437 4444 4445
f 4437 4445 4438
f 4438 4445 4446
f 4438 4446 4439
f 4439 4446 4447
f 4439 4447 4440
f 4440 4447 4448
f 4440 4448 4441
f 4441 4448 4449
f 4441 4449 4442
f 4442 4449 4450
f 4442 4450 4443
f 4443 4450 4444
f 4443 4444 4437
f 4451 4458 4459
f 4451 4459 4452
f 4452 4459 4460
f 4452 4460 4453
f 4453 4460 4461
f 4453 4461 4454
f 4454 4461 4462
f 4454 4462 4455
f 4455 4462 4463
f 4455 4463 4456
f 4456 4463 4464
f 4456 4464 4457
f 4457 4464 4458
f 4457 4458 4451
f 4458 4465 4466
f 4458 4466 4459
f 4459 4466 4467
f 4459 4467 4460
f 4460 4467 4468
f 4460 4468 4461
f 4461 4468 4469
f 4461 4469 4462
f 4462 4469 4470
f 4462 4470 4463
f 4463 4470 4471
f 4463 4471 4464
f 4464 4471 4465
f 4464 4465 4458
f 4465 4472 4473
f 4465 4473 4466
f 4466 4473 4474
f 4466 4474 4467
f 4467 4474 4475
f 4467 4475 4468
f 4468 4475 4476
f 4468 4476 4469
f 4469 4476 4477
f 4469 4477 4470
f 4470 4477 4478
f 4470 4478 4471
f 4471 4478 4472
f 4471 4472 4465
f 4472 4479 4480
f 4472 4480 4473
f 4473 4480 4481
f 4473 4481 4474
f 4474 4481 4482
f 4474 4482 4475
f 4475 4482 4483
f 4475 4483 4476
f 4476 4483 4484
f 4476 4484 4477
f 4477 4484 4485
f 4477 4485 4478
f 4478 4485 4479
f 4478 4479 4472
f 4479 4486 4487
f 4479 4487 4480
f 4480 4487 4488
f 4480 4488 4481
f 4481 4488 4489
f 4481 4489 4482
f 4482 4489 4490
f 4482 4490 4483
f 4483 4490 4491
f 4483 4491 4484
f 4484 4491 4492
f 4484 4492 4485
f 4485 4492 4486
f 4485 4486 4479
f 4493 4500 4501
f 4493 4501 4494
f 4494 4501 4502
f 4494 4502 4495
f 4495 4502 4503
f 4495 4503 4496
f 4496 4503 4504
f 4496 4504 4497
f 4497 4504 4505
f 4497 4505 4498
f 4498 4505 4506
f 4498 4506 4499
f 4499 4506 4500
f 4499 4500 4493
f 4500 4507 4508
f 4500 4508 4501
f 4501 4508 4509
f 4501 4509 4502
f 4502 4509 4510
f 4502 4510 4503
f 4503 4510 4511
f 4503 4511 4504
f 4504 4511 4512
f 4504 4512 4505
f 4505 4512 4513
f 4505 4513 4506
f 4506 4513 4507
f 4506 4507 4500
f 4507 4514 4515
f 4507 4515 4508
f 4508 4515 4516
f 4508 4516 4509
f 4509 4516 4517
f 4509 4517 4510
f 4510 4517 4518
f 4510 4518 4511
f 4511 4518 4519
f 4511 4519 4512
f 4512 4519 4520
f 4512 4520 4513
f 4513 4520 4514
f 4513 4514 4507
f 4514 4521 4522
f 4514 4522 4515
f 4515 4522 4523
f 4515 4523 4516
f 4516 4523 4524
f 4516 4524 4517
f 4517 4524 4525
f 4517 4525 4518
f 4518 4525 4526
f 4518 4526 4519
f 4519 4526 4527
f 4519 4527 4520
f 4520 4527 4521
f 4520 4521 4514
f 4521 4528 4529
f 4521 4529 4522
f 4522 4529 4530
f 4522 4530 4523
f 4523 4530 4531
f 4523 4531 4524
f 4524 4531 4532
f 4524 4532 4525
f 4525 4532 4533
f 4525 4533 4526
f 4526 4533 4534
f 4526 4534 4527
f 4527 4534 4528
f 4527 4528 4521
f 4535 4542 4543
f 4535 4543 4536
f 4536 4543 4544
f 4536 4544 4537
f 4537 4544 4545
f 4537 4545 4538
f 4538 4545 4546
f 4538 4546 4539
f 4539 4546 4547
f 4539 4547 4540
f 4540 4547 4548
f 4540 4548 4541
f 4541 4548 4542
f 4541 4542 4535
f 4542 4549 4550
f 4542 4550 4543
f 4543 4550 4551
f 4543 4551 4544
f 4544 4551 4552
f 4544 4552 4545
f 4545 4552 4553
f 4545 4553 4546
f 4546 4553 4554
f 4546 4554 4547
f 4547 4554 4555
f 4547 4555 4548
f 4548 4555 4549
f 4548 4549 4542
f 4549 4556 4557
f 4549 4557 4550
f 4550 4557 4558
f 4550 4558 4551
f 4551 4558 4559
f 4551 4559 4552
f 4552 4559 4560
f 4552 4560 4553
f 4553 4560 4561
f 4553 4561 4554
f 4554 4561 4562
f 4554 4562 4555
f 4555 4562 4556
f 4555 4556 4549
f 4556 4563 4564
f 4556 4564 4557
f 4557 4564 4565
f 4557 4565 4558
f 4558 4565 4566
f 4558 4566 4559
f 4559 4566 4567
f 4559 4567 4560
f 4560 4567 4568
f 4560 4568 4561
f 4561 4568 4569
f 4561 4569 4562
f 4562 4569 4563
f 4562 4563 4556
f 4563 4570 4571
f 4563 4571 4564
f 4564 4571 4572
f 4564 4572 4565
f 4565 4572 4573
f 4565 4573 4566
f 4566 4573 4574
f 4566 4574 4567
f 4567 4574 4575
f 4567 4575 4568
f 4568 4575 4576
f 4568 4576 4569
f 4569 4576 4570
f 4569 4570 4563
f 4577 4584 4585
f 4577 4585 4578
f 4578 4585 4586
f 4578 4586 4579
f 4579 4586 4587
f 4579 4587 4580
f 4580 4587 4588
f 4580 4588 4581
f 4581 4588 4589
f 4581 4589 4582
f 4582 4589 4590
f 4582 4590 4583
f 4583 4590 4584
f 4583 4584 4577
f 4584 4591 4592
f 4584 4592 4585
f 4585 4592 4593
f 4585 4593 4586
f 4586 4593 4594
f 4586 4594 4587
f 4587 4594 4595
f 4587 4595 4588
f 4588 4595 4596
f 4588 4596 4589
f 4589 4596 4597
f 4589 4597 4590
f 4590 4597 4591
f 4590 4591 4584
f 4591 4598 4599
f 4591 4599 4592
f 4592 4599 4600
f 4592 4600 4593
f 4593 4600 4601
f 4593 4601 4594
f 4594 4601 4602
f 4594 4602 4595
f 4595 4602 4603
f 4595 4603 4596
f 4596 4603 4604
f 4596 4604 4597
f 4597 4604 4598
f 4597 4598 4591
f 4598 4605 4606
f 4598 4606 4599
f 4599 4606 4607
f 4599 4607 4600
f 4600 4607 4608
f 4600 4608 4601
f 4601 4608 4609
f 4601 4609 4602
f 4602 4609 4610
f 4602 4610 4603
f 4603 4610 4611
f 4603 4611 4604
f 4604 4611 4605
f 4604 4605 4598
f 4605 4612 4613
f 4605 4613 4606
f 4606 4613 4614
f 4606 4614 4607
f 4607 4614 4615
f 4607 4615 4608
f 4608 4615 4616
f 4608 4616 4609
f 4609 4616 4617
f 4609 4617 4610
f 4610 4617 4618
f 4610 4618 4611
f 4611 4618 4612
f 4611 4612 4605
f 4619 4626 4627
f 4619 4627 4620
f 4620 4627 4628
f 4620 4628 4621
f 4621 4628 4629
f 4621 4629 4622
f 4622 4629 4630
f 4622 4630 4623
f 4623 4630 4631
f 4623 4631 4624
f 4624 4631 4632
f 4624 4632 4625
f 4625 4632 4626
f 4625 4626 4619
f 4626 4633 4634
f 4626 4634 4627
f 4627 4634 4635
f 4627 4635 4628
f 4628 4635 4636
f 4628 4636 4629
f 4629 4636 4637
f 4629 4637 4630
f 4630 4637 4638
f 4630 4638 4631
f 4631 4638 4639
f 4631 4639 4632
f 4632 4639 4633
f 4632 4633 4626
f 4633 4640 4641
f 4633 4641 4634
f 4634 4641 4642
f 4634 4642 4635
f 4635 4642 4643
f 4635 4643 4636
f 4636 4643 4644
f 4636 4644 4637
f 4637 4644 4645
f 4637 4645 4638
f 4638 4645 4646
f 4638 4646 4639
f 4639 4646 4640
f 4639 4640 4633
f 4640 4647 4648
f 4640 4648 4641
f 4641 4648 4649
f 4641 4649 4642
f 4642 4649 4650
f 4642 4650 4643
f 4643 4650 4651
f 4643 4651 4644
f 4644 4651 4652
f 4644 4652 4645
f 4645 4652 4653
f 4645 4653 4646
f 4646 4653 4647
f 4646 4647 4640
f 4647 4654 4655
f 4647 4655 4648
f 4648 4655 4656
f 4648 4656 4649
f 4649 4656 4657
f 4649 4657 4650
f 4650 4657 4658
f 4650 4658 4651
f 4651 4658 4659
f 4651 4659 4652
f 4652 4659 4660
f 4652 4660 4653
f 4653 4660 4654
f 4653 4654 4647
f 4661 4668 4669
f 4661 4669 4662
f 4662 4669 4670
f 4662 4670 4663
f 4663 4670 4671
f 4663 4671 4664
f 4664 4671 4672
f 4664 4672 4665
f 4665 4672 4673
f 4665 4673 4666
f 4666 4673 4674
f 4666 4674 4667
f 4667 4674 4668
f 4667 4668 4661
f 4668 4675 4676
f 4668 4676 4669
f 4669 4676 4677
f 4669 4677 4670
f 4670 4677 4678
f 4670 4678 4671
f 4671 4678 4679
f 4671 4679 4672
f 4672 4679 4680
f 4672 4680 4673
f 4673 4680 4681
f 4673 4681 4674
f 4674 4681 4675
f 4674 4675 4668
f 4675 4682 4683
f 4675 4683 4676
f 4676 4683 4684
f 4676 4684 4677
f 4677 4684 4685
f 4677 4685 4678
f 4678 4685 4686
f 4678 4686 4679
f 4679 4686 4687
f 4679 4687 4680
f 4680 4687 4688
f 4680 4688 4681
f 4681 4688 4682
f 4681 4682 4675
f 4682 4689 4690
f 4682 4690 4683
f 4683 4690 4691
f 4683 4691 4684
f 4684 4691 4692
f 4684 4692 4685
f 4685 4692 4693
f 4685 4693 4686
f 4686 4693 4694
f 4686 4694 4687
f 4687 4694 4695
f 4687 4695 4688
f 4688 4695 4689
f 4688 4689 4682
f 4689 4696 4697
f 4689 4697 4690
f 4690 4697 4698
f 4690 4698 4691
f 4691 4698 4699
f 4691 4699 4692
f 4692 4699 4700
f 4692 4700 4693
f 4693 4700 4701
f 4693 4701 4694
f 4694 4701 4702
f 4694 4702 4695
f 4695 4702 4696
f 4695 4696 4689
f 4703 4710 4711
f 4703 4711 4704
f 4704 4711 4712
f 4704 4712 4705
f 4705 4712 4713
f 4705 4713 4706
f 4706 4713 4714
f 4706 4714 4707
f 4707 4714 4715
f 4707 4715 4708
f 4708 4715 4716
f 4708 4716 4709
f 4709 4716 4710
f 4709 4710 4703
f 4710 4717 4718
f 4710 4718 4711
f 4711 4718 4719
f 4711 4719 4712
f 4712 4719 4720
f 4712 4720 4713
f 4713 4720 4721
f 4713 4721 4714
f 4714 4721 4722
f 4714 4722 4715
f 4715 4722 4723
f 4715 4723 4716
f 4716 4723 4717
f 4716 4717 4710
f 4717 4724 4725
f 4717 4725 4718
f 4718 4725 4726
f 4718 4726 4719
f 4719 4726 4727
f 4719 4727 4720
f 4720 4727 4728
f 4720 4728 4721
f 4721 4728 4729
f 4721 4729 4722
f 4722 4729 4730
f 4722 4730 4723
f 4723 4730 4724
f 4723 4724 4717
f 4724 4731 4732
f 4724 4732 4725
f 4725 4732 4733
f 4725 4733 4726
f 4726 4733 4734
f 4726 4734 4727
f 4727 4734 4735
f 4727 4735 4728
f 4728 4735 4736
f 4728 4736 4729
f 4729 4736 4737
f 4729 4737 4730
f 4730 4737 4731
f 4730 4731 4724
f 4731 4738 4739
f 4731 4739 4732
f 4732 4739 4740
f 4732 4740 4733
f 4733 4740 4741
f 4733 4741 4734
f 4734 4741 4742
f 4734 4742 4735
f 4735 4742 4743
f 4735 4743 4736
f 4736 4743 4744
f 4736 4744 4737
f 4737 4744 4738
f 4737 4738 4731
f 4745 4752 4753
f 4745 4753 4746
f 4746 4753 4754
f 4746 4754 4747
f 4747 4754 4755
f 4747 4755 4748
f 4748 4755 4756
f 4748 4756 4749
f 4749 4756 4757
f 4749 4757 4750
f 4750 4757 4758
f 4750 4758 4751
f 4751 4758 4752
f 4751 4752 4745
f 4752 4759 4760
f 4752 4760 4753
f 4753 4760 4761
f 4753 4761 4754
f 4754 4761 4762
f 4754 4762 4755
f 4755 4762 4763
f 4755 4763 4756
f 4756 4763 4764
f 4756 4764 4757
f 4757 4764 4765
f 4757 4765 4758
f 4758 4765 4759
f 4758 4759 4752
f 4759 4766 4767
f 4759 4767 4760
f 4760 4767 4768
f 4760 4768 4761
f 4761 4768 4769
f 4761 4769 4762
f 4762 4769 4770
f 4762 4770 4763
f 4763 4770 4771
f 4763 4771 4764
f 4764 4771 4772
f 4764 4772 4765
f 4765 4772 4766
f 4765 4766 4759
f 4766 4773 4774
f 4766 4774 4767
f 4767 4774 4775
f 4767 4775 4768
f 4768 4775 4776
f 4768 4776 4769
f 4769 4776 4777
f 4769 4777 4770
f 4770 4777 4778
f 4770 4778 4771
f 4771 4778 4779
f 4771 4779 4772
f 4772 4779 4773
f 4772 4773 4766
f 4773 4780 4781
f 4773 4781 4774
f 4774 4781 4782
f 4774 4782 4775
f 4775 4782 4783
f 4775 4783 4776
f 4776 4783 4784
f 4776 4784 4777
f 4777 4784 4785
f 4777 4785 4778
f 4778 4785 4786
f 4778 4786 4779
f 4779 4786 4780
f 4779 4780 4773
f 4787 4794 4795
f 4787 4795 4788
f 4788 4795 4796
f 4788 4796 4789
f 4789 4796 4797
f 4789 4797 4790
f 4790 4797 4798
f 4790 4798 4791
f 4791 4798 4799
f 4791 4799 4792
f 4792 4799 4800
f 4792 4800 4793
f 4793 4800 4794
f 4793 4794 4787
f 4794 4801 4802
f 4794 4802 4795
f 4795 4802 4803
f 4795 4803 4796
f 4796 4803 4804
f 4796 4804 4797
f 4797 4804 4805
f 4797 4805 4798
f 4798 4805 4806
f 4798 4806 4799
f 4799 4806 4807
f 4799 4807 4800
f 4800 4807 4801
f 4800 4801 4794
f 4801 4808 4809
f 4801 4809 4802
f 4802 4809 4810
f 4802 4810 4803
f 4803 4810 4811
f 4803 4811 4804
f 4804 4811 4812
f 4804 4812 4805
f 4805 4812 4813
f 4805 4813 4806
f 4806 4813 4814
f 4806 4814 4807
f 4807 4814 4808
f 4807 4808 4801
f 4808 4815 4816
f 4808 4816 4809
f 4809 4816 4817
f 4809 4817 4810
f 4810 4817 4818
f 4810 4818 4811
f 4811 4818 4819
f 4811 4819 4812
f 4812 4819 4820
f 4812 4820 4813
f 4813 4820 4821
f 4813 4821 4814
f 4814 4821 4815
f 4814 4815 4808
f 4815 4822 4823
f 4815 4823 4816
f 4816 4823 4824
f 4816 4824 4817
f 4817 4824 4825
f 4817 4825 4818
f 4818 4825 4826
f 4818 4826 4819
f 4819 4826 4827
f 4819 4827 4820
f 4820 4827 4828
f 4820 4828 4821
f 4821 4828 4822
f 4821 4822 4815
f 4829 4836 4837
f 4829 4837 4830
f 4830 4837 4838
f 4830 4838 4831
f 4831 4838 4839
f 4831 4839 4832
f 4832 4839 4840
f 4832 4840 4833
f 4833 4840 4841
f 4833 4841 4834
f 4834 4841 4842
f 4834 4842 4835
f 4835 4842 4836
f 4835 4836 4829
f 4836 4843 4844
f 4836 4844 4837
f 4837 4844 4845
f 4837 4845 4838
f 4838 4845 4846
f 4838 4846 4839
f 4839 4846 4847
f 4839 4847 4840
f 4840 4847 4848
f 4840 4848 4841
f 4841 4848 4849
f 4841 4849 4842
f 4842 4849 4843
f 4842 4843 4836
f 4843 4850 4851
f 4843 4851 4844
f 4844 4851 4852
f 4844 4852 4845
f 4845 4852 4853
f 4845 4853 4846
f 4846 4853 4854
f 4846 4854 4847
f 4847 4854 4855
f 4847 4855 4848
f 4848 4855 4856
f 4848 4856 4849
f 4849 4856 4850
f 4849 4850 4843
f 4850 4857 4858
f 4850 4858 4851
f 4851 4858 4859
f 4851 4859 4852
f 4852 4859 4860
f 4852 4860 4853
f 4853 4860 4861
f 4853 4861 4854
f 4854 4861 4862
f 4854 4862 4855
f 4855 4862 4863
f 4855 4863 4856
f 4856 4863 4857
f 4856 4857 4850
f 4857 4864 4865
f 4857 4865 4858
f 4858 4865 4866
f 4858 4866 4859
f 4859 4866 4867
f 4859 4867 4860
f 4860 4867 4868
f 4860 4868 4861
f 4861 4868 4869
f 4861 4869 4862
f 4862 4869 4870
f 4862 4870 4863
f 4863 4870 4864
f 4863 4864 4857
f 4871 4878 4879
f 4871 4879 4872
f 4872 4879 4880
f 4872 4880 4873
f 4873 4880 4881
f 4873 4881 4874
f 4874 4881 4882
f 4874 4882 4875
f 4875 4882 4883
f 4875 4883 4876
f 4876 4883 4884
f 4876 4884 4877
f 4877 4884 4878
f 4877 4878 4871
f 4878 4885 4886
f 4878 4886 4879
f 4879 4886 4887
f 4879 4887 4880
f 4880 4887 4888
f 4880 4888 4881
f 4881 4888 4889
f 4881 4889 4882
f 4882 4889 4890
f 4882 4890 4883
f 4883 4890 4891
f 4883 4891 4884
f 4884 4891 4885
f 4884 4885 4878
f 4885 4892 4893
f 4885 4893 4886
f 4886 4893 4894
f 4886 4894 4887
f 4887 4894 4895
f 4887 4895 4888
f 4888 4895 4896
f 4888 4896 4889
f 4889 4896 4897
f 4889 4897 4890
f 4890 4897 4898
f 4890 4898 4891
f 4891 4898 4892
f 4891 4892 4885
f 4892 4899 4900
f 4892 4900 4893
f 4893 4900 4901
f 4893 4901 4894
f 4894 4901 4902
f 4894 4902 4895
f 4895 4902 4903
f 4895 4903 4896
f 4896 4903 4904
f 4896 4904 4897
f 4897 4904 4905
f 4897 4905 4898
f 4898 4905 4899
f 4898 4899 4892
f 4899 4906 4907
f 4899 4907 4900
f 4900 4907 4908
f 4900 4908 4901
f 4901 4908 4909
f 4901 4909 4902
f 4902 4909 4910
f 4902 4910 4903
f 4903 4910 4911
f 4903 4911 4904
f 4904 4911 4912
f 4904 4912 4905
f 4905 4912 4906
f 4905 4906 4899
f 4913 4920 4921
f 4913 4921 4914
f 4914 4921 4922
f 4914 4922 4915
f 4915 4922 4923
f 4915 4923 4916
f 4916 4923 4924
f 4916 4924 4917
f 4917 4924 4925
f 4917 4925 4918
f 4918 4925 4926
f 4918 4926 4919
f 4919 4926 4920
f 4919 4920 4913
f 4920 4927 4928
f 4920 4928 4921
f 4921 4928 4929
f 4921 4929 4922
f 4922 4929 4930
f 4922 4930 4923
f 4923 4930 4931
f 4923 4931 4924
f 4924 4931 4932
f 4924 4932 4925
f 4925 4932 4933
f 4925 4933 4926
f 4926 4933 4927
f 4926 4927 4920
f 4927 4934 4935
f 4927 4935 4928
f 4928 4935 4936
f 4928 4936 4929
f 4929 4936 4937
f 4929 4937 4930
f 4930 4937 4938
f 4930 4938 4931
f 4931 4938 4939
f 4931 4939 4932
f 4932 4939 4940
f 4932 4940 4933
f 4933 4940 4934
f 4933 4934 4927
f 4934 4941 4942
f 4934 4942 4935
f 4935 4942 4943
f 4935 4943 4936
f 4936 4943 4944
f 4936 4944 4937
f 4937 4944 4945
f 4937 4945 4938
f 4938 4945 4946
f 4938 4946 4939
f 4939 4946 4947
f 4939 4947 4940
f 4940 4947 4941
f 4940 4941 4934
f 4941 4948 4949
f 4941 4949 4942
f 4942 4949 4950
f 4942 4950 4943
f 4943 4950 4951
f 4943 4951 4944
f 4944 4951 4952
f 4944 4952 4945
f 4945 4952 4953
f 4945 4953 4946
f 4946 4953 4954
f 4946 4954 4947
f 4947 4954 4948
f 4947 4948 4941
f 4955 4962 4963
f 4955 4963 4956
f 4956 4963 4964
f 4956 4964 4957
f 4957 4964 4965
f 4957 4965 4958
f 4958 4965 4966
f 4958 4966 4959
f 4959 4966 4967
f 4959 4967 4960
f 4960 4967 4968
f 4960 4968 4961
f 4961 4968 4962
f 4961 4962 4955
f 4962 4969 4970
f 4962 4970 4963
f 4963 4970 4971
f 4963 4971 4964
f 4964 4971 4972
f 4964 4972 4965
f 4965 4972 4973
f 4965 4973 4966
f 4966 4973 4974
f 4966 4974 4967
f 4967 4974 4975
f 4967 4975 4968
f 4968 4975 4969
f 4968 4969 4962
f 4969 4976 4977
f 4969 4977 4970
f 4970 4977 4978
f 4970 4978 4971
f 4971 4978 4979
f 4971 4979 4972
f 4972 4979 4980
f 4972 4980 4973
f 4973 4980 4981
f 4973 4981 4974
f 4974 4981 4982
f 4974 4982 4975
f 4975 4982 4976
f 4975 4976 4969
f 4976 4983 4984
f 4976 4984 4977
f 4977 4984 4985
f 4977 4985 4978
f 4978 4985 4986
f 4978 4986 4979
f 4979 4986 4987
f 4979 4987 4980
f 4980 4987 4988
f 4980 4988 4981
f 4981 4988 4989
f 4981 4989 4982
f 4982 4989 4983
f 4982 4983 4976
f 4983 4990 4991
f 4983 4991 4984
f 4984 4991 4992
f 4984 4992 4985
f 4985 4992 4993
f 4985 4993 4986
f 4986 4993 4994
f 4986 4994 4987
f 4987 4994 4995
f 4987 4995 4988
f 4988 4995 4996
f 4988 4996 4989
f 4989 4996 4990
f 4989 4990 4983
f 4997 5004 5005
f 4997 5005 4998
f 4998 5005 5006
f 4998 5006 4999
f 4999 5006 5007
f 4999 5007 5000
f 5000 5007 5008
f 5000 5008 5001
f 5001 5008 5009
f 5001 5009 5002
f 5002 5009 5010
f 5002 5010 5003
f 5003 5010 5004
f 5003 5004 4997
f 5004 5011 5012
f 5004 5012 5005
f 5005 5012 5013
f 5005 5013 5006
f 5006 5013 5014
f 5006 5014 5007
f 5007 5014 5015
f 5007 5015 5008
f 5008 5015 5016
f 5008 5016 5009
f 5009 5016 5017
f 5009 5017 5010
f 5010 5017 5011
f 5010 5011 5004
f 5011 5018 5019
f 5011 5019 5012
f 5012 5019 5020
f 5012 5020 5013
f 5013 5020 5021
f 5013 5021 5014
f 5014 5021 5022
f 5014 5022 5015
f 5015 5022 5023
f 5015 5023 5016
f 5016 5023 5024
f 5016 5024 5017
f 5017 5024 5018
f 5017 5018 5011
f 5018 5025 5026
f 5018 5026 5019
f 5019 5026 5027
f 5019 5027 5020
f 5020 5027 5028
f 5020 5028 5021
f 5021 5028 5029
f 5021 5029 5022
f 5022 5029 5030
f 5022 5030 5023
f 5023 5030 5031
f 5023 5031 5024
f 5024 5031 5025
f 5024 5025 5018
f 5025 5032 5033
f 5025 5033 5026
f 5026 5033 5034
f 5026 5034 5027
f 5027 5034 5035
f 5027 5035 5028
f 5028 5035 5036
f 5028 5036 5029
f 5029 5036 5037
f 5029 5037 5030
f 5030 5037 5038
f 5030 5038 5031
f 5031 5038 5032
f 5031 5032 5025
f 5039 5046 5047
f 5039 5047 5040
f 5040 5047 5048
f 5040 5048 5041
f 5041 5048 5049
f 5041 5049 5042
f 5042 5049 5050
f 5042 5050 5043
f 5043 5050 5051
f 5043 5051 5044
f 5044 5051 5052
f 5044 5052 5045
f 5045 5052 5046
f 5045 5046 5039
f 5046 5053 5054
f 5046 5054 5047
f 5047 5054 5055
f 5047 5055 5048
f 5048 5055 5056
f 5048 5056 5049
f 5049 5056 5057
f 5049 5057 5050
f 5050 5057 5058
f 5050 5058 5051
f 5051 5058 5059
f 5051 5059 5052
f 5052 5059 5053
f 5052 5053 5046
f 5053 5060 5061
f 5053 5061 5054
f 5054 5061 5062
f 5054 5062 5055
f 5055 5062 5063
f 5055 5063 5056
f 5056 5063 5064
f 5056 5064 5057
f 5057 5064 5065
f 5057 5065 5058
f 5058 5065 5066
f 5058 5066 5059
f 5059 5066 5060
f 5059 5060 5053
f 5060 5067 5068
f 5060 5068 5061
f 5061 5068 5069
f 5061 5069 5062
f 5062 5069 5070
f 5062 5070 5063
f 5063 5070 5071
f 5063 5071 5064
f 5064 5071 5072
f 5064 5072 5065
f 5065 5072 5073
f 5065 5073 5066
f 5066 5073 5067
f 5066 5067 5060
f 5067 5074 5075
f 5067 5075 5068
f 5068 5075 5076
f 5068 5076 5069
f 5069 5076 5077
f 5069 5077 5070
f 5070 5077 5078
f 5070 5078 5071
f 5071 5078 5079
f 5071 5079 5072
f 5072 5079 5080
f 5072 5080 5073
f 5073 5080 5074
f 5073 5074 5067
f 5081 5088 5089
f 5081 5089 5082
f 5082 5089 5090
f 5082 5090 5083
f 5083 5090 5091
f 5083 5091 5084
f 5084 5091 5092
f 5084 5092 5085
f 5085 5092 5093
f 5085 5093 5086
f 5086 5093 5094
f 5086 5094 5087
f 5087 5094 5088
f 5087 5088 5081
f 5088 5095 5096
f 5088 5096 5089
f 5089 5096 5097
f 5089 5097 5090
f 5090 5097 5098
f 5090 5098 5091
f 5091 5098 5099
f 5091 5099 5092
f 5092 5099 5100
f 5092 5100 5093
f 5093 5100 5101
f 5093 5101 5094
f 5094 5101 5095
f 5094 5095 5088
f 5095 5102 5103
f 5095 5103 5096
f 5096 5103 5104
f 5096 5104 5097
f 5097 5104 5105
f 5097 5105 5098
f 5098 5105 5106
f 5098 5106 5099
f 5099 5106 5107
f 5099 5107 5100
f 5100 5107 5108
f 5100 5108 5101
f 5101 5108 5102
f 5101 5102 5095
f 5102 5109 5110
f 5102 5110 5103
f 5103 5110 5111
f 5103 5111 5104
f 5104 5111 5112
f 5104 5112 5105
f 5105 5112 5113
f 5105 5113 5106
f 5106 5113 5114
f 5106 5114 5107
f 5107 5114 5115
f 5107 5115 5108
f 5108 5115 5109
f 5108 5109 5102
f 5109 5116 5117
f 5109 5117 5110
f 5110 5117 5118
f 5110 5118 5111
f 5111 5118 5119
f 5111 5119 5112
f 5112 5119 5120
f 5112 5120 5113
f 5113 5120 5121
f 5113 5121 5114
f 5114 5121 5122
f 5114 5122 5115
f 5115 5122 5116
f 5115 5116 5109
f 5123 5130 5131
f 5123 5131 5124
f 5124 5131 5132
f 5124 5132 5125
f 5125 5132 5133
f 5125 5133 5126
f 5126 5133 5134
f 5126 5134 5127
f 5127 5134 5135
f 5127 5135 5128
f 5128 5135 5136
f 5128 5136 5129
f 5129 5136 5130
f 5129 5130 5123
f 5130 5137 5138
f 5130 5138 5131
f 5131 5138 5139
f 5131 5139 5132
f 5132 5139 5140
f 5132 5140 5133
f 5133 5140 5141
f 5133 5141 5134
f 5134 5141 5142
f 5134 5142 5135
f 5135 5142 5143
f 5135 5143 5136
f 5136 5143 5137
f 5136 5137 5130
f 5137 5144 5145
f 5137 5145 5138
f 5138 5145 5146
f 5138 5146 5139
f 5139 5146 5147
f 5139 5147 5140
f 5140 5147 5148
f 5140 5148 5141
f 5141 5148 5149
f 5141 5149 5142
f 5142 5149 5150
f 5142 5150 5143
f 5143 5150 5144
f 5143 5144 5137
f 5144 5151 5152
f 5144 5152 5145
f 5145 5152 5153
f 5145 5153 5146
f 5146 5153 5154
f 5146 5154 5147
f 5147 5154 5155
f 5147 5155 5148
f 5148 5155 5156
f 5148 5156 5149
f 5149 5156 5157
f 5149 5157 5150
f 5150 5157 5151
f 5150 5151 5144
f 5151 5158 5159
f 5151 5159 5152
f 5152 5159 5160
f 5152 5160 5153
f 5153 5160 5161
f 5153 5161 5154
f 5154 5161 5162
f 5154 5162 5155
f 5155 5162 5163
f 5155 5163 5156
f 5156 5163 5164
f 5156 5164 5157
f 5157 5164 5158
f 5157 5158 5151
f 5165 5172 5173
f 5165 5173 5166
f 5166 5173 5174
f 5166 5174 5167
f 5167 5174 5175
f 5167 5175 5168
f 5168 5175 5176
f 5168 5176 5169
f 5169 5176 5177
f 5169 5177 5170
f 5170 5177 5178
f 5170 5178 5171
f 5171 5178 5172
f 5171 5172 5165
f 5172 5179 5180
f 5172 5180 5173
f 5173 5180 5181
f 5173 5181 5174
f 5174 5181 5182
f 5174 5182 5175
f 5175 5182 5183
f 5175 5183 5176
f 5176 5183 5184
f 5176 5184 5177
f 5177 5184 5185
f 5177 5185 5178
f 5178 5185 5179
f 5178 5179 5172
f 5179 5186 5187
f 5179 5187 5180
f 5180 5187 5188
f 5180 5188 5181
f 5181 5188 5189
f 5181 5189 5182
f 5182 5189 5190
f 5182 5190 5183
f 5183 5190 5191
f 5183 5191 5184
f 5184 5191 5192
f 5184 5192 5185
f 5185 5192 5186
f 5185 5186 5179
f 5186 5193 5194
f 5186 5194 5187
f 5187 5194 5195
f 5187 5195 5188
f 5188 5195 5196
f 5188 5196 5189
f 5189 5196 5197
f 5189 5197 5190
f 5190 5197 5198
f 5190 5198 5191
f 5191 5198 5199
f 5191 5199 5192
f 5192 5199 5193
f 5192 5193 5186
f 5193 5200 5201
f 5193 5201 5194
f 5194 5201 5202
f 5194 5202 5195
f 5195 5202 5203
f 5195 5203 5196
f 5196 5203 5204
f 5196 5204 5197
f 5197 5204 5205
f 5197 5205 5198
f 5198 5205 5206
f 5198 5206 5199
f 5199 5206 5200
f 5199 5200 5193
f 5207 5214 5215
f 5207 5215 5208
f 5208 5215 5216
f 5208 5216 5209
f 5209 5216 5217
f 5209 5217 5210
f 5210 5217 5218
f 5210 5218 5211
f 5211 5218 5219
f 5211 5219 5212
f 5212 5219 5220
f 5212 5220 5213
f 5213 5220 5214
f 5213 5214 5207
f 5214 5221 5222
f 5214 5222 5215
f 5215 5222 5223
f 5215 5223 5216
f 5216 5223 5224
f 5216 5224 5217
f 5217 5224 5225
f 5217 5225 5218
f 5218 5225 5226
f 5218 5226 5219
f 5219 5226 5227
f 5219 5227 5220
f 5220 5227 5221
f 5220 5221 5214
f 5221 5228 5229
f 5221 5229 5222
f 5222 5229 5230
f 5222 5230 5223
f 5223 5230 5231
f 5223 5231 5224
f 5224 5231 5232
f 5224 5232 5225
f 5225 5232 5233
f 5225 5233 5226
f 5226 5233 5234
f 5226 5234 5227
f 5227 5234 5228
f 5227 5228 5221
f 5228 5235 5236
f 5228 5236 5229
f 5229 5236 5237
f 5229 5237 5230
f 5230 5237 5238
f 5230 5238 5231
f 5231 5238 5239
f 5231 5239 5232
f 5232 5239 5240
f 5232 5240 5233
f 5233 5240 5241
f 5233 5241 5234
f 5234 5241 5235
f 5234 5235 5228
f 5235 5242 5243
f 5235 5243 5236
f 5236 5243 5244
f 5236 5244 5237
f 5237 5244 5245
f 5237 5245 5238
f 5238 5245 5246
f 5238 5246 5239
f 5239 5246 5247
f 5239 5247 5240
f 5240 5247 5248
f 5240 5248 5241
f 5241 5248 5242
f 5241 5242 5235
f 5249 5256 5257
f 5249 5257 5250
f 5250 5257 5258
f 5250 5258 5251
f 5251 5258 5259
f 5251 5259 5252
f 5252 5259 5260
f 5252 5260 5253
f 5253 5260 5261
f 5253 5261 5254
f 5254 5261 5262
f 5254 5262 5255
f 5255 5262 5256
f 5255 5256 5249
f 5256 5263 5264
f 5256 5264 5257
f 5257 5264 5265
f 5257 5265 5258
f 5258 5265 5266
f 5258 5266 5259
f 5259 5266 5267
f 5259 5267 5260
f 5260 5267 5268
f 5260 5268 5261
f 5261 5268 5269
f 5261 5269 5262
f 5262 5269 5263
f 5262 5263 5256
f 5263 5270 5271
f 5263 5271 5264
f 5264 5271 5272
f 5264 5272 5265
f 5265 5272 5273
f 5265 5273 5266
f 5266 5273 5274
f 5266 5274 5267
f 5267 5274 5275
f 5267 5275 5268
f 5268 5275 5276
f 5268 5276 5269
f 5269 5276 5270
f 5269 5270 5263
f 5270 5277 5278
f 5270 5278 5271
f 5271 5278 5279
f 5271 5279 5272
f 5272 5279 5280
f 5272 5280 5273
f 5273 5280 5281
f 5273 5281 5274
f 5274 5281 5282
f 5274 5282 5275
f 5275 5282 5283
f 5275 5283 5276
f 5276 5283 5277
f 5276 5277 5270
f 5277 5284 5285
f 5277 5285 5278
f 5278 5285 5286
f 5278 5286 5279
f 5279 5286 5287
f 5279 5287 5280
f 5280 5287 5288
f 5280 5288 5281
f 5281 5288 5289
f 5281 5289 5282
f 5282 5289 5290
f 5282 5290 5283
f 5283 5290 5284
f 5283 5284 5277
f 5291 5298 5299
f 5291 5299 5292
f 5292 5299 5300
f 5292 5300 5293
f 5293 5300 5301
f 5293 5301 5294
f 5294 5301 5302
f 5294 5302 5295
f 5295 5302 5303
f 5295 5303 5296
f 5296 5303 5304
f 5296 5304 5297
f 5297 5304 5298
f 5297 5298 5291
f 5298 5305 5306
f 5298 5306 5299
f 5299 5306 5307
f 5299 5307 5300
f 5300 5307 5308
f 5300 5308 5301
f 5301 5308 5309
f 5301 5309 5302
f 5302 5309 5310
f 5302 5310 5303
f 5303 5310 5311
f 5303 5311 5304
f 5304 5311 5305
f 5304 5305 5298
f 5305 5312 5313
f 5305 5313 5306
f 5306 5313 5314
f 5306 5314 5307
f 5307 5314 5315
f 5307 5315 5308
f 5308 5315 5316
f 5308 5316 5309
f 5309 5316 5317
f 5309 5317 5310
f 5310 5317 5318
f 5310 5318 5311
f 5311 5318 5312
f 5311 5312 5305
f 5312 5319 5320
f 5312 5320 5313
f 5313 5320 5321
f 5313 5321 5314
f 5314 5321 5322
f 5314 5322 5315
f 5315 5322 5323
f 5315 5323 5316
f 5316 5323 5324
f 5316 5324 5317
f 5317 5324 5325
f 5317 5325 5318
f 5318 5325 5319
f 5318 5319 5312
f 5319 5326 5327
f 5319 5327 5320
f 5320 5327 5328
f 5320 5328 5321
f 5321 5328 5329
f 5321 5329 5322
f 5322 5329 5330
f 5322 5330 5323
f 5323 5330 5331
f 5323 5331 5324
f 5324 5331 5332
f 5324 5332 5325
f 5325 5332 5326
f 5325 5326 5319
f 5333 5340 5341
f 5333 5341 5334
f 5334 5341 5342
f 5334 5342 5335
f 5335 5342 5343
f 5335 5343 5336
f 5336 5343 5344
f 5336 5344 5337
f 5337 5344 5345
f 5337 5345 5338
f 5338 5345 5346
f 5338 5346 5339
f 5339 5346 5340
f 5339 5340 5333
f 5340 5347 5348
f 5340 5348 5341
f 5341 5348 5349
f 5341 5349 5342
f 5342 5349 5350
f 5342 5350 5343
f 5343 5350 5351
f 5343 5351 5344
f 5344 5351 5352
f 5344 5352 5345
f 5345 5352 5353
f 5345 5353 5346
f 5346 5353 5347
f 5346 5347 5340
f 5347 5354 5355
f 5347 5355 5348
f 5348 5355 5356
f 5348 5356 5349
f 5349 5356 5357
f 5349 5357 5350
f 5350 5357 5358
f 5350 5358 5351
f 5351 5358 5359
f 5351 5359 5352
f 5352 5359 5360
f 5352 5360 5353
f 5353 5360 5354
f 5353 5354 5347
f 5354 5361 5362
f 5354 5362 5355
f 5355 5362 5363
f 5355 5363 5356
f 5356 5363 5364
f 5356 5364 5357
f 5357 5364 5365
f 5357 5365 5358
f 5358 5365 5366
f 5358 5366 5359
f 5359 5366 5367
f 5359 5367 5360
f 5360 5367 5361
f 5360 5361 5354
f 5361 5368 5369
f 5361 5369 5362
f 5362 5369 5370
f 5362 5370 5363
f 5363 5370 5371
f 5363 5371 5364
f 5364 5371 5372
f 5364 5372 5365
f 5365 5372 5373
f 5365 5373 5366
f 5366 5373 5374
f 5366 5374 5367
f 5367 5374 5368
f 5367 5368 5361
f 5375 5382 5383
f 5375 5383 5376
f 5376 5383 5384
f 5376 5384 5377
f 5377 5384 5385
f 5377 5385 5378
f 5378 5385 5386
f 5378 5386 5379
f 5379 5386 5387
f 5379 5387 5380
f 5380 5387 5388
f 5380 5388 5381
f 5381 5388 5382
f 5381 5382 5375
f 5382 5389 5390
f 5382 5390 5383
f 5383 5390 5391
f 5383 5391 5384
f 5384 5391 5392
f 5384 5392 5385
f 5385 5392 5393
f 5385 5393 5386
f 5386 5393 5394
f 5386 5394 5387
f 5387 5394 5395
f 5387 5395 5388
f 5388 5395 5389
f 5388 5389 5382
f 5389 5396 5397
f 5389 5397 5390
f 5390 5397 5398
f 5390 5398 5391
f 5391 5398 5399
f 5391 5399 5392
f 5392 5399 5400
f 5392 5400 5393
f 5393 5400 5401
f 5393 5401 5394
f 5394 5401 5402
f 5394 5402 5395
f 5395 5402 5396
f 5395 5396 5389
f 5396 5403 5404
f 5396 5404 5397
f 5397 5404 5405
f 5397 5405 5398
f 5398 5405 5406
f 5398 5406 5399
f 5399 5406 5407
f 5399 5407 5400
f 5400 5407 5408
f 5400 5408 5401
f 5401 5408 5409
f 5401 5409 5402
f 5402 5409 5403
f 5402 5403 5396
f 5403 5410 5411
f 5403 5411 5404
f 5404 5411 5412
f 5404 5412 5405
f 5405 5412 5413
f 5405 5413 5406
f 5406 5413 5414
f 5406 5414 5407
f 5407 5414 5415
f 5407 5415 5408
f 5408 5415 5416
f 5408 5416 5409
f 5409 5416 5410
f 5409 5410 5403
usemtl eye_red
f 5417 5429 5430
f 5417 5430 5418
f 5418 5430 5431
f 5418 5431 5419
f 5419 5431 5432
f 5419 5432 5420
f 5420 5432 5433
f 5420 5433 5421
f 5421 5433 5434
f 5421 5434 5422
f 5422 5434 5435
f 5422 5435 5423
f 5423 5435 5436
f 5423 5436 5424
f 5424 5436 5437
f 5424 5437 5425
f 5425 5437 5438
f 5425 5438 5426
f 5426 5438 5439
f 5426 5439 5427
f 5427 5439 5440
f 5427 5440 5428
f 5428 5440 5429
f 5428 5429 5417
f 5429 5441 5442
f 5429 5442 5430
f 5430 5442 5443
f 5430 5443 5431
f 5431 5443 5444
f 5431 5444 5432
f 5432 5444 5445
f 5432 5445 5433
f 5433 5445 5446
f 5433 5446 5434
f 5434 5446 5447
f 5434 5447 5435
f 5435 5447 5448
f 5435 5448 5436
f 5436 5448 5449
f 5436 5449 5437
f 5437 5449 5450
f 5437 5450 5438
f 5438 5450 5451
f 5438 5451 5439
f 5439 5451 5452
f 5439 5452 5440
f 5440 5452 5441
f 5440 5441 5429
f 5441 5453 5454
f 5441 5454 5442
f 5442 5454 5455
f 5442 5455 5443
f 5443 5455 5456
f 5443 5456 5444
f 5444 5456 5457
f 5444 5457 5445
f 5445 5457 5458
f 5445 5458 5446
f 5446 5458 5459
f 5446 5459 5447
f 5447 5459 5460
f 5447 5460 5448
f 5448 5460 5461
f 5448 5461 5449
f 5449 5461 5462
f 5449 5462 5450
f 5450 5462 5463
f 5450 5463 5451
f 5451 5463 5464
f 5451 5464 5452
f 5452 5464 5453
f 5452 5453 5441
f 5453 5465 5466
f 5453 5466 5454
f 5454 5466 5467
f 5454 5467 5455
f 5455 5467 5468
f 5455 5468 5456
f 5456 5468 5469
f 5456 5469 5457
f 5457 5469 5470
f 5457 5470 5458
f 5458 5470 5471
f 5458 5471 5459
f 5459 5471 5472
f 5459 5472 5460
f 5460 5472 5473
f 5460 5473 5461
f 5461 5473 5474
f 5461 5474 5462
f 5462 5474 5475
f 5462 5475 5463
f 5463 5475 5476
f 5463 5476 5464
f 5464 5476 5465
f 5464 5465 5453
f 5465 5477 5478
f 5465 5478 5466
f 5466 5478 5479
f 5466 5479 5467
f 5467 5479 5480
f 5467 5480 5468
f 5468 5480 5481
f 5468 5481 5469
f 5469 5481 5482
f 5469 5482 5470
f 5470 5482 5483
f 5470 5483 5471
f 5471 5483 5484
f 5471 5484 5472
f 5472 5484 5485
f 5472 5485 5473
f 5473 5485 5486
f 5473 5486 5474
f 5474 5486 5487
f 5474 5487 5475
f 5475 5487 5488
f 5475 5488 5476
f 5476 5488 5477
f 5476 5477 5465
f 5477 5489 5490
f 5477 5490 5478
f 5478 5490 5491
f 5478 5491 5479
f 5479 5491 5492
f 5479 5492 5480
f 5480 5492 5493
f 5480 5493 5481
f 5481 5493 5494
f 5481 5494 5482
f 5482 5494 5495
f 5482 5495 5483
f 5483 5495 5496
f 5483 5496 5484
f 5484 5496 5497
f 5484 5497 5485
f 5485 5497 5498
f 5485 5498 5486
f 5486 5498 5499
f 5486 5499 5487
f 5487 5499 5500
f 5487 5500 5488
f 5488 5500 5489
f 5488 5489 5477
f 5489 5501 5502
f 5489 5502 5490
f 5490 5502 5503
f 5490 5503 5491
f 5491 5503 5504
f 5491 5504 5492
f 5492 5504 5505
f 5492 5505 5493
f 5493 5505 5506
f 5493 5506 5494
f 5494 5506 5507
f 5494 5507 5495
f 5495 5507 5508
f 5495 5508 5496
f 5496 5508 5509
f 5496 5509 5497
f 5497 5509 5510
f 5497 5510 5498
f 5498 5510 5511
f 5498 5511 5499
f 5499 5511 5512
f 5499 5512 5500
f 5500 5512 5501
f 5500 5501 5489
f 5501 5513 5514
f 5501 5514 5502
f 5502 5514 5515
f 5502 5515 5503
f 5503 5515 5516
f 5503 5516 5504
f 5504 5516 5517
f 5504 5517 5505
f 5505 5517 5518
f 5505 5518 5506
f 5506 5518 5519
f 5506 5519 5507
f 5507 5519 5520
f 5507 5520 5508
f 5508 5520 5521
f 5508 5521 5509
f 5509 5521 5522
f 5509 5522 5510
f 5510 5522 5523
f 5510 5523 5511
f 5511 5523 5524
f 5511 5524 5512
f 5512 5524 5513
f 5512 5513 5501
f 5513 5525 5526
f 5513 5526 5514
f 5514 5526 5527
f 5514 5527 5515
f 5515 5527 5528
f 5515 5528 5516
f 5516 5528 5529
f 5516 5529 5517
f 5517 5529 5530
f 5517 5530 5518
f 5518 5530 5531
f 5518 5531 5519
f 5519 5531 5532
f 5519 5532 5520
f 5520 5532 5533
f 5520 5533 5521
f 5521 5533 5534
f 5521 5534 5522
f 5522 5534 5535
f 5522 5535 5523
f 5523 5535 5536
f 5523 5536 5524
f 5524 5536 5525
f 5524 5525 5513
f 5525 5537 5538
f 5525 5538 5526
f 5526 5538 5539
f 5526 5539 5527
f 5527 5539 5540
f 5527 5540 5528
f 5528 5540 5541
f 5528 5541 5529
f 5529 5541 5542
f 5529 5542 5530
f 5530 5542 5543
f 5530 5543 5531
f 5531 5543 5544
f 5531 5544 5532
f 5532 5544 5545
f 5532 5545 5533
f 5533 5545 5546
f 5533 5546 5534
f 5534 5546 5547
f 5534 5547 5535
f 5535 5547 5548
f 5535 5548 5536
f 5536 5548 5537
f 5536 5537 5525
f 5725 5737 5738
f 5725 5738 5726
f 5726 5738 5739
f 5726 5739 5727
f 5727 5739 5740
f 5727 5740 5728
f 5728 5740 5741
f 5728 5741 5729
f 5729 5741 5742
f 5729 5742 5730
f 5730 5742 5743
f 5730 5743 5731
f 5731 5743 5744
f 5731 5744 5732
f 5732 5744 5745
f 5732 5745 5733
f 5733 5745 5746
f 5733 5746 5734
f 5734 5746 5747
f 5734 5747 5735
f 5735 5747 5748
f 5735 5748 5736
f 5736 5748 5737
f 5736 5737 5725
f 5737 5749 5750
f 5737 5750 5738
f 5738 5750 5751
f 5738 5751 5739
f 5739 5751 5752
f 5739 5752 5740
f 5740 5752 5753
f 5740 5753 5741
f 5741 5753 5754
f 5741 5754 5742
f 5742 5754 5755
f 5742 5755 5743
f 5743 5755 5756
f 5743 5756 5744
f 5744 5756 5757
f 5744 5757 5745
f 5745 5757 5758
f 5745 5758 5746
f 5746 5758 5759
f 5746 5759 5747
f 5747 5759 5760
f 5747 5760 5748
f 5748 5760 5749
f 5748 5749 5737
f 5749 5761 5762
f 5749 5762 5750
f 5750 5762 5763
f 5750 5763 5751
f 5751 5763 5764
f 5751 5764 5752
f 5752 5764 5765
f 5752 5765 5753
f 5753 5765 5766
f 5753 5766 5754
f 5754 5766 5767
f 5754 5767 5755
f 5755 5767 5768
f 5755 5768 5756
f 5756 5768 5769
f 5756 5769 5757
f 5757 5769 5770
f 5757 5770 5758
f 5758 5770 5771
f 5758 5771 5759
f 5759 5771 5772
f 5759 5772 5760
f 5760 5772 5761
f 5760 5761 5749
f 5761 5773 5774
f 5761 5774 5762
f 5762 5774 5775
f 5762 5775 5763
f 5763 5775 5776
f 5763 5776 5764
f 5764 5776 5777
f 5764 5777 5765
f 5765 5777 5778
f 5765 5778 5766
f 5766 5778 5779
f 5766 5779 5767
f 5767 5779 5780
f 5767 5780 5768
f 5768 5780 5781
f 5768 5781 5769
f 5769 5781 5782
f 5769 5782 5770
f 5770 5782 5783
f 5770 5783 5771
f 5771 5783 5784
f 5771 5784 5772
f 5772 5784 5773
f 5772 5773 5761
f 5773 5785 5786
f 5773 5786 5774
f 5774 5786 5787
f 5774 5787 5775
f 5775 5787 5788
f 5775 5788 5776
f 5776 5788 5789
f 5776 5789 5777
f 5777 5789 5790
f 5777 5790 5778
f 5778 5790 5791
f 5778 5791 5779
f 5779 5791 5792
f 5779 5792 5780
f 5780 5792 5793
f 5780 5793 5781
f 5781 5793 5794
f 5781 5794 5782
f 5782 5794 5795
f 5782 5795 5783
f 5783 5795 5796
f 5783 5796 5784
f 5784 5796 5785
f 5784 5785 5773
f 5785 5797 5798
f 5785 5798 5786
f 5786 5798 5799
f 5786 5799 5787
f 5787 5799 5800
f 5787 5800 5788
f 5788 5800 5801
f 5788 5801 5789
f 5789 5801 5802
f 5789 5802 5790
f 5790 5802 5803
f 5790 5803 5791
f 5791 5803 5804
f 5791 5804 5792
f 5792 5804 5805
f 5792 5805 5793
f 5793 5805 5806
f 5793 5806 5794
f 5794 5806 5807
f 5794 5807 5795
f 5795 5807 5808
f 5795 5808 5796
f 5796 5808 5797
f 5796 5797 5785
f 5797 5809 5810
f 5797 5810 5798
f 5798 5810 5811
f 5798 5811 5799
f 5799 5811 5812
f 5799 5812 5800
f 5800 5812 5813
f 5800 5813 5801
f 5801 5813 5814
f 5801 5814 5802
f 5802 5814 5815
f 5802 5815 5803
f 5803 5815 5816
f 5803 5816 5804
f 5804 5816 5817
f 5804 5817 5805
f 5805 5817 5818
f 5805 5818 5806
f 5806 5818 5819
f 5806 5819 5807
f 5807 5819 5820
f 5807 5820 5808
f 5808 5820 5809
f 5808 5809 5797
f 5809 5821 5822
f 5809 5822 5810
f 5810 5822 5823
f 5810 5823 5811
f 5811 5823 5824
f 5811 5824 5812
f 5812 5824 5825
f 5812 5825 5813
f 5813 5825 5826
f 5813 5826 5814
f 5814 5826 5827
f 5814 5827 5815
f 5815 5827 5828
f 5815 5828 5816
f 5816 5828 5829
f 5816 5829 5817
f 5817 5829 5830
f 5817 5830 5818
f 5818 5830 5831
f 5818 5831 5819
f 5819 5831 5832
f 5819 5832 5820
f 5820 5832 5821
f 5820 5821 5809
f 5821 5833 5834
f 5821 5834 5822
f 5822 5834 5835
f 5822 5835 5823
f 5823 5835 5836
f 5823 5836 5824
f 5824 5836 5837
f 5824 5837 5825
f 5825 5837 5838
f 5825 5838 5826
f 5826 5838 5839
f 5826 5839 5827
f 5827 5839 5840
f 5827 5840 5828
f 5828 5840 5841
f 5828 5841 5829
f 5829 5841 5842
f 5829 5842 5830
f 5830 5842 5843
f 5830 5843 5831
f 5831 5843 5844
f 5831 5844 5832
f 5832 5844 5833
f 5832 5833 5821
f 5833 5845 5846
f 5833 5846 5834
f 5834 5846 5847
f 5834 5847 5835
f 5835 5847 5848
f 5835 5848 5836
f 5836 5848 5849
f 5836 5849 5837
f 5837 5849 5850
f 5837 5850 5838
f 5838 5850 5851
f 5838 5851 5839
f 5839 5851 5852
f 5839 5852 5840
f 5840 5852 5853
f 5840 5853 5841
f 5841 5853 5854
f 5841 5854 5842
f 5842 5854 5855
f 5842 5855 5843
f 5843 5855 5856
f 5843 5856 5844
f 5844 5856 5845
f 5844 5845 5833
usemtl glass
f 5549 5557 5558
f 5549 5558 5550
f 5550 5558 5559
f 5550 5559 5551
f 5551 5559 5560
f 5551 5560 5552
f 5552 5560 5561
f 5552 5561 5553
f 5553 5561 5562
f 5553 5562 5554
f 5554 5562 5563
f 5554 5563 5555
f 5555 5563 5564
f 5555 5564 5556
f 5556 5564 5557
f 5556 5557 5549
f 5557 5565 5566
f 5557 5566 5558
f 5558 5566 5567
f 5558 5567 5559
f 5559 5567 5568
f 5559 5568 5560
f 5560 5568 5569
f 5560 5569 5561
f 5561 5569 5570
f 5561 5570 5562
f 5562 5570 5571
f 5562 5571 5563
f 5563 5571 5572
f 5563 5572 5564
f 5564 5572 5565
f 5564 5565 5557
f 5565 5573 5574
f 5565 5574 5566
f 5566 5574 5575
f 5566 5575 5567
f 5567 5575 5576
f 5567 5576 5568
f 5568 5576 5577
f 5568 5577 5569
f 5569 5577 5578
f 5569 5578 5570
f 5570 5578 5579
f 5570 5579 5571
f 5571 5579 5580
f 5571 5580 5572
f 5572 5580 5573
f 5572 5573 5565
f 5573 5581 5582
f 5573 5582 5574
f 5574 5582 5583
f 5574 5583 5575
f 5575 5583 5584
f 5575 5584 5576
f 5576 5584 5585
f 5576 5585 5577
f 5577 5585 5586
f 5577 5586 5578
f 5578 5586 5587
f 5578 5587 5579
f 5579 5587 5588
f 5579 5588 5580
f 5580 5588 5581
f 5580 5581 5573
f 5581 5589 5590
f 5581 5590 5582
f 5582 5590 5591
f 5582 5591 5583
f 5583 5591 5592
f 5583 5592 5584
f 5584 5592 5593
f 5584 5593 5585
f 5585 5593 5594
f 5585 5594 5586
f 5586 5594 5595
f 5586 5595 5587
f 5587 5595 5596
f 5587 5596 5588
f 5588 5596 5589
f 5588 5589 5581
f 5589 5597 5598
f 5589 5598 5590
f 5590 5598 5599
f 5590 5599 5591
f 5591 5599 5600
f 5591 5600 5592
f 5592 5600 5601
f 5592 5601 5593
f 5593 5601 5602
f 5593 5602 5594
f 5594 5602 5603
f 5594 5603 5595
f 5595 5603 5604
f 5595 5604 5596
f 5596 5604 5597
f 5596 5597 5589
f 5597 5605 5606
f 5597 5606 5598
f 5598 5606 5607
f 5598 5607 5599
f 5599 5607 5608
f 5599 5608 5600
f 5600 5608 5609
f 5600 5609 5601
f 5601 5609 5610
f 5601 5610 5602
f 5602 5610 5611
f 5602 5611 5603
f 5603 5611 5612
f 5603 5612 5604
f 5604 5612 5605
f 5604 5605 5597
f 5605 5613 5614
f 5605 5614 5606
f 5606 5614 5615
f 5606 5615 5607
f 5607 5615 5616
f 5607 5616 5608
f 5608 5616 5617
f 5608 5617 5609
f 5609 5617 5618
f 5609 5618 5610
f 5610 5618 5619
f 5610 5619 5611
f 5611 5619 5620
f 5611 5620 5612
f 5612 5620 5613
f 5612 5613 5605
f 5613 5621 5622
f 5613 5622 5614
f 5614 5622 5623
f 5614 5623 5615
f 5615 5623 5624
f 5615 5624 5616
f 5616 5624 5625
f 5616 5625 5617
f 5617 5625 5626
f 5617 5626 5618
f 5618 5626 5627
f 5618 5627 5619
f 5619 5627 5628
f 5619 5628 5620
f 5620 5628 5621
f 5620 5621 5613
f 5621 5629 5630
f 5621 5630 5622
f 5622 5630 5631
f 5622 5631 5623
f 5623 5631 5632
f 5623 5632 5624
f 5624 5632 5633
f 5624 5633 5625
f 5625 5633 5634
f 5625 5634 5626
f 5626 5634 5635
f 5626 5635 5627
f 5627 5635 5636
f 5627 5636 5628
f 5628 5636 5629
f 5628 5629 5621
f 5629 5637 5638
f 5629 5638 5630
f 5630 5638 5639
f 5630 5639 5631
f 5631 5639 5640
f 5631 5640 5632
f 5632 5640 5641
f 5632 5641 5633
f 5633 5641 5642
f 5633 5642 5634
f 5634 5642 5643
f 5634 5643 5635
f 5635 5643 5644
f 5635 5644 5636
f 5636 5644 5637
f 5636 5637 5629
f 5637 5645 5646
f 5637 5646 5638
f 5638 5646 5647
f 5638 5647 5639
f 5639 5647 5648
f 5639 5648 5640
f 5640 5648 5649
f 5640 5649 5641
f 5641 5649 5650
f 5641 5650 5642
f 5642 5650 5651
f 5642 5651 5643
f 5643 5651 5652
f 5643 5652 5644
f 5644 5652 5645
f 5644 5645 5637
f 5645 5653 5654
f 5645 5654 5646
f 5646 5654 5655
f 5646 5655 5647
f 5647 5655 5656
f 5647 5656 5648
f 5648 5656 5657
f 5648 5657 5649
f 5649 5657 5658
f 5649 5658 5650
f 5650 5658 5659
f 5650 5659 5651
f 5651 5659 5660
f 5651 5660 5652
f 5652 5660 5653
f 5652 5653 5645
f 5653 5661 5662
f 5653 5662 5654
f 5654 5662 5663
f 5654 5663 5655
f 5655 5663 5664
f 5655 5664 5656
f 5656 5664 5665
f 5656 5665 5657
f 5657 5665 5666
f 5657 5666 5658
f 5658 5666 5667
f 5658 5667 5659
f 5659 5667 5668
f 5659 5668 5660
f 5660 5668 5661
f 5660 5661 5653
f 5661 5669 5670
f 5661 5670 5662
f 5662 5670 5671
f 5662 5671 5663
f 5663 5671 5672
f 5663 5672 5664
f 5664 5672 5673
f 5664 5673 5665
f 5665 5673 5674
f 5665 5674 5666
f 5666 5674 5675
f 5666 5675 5667
f 5667 5675 5676
f 5667 5676 5668
f 5668 5676 5669
f 5668 5669 5661
f 5669 5677 5678
f 5669 5678 5670
f 5670 5678 5679
f 5670 5679 5671
f 5671 5679 5680
f 5671 5680 5672
f 5672 5680 5681
f 5672 5681 5673
f 5673 5681 5682
f 5673 5682 5674
f 5674 5682 5683
f 5674 5683 5675
f 5675 5683 5684
f 5675 5684 5676
f 5676 5684 5677
f 5676 5677 5669
f 5677 5685 5686
f 5677 5686 5678
f 5678 5686 5687
f 5678 5687 5679
f 5679 5687 5688
f 5679 5688 5680
f 5680 5688 5689
f 5680 5689 5681
f 5681 5689 5690
f 5681 5690 5682
f 5682 5690 5691
f 5682 5691 5683
f 5683 5691 5692
f 5683 5692 5684
f 5684 5692 5685
f 5684 5685 5677
f 5685 5693 5694
f 5685 5694 5686
f 5686 5694 5695
f 5686 5695 5687
f 5687 5695 5696
f 5687 5696 5688
f 5688 5696 5697
f 5688 5697 5689
f 5689 5697 5698
f 5689 5698 5690
f 5690 5698 5699
f 5690 5699 5691
f 5691 5699 5700
f 5691 5700 5692
f 5692 5700 5693
f 5692 5693 5685
f 5693 5701 5702
f 5693 5702 5694
f 5694 5702 5703
f 5694 5703 5695
f 5695 5703 5704
f 5695 5704 5696
f 5696 5704 5705
f 5696 5705 5697
f 5697 5705 5706
f 5697 5706 5698
f 5698 5706 5707
f 5698 5707 5699
f 5699 5707 5708
f 5699 5708 5700
f 5700 5708 5701
f 5700 5701 5693
f 5701 5709 5710
f 5701 5710 5702
f 5702 5710 5711
f 5702 5711 5703
f 5703 5711 5712
f 5703 5712 5704
f 5704 5712 5713
f 5704 5713 5705
f 5705 5713 5714
f 5705 5714 5706
f 5706 5714 5715
f 5706 5715 5707
f 5707 5715 5716
f 5707 5716 5708
f 5708 5716 5709
f 5708 5709 5701
f 5709 5717 5718
f 5709 5718 5710
f 5710 5718 5719
f 5710 5719 5711
f 5711 5719 5720
f 5711 5720 5712
f 5712 5720 5721
f 5712 5721 5713
f 5713 5721 5722
f 5713 5722 5714
f 5714 5722 5723
f 5714 5723 5715
f 5715 5723 5724
f 5715 5724 5716
f 5716 5724 5717
f 5716 5717 5709
f 5717 5549 5550
f 5717 5550 5718
f 5718 5550 5551
f 5718 5551 5719
f 5719 5551 5552
f 5719 5552 5720
f 5720 5552 5553
f 5720 5553 5721
f 5721 5553 5554
f 5721 5554 5722
f 5722 5554 5555
f 5722 5555 5723
f 5723 5555 5556
f 5723 5556 5724
f 5724 5556 5549
f 5724 5549 5717
f 5857 5865 5866
f 5857 5866 5858
f 5858 5866 5867
f 5858 5867 5859
f 5859 5867 5868
f 5859 5868 5860
f 5860 5868 5869
f 5860 5869 5861
f 5861 5869 5870
f 5861 5870 5862
f 5862 5870 5871
f 5862 5871 5863
f 5863 5871 5872
f 5863 5872 5864
f 5864 5872 5865
f 5864 5865 5857
f 5865 5873 5874
f 5865 5874 5866
f 5866 5874 5875
f 5866 5875 5867
f 5867 5875 5876
f 5867 5876 5868
f 5868 5876 5877
f 5868 5877 5869
f 5869 5877 5878
f 5869 5878 5870
f 5870 5878 5879
f 5870 5879 5871
f 5871 5879 5880
f 5871 5880 5872
f 5872 5880 5873
f 5872 5873 5865
f 5873 5881 5882
f 5873 5882 5874
f 5874 5882 5883
f 5874 5883 5875
f 5875 5883 5884
f 5875 5884 5876
f 5876 5884 5885
f 5876 5885 5877
f 5877 5885 5886
f 5877 5886 5878
f 5878 5886 5887
f 5878 5887 5879
f 5879 5887 5888
f 5879 5888 5880
f 5880 5888 5881
f 5880 5881 5873
f 5881 5889 5890
f 5881 5890 5882
f 5882 5890 5891
f 5882 5891 5883
f 5883 5891 5892
f 5883 5892 5884
f 5884 5892 5893
f 5884 5893 5885
f 5885 5893 5894
f 5885 5894 5886
f 5886 5894 5895
f 5886 5895 5887
f 5887 5895 5896
f 5887 5896 5888
f 5888 5896 5889
f 5888 5889 5881
f 5889 5897 5898
f 5889 5898 5890
f 5890 5898 5899
f 5890 5899 5891
f 5891 5899 5900
f 5891 5900 5892
f 5892 5900 5901
f 5892 5901 5893
f 5893 5901 5902
f 5893 5902 5894
f 5894 5902 5903
f 5894 5903 5895
f 5895 5903 5904
f 5895 5904 5896
f 5896 5904 5897
f 5896 5897 5889
f 5897 5905 5906
f 5897 5906 5898
f 5898 5906 5907
f 5898 5907 5899
f 5899 5907 5908
f 5899 5908 5900
f 5900 5908 5909
f 5900 5909 5901
f 5901 5909 5910
f 5901 5910 5902
f 5902 5910 5911
f 5902 5911 5903
f 5903 5911 5912
f 5903 5912 5904
f 5904 5912 5905
f 5904 5905 5897
f 5905 5913 5914
f 5905 5914 5906
f 5906 5914 5915
f 5906 5915 5907
f 5907 5915 5916
f 5907 5916 5908
f 5908 5916 5917
f 5908 5917 5909
f 5909 5917 5918
f 5909 5918 5910
f 5910 5918 5919
f 5910 5919 5911
f 5911 5919 5920
f 5911 5920 5912
f 5912 5920 5913
f 5912 5913 5905
f 5913 5921 5922
f 5913 5922 5914
f 5914 5922 5923
f 5914 5923 5915
f 5915 5923 5924
f 5915 5924 5916
f 5916 5924 5925
f 5916 5925 5917
f 5917 5925 5926
f 5917 5926 5918
f 5918 5926 5927
f 5918 5927 5919
f 5919 5927 5928
f 5919 5928 5920
f 5920 5928 5921
f 5920 5921 5913
f 5921 5929 5930
f 5921 5930 5922
f 5922 5930 5931
f 5922 5931 5923
f 5923 5931 5932
f 5923 5932 5924
f 5924 5932 5933
f 5924 5933 5925
f 5925 5933 5934
f 5925 5934 5926
f 5926 5934 5935
f 5926 5935 5927
f 5927 5935 5936
f 5927 5936 5928
f 5928 5936 5929
f 5928 5929 5921
f 5929 5937 5938
f 5929 5938 5930
f 5930 5938 5939
f 5930 5939 5931
f 5931 5939 5940
f 5931 5940 5932
f 5932 5940 5941
f 5932 5941 5933
f 5933 5941 5942
f 5933 5942 5934
f 5934 5942 5943
f 5934 5943 5935
f 5935 5943 5944
f 5935 5944 5936
f 5936 5944 5937
f 5936 5937 5929
f 5937 5945 5946
f 5937 5946 5938
f 5938 5946 5947
f 5938 5947 5939
f 5939 5947 5948
f 5939 5948 5940
f 5940 5948 5949
f 5940 5949 5941
f 5941 5949 5950
f 5941 5950 5942
f 5942 5950 5951
f 5942 5951 5943
f 5943 5951 5952
f 5943 5952 5944
f 5944 5952 5945
f 5944 5945 5937
f 5945 5953 5954
f 5945 5954 5946
f 5946 5954 5955
f 5946 5955 5947
f 5947 5955 5956
f 5947 5956 5948
f 5948 5956 5957
f 5948 5957 5949
f 5949 5957 5958
f 5949 5958 5950
f 5950 5958 5959
f 5950 5959 5951
f 5951 5959 5960
f 5951 5960 5952
f 5952 5960 5953
f 5952 5953 5945
f 5953 5961 5962
f 5953 5962 5954
f 5954 5962 5963
f 5954 5963 5955
f 5955 5963 5964
f 5955 5964 5956
f 5956 5964 5965
f 5956 5965 5957
f 5957 5965 5966
f 5957 5966 5958
f 5958 5966 5967
f 5958 5967 5959
f 5959 5967 5968
f 5959 5968 5960
f 5960 5968 5961
f 5960 5961 5953
f 5961 5969 5970
f 5961 5970 5962
f 5962 5970 5971
f 5962 5971 5963
f 5963 5971 5972
f 5963 5972 5964
f 5964 5972 5973
f 5964 5973 5965
f 5965 5973 5974
f 5965 5974 5966
f 5966 5974 5975
f 5966 5975 5967
f 5967 5975 5976
f 5967 5976 5968
f 5968 5976 5969
f 5968 5969 5961
f 5969 5977 5978
f 5969 5978 5970
f 5970 5978 5979
f 5970 5979 5971
f 5971 5979 5980
f 5971 5980 5972
f 5972 5980 5981
f 5972 5981 5973
f 5973 5981 5982
f 5973 5982 5974
f 5974 5982 5983
f 5974 5983 5975
f 5975 5983 5984
f 5975 5984 5976
f 5976 5984 5977
f 5976 5977 5969
f 5977 5985 5986
f 5977 5986 5978
f 5978 5986 5987
f 5978 5987 5979
f 5979 5987 5988
f 5979 5988 5980
f 5980 5988 5989
f 5980 5989 5981
f 5981 5989 5990
f 5981 5990 5982
f 5982 5990 5991
f 5982 5991 5983
f 5983 5991 5992
f 5983 5992 5984
f 5984 5992 5985
f 5984 5985 5977
f 5985 5993 5994
f 5985 5994 5986
f 5986 5994 5995
f 5986 5995 5987
f 5987 5995 5996
f 5987 5996 5988
f 5988 5996 5997
f 5988 5997 5989
f 5989 5997 5998
f 5989 5998 5990
f 5990 5998 5999
f 5990 5999 5991
f 5991 5999 6000
f 5991 6000 5992
f 5992 6000 5993
f 5992 5993 5985
f 5993 6001 6002
f 5993 6002 5994
f 5994 6002 6003
f 5994 6003 5995
f 5995 6003 6004
f 5995 6004 5996
f 5996 6004 6005
f 5996 6005 5997
f 5997 6005 6006
f 5997 6006 5998
f 5998 6006 6007
f 5998 6007 5999
f 5999 6007 6008
f 5999 6008 6000
f 6000 6008 6001
f 6000 6001 5993
f 6001 6009 6010
f 6001 6010 6002
f 6002 6010 6011
f 6002 6011 6003
f 6003 6011 6012
f 6003 6012 6004
f 6004 6012 6013
f 6004 6013 6005
f 6005 6013 6014
f 6005 6014 6006
f 6006 6014 6015
f 6006 6015 6007
f 6007 6015 6016
f 6007 6016 6008
f 6008 6016 6009
f 6008 6009 6001
f 6009 6017 6018
f 6009 6018 6010
f 6010 6018 6019
f 6010 6019 6011
f 6011 6019 6020
f 6011 6020 6012
f 6012 6020 6021
f 6012 6021 6013
f 6013 6021 6022
f 6013 6022 6014
f 6014 6022 6023
f 6014 6023 6015
f 6015 6023 6024
f 6015 6024 6016
f 6016 6024 6017
f 6016 6017 6009
f 6017 6025 6026
f 6017 6026 6018
f 6018 6026 6027
f 6018 6027 6019
f 6019 6027 6028
f 6019 6028 6020
f 6020 6028 6029
f 6020 6029 6021
f 6021 6029 6030
f 6021 6030 6022
f 6022 6030 6031
f 6022 6031 6023
f 6023 6031 6032
f 6023 6032 6024
f 6024 6032 6025
f 6024 6025 6017
f 6025 5857 5858
f 6025 5858 6026
f 6026 5858 5859
f 6026 5859 6027
f 6027 5859 5860
f 6027 5860 6028
f 6028 5860 5861
f 6028 5861 6029
f 6029 5861 5862
f 6029 5862 6030
f 6030 5862 5863
f 6030 5863 6031
f 6031 5863 5864
f 6031 5864 6032
f 6032 5864 5857
f 6032 5857 6025
f 6033 6039 6040
f 6033 6040 6034
f 6034 6040 6041
f 6034 6041 6035
f 6035 6041 6042
f 6035 6042 6036
f 6036 6042 6043
f 6036 6043 6037
f 6037 6043 6044
f 6037 6044 6038
f 6038 6044 6039
f 6038 6039 6033
f 6045 6034 6033
f 6045 6035 6034
f 6045 6036 6035
f 6045 6037 6036
f 6045 6038 6037
f 6045 6033 6038
f 6046 6039 6040
f 6046 6040 6041
f 6046 6041 6042
f 6046 6042 6043
f 6046 6043 6044
f 6046 6044 6039
f 6047 6053 6054
f 6047 6054 6048
f 6048 6054 6055
f 6048 6055 6049
f 6049 6055 6056
f 6049 6056 6050
f 6050 6056 6057
f 6050 6057 6051
f 6051 6057 6058
f 6051 6058 6052
f 6052 6058 6053
f 6052 6053 6047
f 6059 6048 6047
f 6059 6049 6048
f 6059 6050 6049
f 6059 6051 6050
f 6059 6052 6051
f 6059 6047 6052
f 6060 6053 6054
f 6060 6054 6055
f 6060 6055 6056
f 6060 6056 6057
f 6060 6057 6058
f 6060 6058 6053
f 6061 6067 6068
f 6061 6068 6062
f 6062 6068 6069
f 6062 6069 6063
f 6063 6069 6070
f 6063 6070 6064
f 6064 6070 6071
f 6064 6071 6065
f 6065 6071 6072
f 6065 6072 6066
f 6066 6072 6067
f 6066 6067 6061
f 6073 6062 6061
f 6073 6063 6062
f 6073 6064 6063
f 6073 6065 6064
f 6073 6066 6065
f 6073 6061 6066
f 6074 6067 6068
f 6074 6068 6069
f 6074 6069 6070
f 6074 6070 6071
f 6074 6071 6072
f 6074 6072 6067
